﻿no_per,dsr_per,thisN,thisTrialN,thisRepN,slider.response,slider.rt,no_exp,dsr_exp,slider_2.response,imagefile,type,subtype,study_word,test_word,old_new,slider_3.response,slider_3.rt,lsas_no,lsas_situation,slider_4.response,slider_5.response,trials.thisRepN,trials.thisTrialN,trials.thisN,trials.thisIndex,trials_2.thisRepN,trials_2.thisTrialN,trials_2.thisN,trials_2.thisIndex,trials_3.thisRepN,trials_3.thisTrialN,trials_3.thisN,trials_3.thisIndex,trials_4.thisRepN,trials_4.thisTrialN,trials_4.thisN,trials_4.thisIndex,trials_5.thisRepN,trials_5.thisTrialN,trials_5.thisN,trials_5.thisIndex,thisRow.t,notes,consent.started,consent.stopped,button.numClicks,button.timesOn,button.timesOff,dsr_personal.started,text.started,question.started,slider.started,dsr_personal.stopped,trials.slider.response,trials.slider.rt,dsr_experience.started,dsr_experience.stopped,trials_2.slider_2.response,instr.started,instr.stopped,key_resp.keys,key_resp.rt,key_resp.duration,encoding.started,fixation.started,study_image.started,studyword.started,fixation.stopped,study_image.stopped,studyword.stopped,encoding.stopped,test_instruction.started,key_resp_2.started,test_instruction.stopped,key_resp_2.keys,key_resp_2.rt,key_resp_2.duration,testing.started,t_word.started,slider_3.started,testing.stopped,trials_4.slider_3.response,trials_4.slider_3.rt,end.started,end.stopped,button_2.numClicks,button_2.timesOn,button_2.timesOff,brk.started,brk.stopped,key_resp_3.keys,key_resp_3.rt,key_resp_3.duration,lsas_instr.started,lsas_instr.stopped,key_resp_4.keys,key_resp_4.rt,key_resp_4.duration,lsas.started,text_2.started,text_3.started,lsas.stopped,trials_5.slider_4.response,trials_5.slider_5.response,participant,session,sex,age,date,expName,psychopyVersion,frameRate,expStart,
,,,,,,,,,,,,,,,,,,,,,,,,,,,,,,,,,,,,,,,,,,,,0.007748499978333712,8.71206930000335,1,[8.696266299986746],[8.696272999979556],,,,,,,,,,,,,,,,,,,,,,,,,,,,,,,,,,,,,,,,,,,,,,,,,,,,,,,,,01,001,,,2024-11-18_18h12.11.557,solo project,2024.2.1post4,59.574199377790045,2024-11-18 18h12.26.659558 +0530,
1,"I might be willing to try eating monkey meat, under some circumstances.",0,0,0,0.0,9.932166899961885,,,,,,,,,,,,,,,,0,0,0,0,,,,,,,,,,,,,,,,,8.754916800011415,,,,,,,8.734814800031018,8.754916800011415,8.754916800011415,8.754916800011415,18.681510200025514,0.0,9.932166899961885,,,,,,,,,,,,,,,,,,,,,,,,,,,,,,,,,,,,,,,,,,,,,,,,,,01,001,,,2024-11-18_18h12.11.557,solo project,2024.2.1post4,59.574199377790045,2024-11-18 18h12.26.659558 +0530,
2,It would bother me to be in a science class and to see a human preserved in a jar.,1,1,0,1.0,7.5949554000399075,,,,,,,,,,,,,,,,0,1,1,1,,,,,,,,,,,,,,,,,18.696964900009334,,,,,,,18.6870303999749,18.696964900009334,18.696964900009334,18.696964900009334,26.297967299993616,1.0,7.5949554000399075,,,,,,,,,,,,,,,,,,,,,,,,,,,,,,,,,,,,,,,,,,,,,,,,,,01,001,,,2024-11-18_18h12.11.557,solo project,2024.2.1post4,59.574199377790045,2024-11-18 18h12.26.659558 +0530,
3,It bothers me to hear someone clear a throat full of mucous.,2,2,0,3.0,11.313250300008804,,,,,,,,,,,,,,,,0,2,2,2,,,,,,,,,,,,,,,,,26.31339670001762,,,,,,,26.302099300024565,26.31339670001762,26.31339670001762,26.31339670001762,37.63141710002674,3.0,11.313250300008804,,,,,,,,,,,,,,,,,,,,,,,,,,,,,,,,,,,,,,,,,,,,,,,,,,01,001,,,2024-11-18_18h12.11.557,solo project,2024.2.1post4,59.574199377790045,2024-11-18 18h12.26.659558 +0530,
4,I never let any part of my body touch the toilet seat in public restrooms.,3,3,0,4.0,7.113439900043886,,,,,,,,,,,,,,,,0,3,3,3,,,,,,,,,,,,,,,,,37.64645790000213,,,,,,,37.63502340001287,37.64645790000213,37.64645790000213,37.64645790000213,44.76427580002928,4.0,7.113439900043886,,,,,,,,,,,,,,,,,,,,,,,,,,,,,,,,,,,,,,,,,,,,,,,,,,01,001,,,2024-11-18_18h12.11.557,solo project,2024.2.1post4,59.574199377790045,2024-11-18 18h12.26.659558 +0530,
5,I would go out of my way to avoid walking through a graveyard.,4,4,0,4.0,6.147542899998371,,,,,,,,,,,,,,,,0,4,4,4,,,,,,,,,,,,,,,,,44.77975210000295,,,,,,,44.76779070001794,44.77975210000295,44.77975210000295,44.77975210000295,50.93077550001908,4.0,6.147542899998371,,,,,,,,,,,,,,,,,,,,,,,,,,,,,,,,,,,,,,,,,,,,,,,,,,01,001,,,2024-11-18_18h12.11.557,solo project,2024.2.1post4,59.574199377790045,2024-11-18 18h12.26.659558 +0530,
6,Seeing a cockroach in someone else's house doesn't bother me.,5,5,0,3.0,6.211621300026309,,,,,,,,,,,,,,,,0,5,5,5,,,,,,,,,,,,,,,,,50.94750790001126,,,,,,,50.93639779998921,50.94750790001126,50.94750790001126,50.94750790001126,57.16432879999047,3.0,6.211621300026309,,,,,,,,,,,,,,,,,,,,,,,,,,,,,,,,,,,,,,,,,,,,,,,,,,01,001,,,2024-11-18_18h12.11.557,solo project,2024.2.1post4,59.574199377790045,2024-11-18 18h12.26.659558 +0530,
7,It would bother me tremendously to touch a dead body.,6,6,0,4.0,6.414281200035475,,,,,,,,,,,,,,,,0,6,6,6,,,,,,,,,,,,,,,,,57.179713500023354,,,,,,,57.167351600015536,57.179713500023354,57.179713500023354,57.179713500023354,63.59761960001197,4.0,6.414281200035475,,,,,,,,,,,,,,,,,,,,,,,,,,,,,,,,,,,,,,,,,,,,,,,,,,01,001,,,2024-11-18_18h12.11.557,solo project,2024.2.1post4,59.574199377790045,2024-11-18 18h12.26.659558 +0530,
8,"If I see someone vomit, it makes me sick to my stomach.",7,7,0,2.0,4.814250600000378,,,,,,,,,,,,,,,,0,7,7,7,,,,,,,,,,,,,,,,,63.612950499984436,,,,,,,63.600569600006565,63.612950499984436,63.612950499984436,63.612950499984436,68.43085180001799,2.0,4.814250600000378,,,,,,,,,,,,,,,,,,,,,,,,,,,,,,,,,,,,,,,,,,,,,,,,,,01,001,,,2024-11-18_18h12.11.557,solo project,2024.2.1post4,59.574199377790045,2024-11-18 18h12.26.659558 +0530,
9,I probably would not go to my favorite restaurant if I found out that the cook had a cold.,8,8,0,2.0,8.397108100005426,,,,,,,,,,,,,,,,0,8,8,8,,,,,,,,,,,,,,,,,68.4460020000115,,,,,,,68.43471020000288,68.4460020000115,68.4460020000115,68.4460020000115,76.84711209998932,2.0,8.397108100005426,,,,,,,,,,,,,,,,,,,,,,,,,,,,,,,,,,,,,,,,,,,,,,,,,,01,001,,,2024-11-18_18h12.11.557,solo project,2024.2.1post4,59.574199377790045,2024-11-18 18h12.26.659558 +0530,
10,It would not upset me at all to watch a person with a glass eye take the eye out of the socket.,9,9,0,4.0,12.496328900044318,,,,,,,,,,,,,,,,0,9,9,9,,,,,,,,,,,,,,,,,76.86257070000283,,,,,,,76.85143229999812,76.86257070000283,76.86257070000283,76.86257070000283,89.36382159998175,4.0,12.496328900044318,,,,,,,,,,,,,,,,,,,,,,,,,,,,,,,,,,,,,,,,,,,,,,,,,,01,001,,,2024-11-18_18h12.11.557,solo project,2024.2.1post4,59.574199377790045,2024-11-18 18h12.26.659558 +0530,
11,It would bother me to see a rat run across my path in a park.,10,10,0,0.0,4.464372499962337,,,,,,,,,,,,,,,,0,10,10,10,,,,,,,,,,,,,,,,,89.37933710002108,,,,,,,89.36686509998981,89.37933710002108,89.37933710002108,89.37933710002108,93.84836340002948,0.0,4.464372499962337,,,,,,,,,,,,,,,,,,,,,,,,,,,,,,,,,,,,,,,,,,,,,,,,,,01,001,,,2024-11-18_18h12.11.557,solo project,2024.2.1post4,59.574199377790045,2024-11-18 18h12.26.659558 +0530,
12,I would rather eat a piece of fruit than a piece of paper.,11,11,0,4.0,6.512217499956023,,,,,,,,,,,,,,,,0,11,11,11,,,,,,,,,,,,,,,,,93.86214420001488,,,,,,,93.85160890000407,93.86214420001488,93.86214420001488,93.86214420001488,100.38040080002975,4.0,6.512217499956023,,,,,,,,,,,,,,,,,,,,,,,,,,,,,,,,,,,,,,,,,,,,,,,,,,01,001,,,2024-11-18_18h12.11.557,solo project,2024.2.1post4,59.574199377790045,2024-11-18 18h12.26.659558 +0530,
13,"Even if I was hungry, I would not drink a bowl of my favorite soup if It had been stirred by a used but thoroughly washed flyswatter.",12,12,0,3.0,36.143961300025694,,,,,,,,,,,,,,,,0,12,12,12,,,,,,,,,,,,,,,,,100.39726360002533,,,,,,,100.38629529997706,100.39726360002533,100.39726360002533,100.39726360002533,136.5461586000165,3.0,36.143961300025694,,,,,,,,,,,,,,,,,,,,,,,,,,,,,,,,,,,,,,,,,,,,,,,,,,01,001,,,2024-11-18_18h12.11.557,solo project,2024.2.1post4,59.574199377790045,2024-11-18 18h12.26.659558 +0530,
14,It would bother me to sleep in a nice hotel room if I knew that a man had died of a heart attack in that room the night before.,13,13,0,4.0,8.41278070001863,,,,,,,,,,,,,,,,0,13,13,13,,,,,,,,,,,,,,,,,136.56204320001416,,,,,,,136.55119899997953,136.56204320001416,136.56204320001416,136.56204320001416,144.97953730000881,4.0,8.41278070001863,,,,,,,,,,,,,,,,,,,,,,,,,,,,,,,,,,,,,,,,,,,,,,,,,,01,001,,,2024-11-18_18h12.11.557,solo project,2024.2.1post4,59.574199377790045,2024-11-18 18h12.26.659558 +0530,
,,0,0,0,,,15,You see maggots on a piece of meat in an outdoor or garbage pail.,4.0,,,,,,,,,,,,,,,,,0,0,0,0,,,,,,,,,,,,,145.0016185999848,,,,,,,,,,,,,,144.98881650000112,149.6463730999967,4.0,,,,,,,,,,,,,,,,,,,,,,,,,,,,,,,,,,,,,,,,,,,,,,,01,001,,,2024-11-18_18h12.11.557,solo project,2024.2.1post4,59.574199377790045,2024-11-18 18h12.26.659558 +0530,
,,1,1,0,,,16,You see person eating apple with a knife and fork.,0.0,,,,,,,,,,,,,,,,,0,1,1,1,,,,,,,,,,,,,149.6622768000234,,,,,,,,,,,,,,149.64940130000468,161.06255630002124,0.0,,,,,,,,,,,,,,,,,,,,,,,,,,,,,,,,,,,,,,,,,,,,,,,01,001,,,2024-11-18_18h12.11.557,solo project,2024.2.1post4,59.574199377790045,2024-11-18 18h12.26.659558 +0530,
,,2,2,0,,,17,"While you are walking through a tunner under a railroad track, you smell urine.",2.0,,,,,,,,,,,,,,,,,0,2,2,2,,,,,,,,,,,,,161.07802389998687,,,,,,,,,,,,,,161.06746190000558,170.34647069999482,2.0,,,,,,,,,,,,,,,,,,,,,,,,,,,,,,,,,,,,,,,,,,,,,,,01,001,,,2024-11-18_18h12.11.557,solo project,2024.2.1post4,59.574199377790045,2024-11-18 18h12.26.659558 +0530,
,,3,3,0,,,18,"You take a sip of soda, an then realize that you drank from the glass that an acquaintance of yours had been drinking from.",1.0,,,,,,,,,,,,,,,,,0,3,3,3,,,,,,,,,,,,,170.36394299997482,,,,,,,,,,,,,,170.35356130002765,180.9959297000314,1.0,,,,,,,,,,,,,,,,,,,,,,,,,,,,,,,,,,,,,,,,,,,,,,,01,001,,,2024-11-18_18h12.11.557,solo project,2024.2.1post4,59.574199377790045,2024-11-18 18h12.26.659558 +0530,
,,4,4,0,,,19,"Your friend's pet cat dies, and you have to pick up the dead body with your bare hands.",3.0,,,,,,,,,,,,,,,,,0,4,4,4,,,,,,,,,,,,,181.01127750001615,,,,,,,,,,,,,,181.00003639998613,188.86267499998212,3.0,,,,,,,,,,,,,,,,,,,,,,,,,,,,,,,,,,,,,,,,,,,,,,,01,001,,,2024-11-18_18h12.11.557,solo project,2024.2.1post4,59.574199377790045,2024-11-18 18h12.26.659558 +0530,
,,5,5,0,,,20,You see someone put ketchup on vanilla ice cream and eat it.,0.0,,,,,,,,,,,,,,,,,0,5,5,5,,,,,,,,,,,,,188.87867920001736,,,,,,,,,,,,,,188.8659601000254,193.19569939997746,0.0,,,,,,,,,,,,,,,,,,,,,,,,,,,,,,,,,,,,,,,,,,,,,,,01,001,,,2024-11-18_18h12.11.557,solo project,2024.2.1post4,59.574199377790045,2024-11-18 18h12.26.659558 +0530,
,,6,6,0,,,21,You see a man with his intestines exposed after an accident.,4.0,,,,,,,,,,,,,,,,,0,6,6,6,,,,,,,,,,,,,193.21160119998967,,,,,,,,,,,,,,193.19969239999773,200.24542110000039,4.0,,,,,,,,,,,,,,,,,,,,,,,,,,,,,,,,,,,,,,,,,,,,,,,01,001,,,2024-11-18_18h12.11.557,solo project,2024.2.1post4,59.574199377790045,2024-11-18 18h12.26.659558 +0530,
,,7,7,0,,,22,You discover that a friend of yours changes underwear only once a week.,3.0,,,,,,,,,,,,,,,,,0,7,7,7,,,,,,,,,,,,,200.26144680002471,,,,,,,,,,,,,,200.24875979998615,206.64579159999266,3.0,,,,,,,,,,,,,,,,,,,,,,,,,,,,,,,,,,,,,,,,,,,,,,,01,001,,,2024-11-18_18h12.11.557,solo project,2024.2.1post4,59.574199377790045,2024-11-18 18h12.26.659558 +0530,
,,8,8,0,,,23,A friend offers you a piece of chocolate shaped like dog-doo.,0.0,,,,,,,,,,,,,,,,,0,8,8,8,,,,,,,,,,,,,206.66087349998998,,,,,,,,,,,,,,206.65074990002904,213.9782335999771,0.0,,,,,,,,,,,,,,,,,,,,,,,,,,,,,,,,,,,,,,,,,,,,,,,01,001,,,2024-11-18_18h12.11.557,solo project,2024.2.1post4,59.574199377790045,2024-11-18 18h12.26.659558 +0530,
,,9,9,0,,,24,You accidentally touch the ashes of a person who has been cremated.,3.0,,,,,,,,,,,,,,,,,0,9,9,9,,,,,,,,,,,,,213.99417540000286,,,,,,,,,,,,,,213.98222920001717,219.2960132000153,3.0,,,,,,,,,,,,,,,,,,,,,,,,,,,,,,,,,,,,,,,,,,,,,,,01,001,,,2024-11-18_18h12.11.557,solo project,2024.2.1post4,59.574199377790045,2024-11-18 18h12.26.659558 +0530,
,,10,10,0,,,25,You are about to drink a glass of milk when you smell that it is spoiled.,4.0,,,,,,,,,,,,,,,,,0,10,10,10,,,,,,,,,,,,,219.3108456999762,,,,,,,,,,,,,,219.29949260002468,227.97911130002467,4.0,,,,,,,,,,,,,,,,,,,,,,,,,,,,,,,,,,,,,,,,,,,,,,,01,001,,,2024-11-18_18h12.11.557,solo project,2024.2.1post4,59.574199377790045,2024-11-18 18h12.26.659558 +0530,
,,11,11,0,,,26,"As a part of a sex education class, you are required to inflate a new unlubricated condom using your mouth.",2.0,,,,,,,,,,,,,,,,,0,11,11,11,,,,,,,,,,,,,227.993924600014,,,,,,,,,,,,,,227.9835850999807,243.41197359998478,2.0,,,,,,,,,,,,,,,,,,,,,,,,,,,,,,,,,,,,,,,,,,,,,,,01,001,,,2024-11-18_18h12.11.557,solo project,2024.2.1post4,59.574199377790045,2024-11-18 18h12.26.659558 +0530,
,,12,12,0,,,27,"You are walking barefoot on concrete, and you step on an earthworm.",4.0,,,,,,,,,,,,,,,,,0,12,12,12,,,,,,,,,,,,,243.42718210001476,,,,,,,,,,,,,,243.41567830002168,251.46181960002286,4.0,,,,,,,,,,,,,,,,,,,,,,,,,,,,,,,,,,,,,,,,,,,,,,,01,001,,,2024-11-18_18h12.11.557,solo project,2024.2.1post4,59.574199377790045,2024-11-18 18h12.26.659558 +0530,
,,,,,,,,,,,,,,,,,,,,,,,,,,,,,,,,,,,,,,,,,,,,,,,,,,,,,,,,,,,251.46195780002745,263.60976349998964,space,12.05665520002367,None,,,,,,,,,,,,,,,,,,,,,,,,,,,,,,,,,,,,,,,,,,01,001,,,2024-11-18_18h12.11.557,solo project,2024.2.1post4,59.574199377790045,2024-11-18 18h12.26.659558 +0530,
,,0,0,0,,,,,,images/1202_death_lum.jpg,disgust,death,lantern,,,,,,,,,,,,,,,,,0,0,0,11,,,,,,,,,263.6547375000082,,,,,,,,,,,,,,,,,,,,,,263.647102500021,263.6547375000082,264.6147120000096,264.6147120000096,264.66535159997875,266.6321561000077,266.6321561000077,266.59895750001306,,,,,,,,,,,,,,,,,,,,,,,,,,,,,,,,,,01,001,,,2024-11-18_18h12.11.557,solo project,2024.2.1post4,59.574199377790045,2024-11-18 18h12.26.659558 +0530,
,,1,1,0,,,,,,images/1054_animals_lum.jpg,disgust,animal,serious,,,,,,,,,,,,,,,,,0,1,1,3,,,,,,,,,266.6321561000077,,,,,,,,,,,,,,,,,,,,,,266.6285669999779,266.6321561000077,267.61848820000887,267.61848820000887,267.63471120002214,269.63481130002765,269.63481130002765,269.60203040001215,,,,,,,,,,,,,,,,,,,,,,,,,,,,,,,,,,01,001,,,2024-11-18_18h12.11.557,solo project,2024.2.1post4,59.574199377790045,2024-11-18 18h12.26.659558 +0530,
,,2,2,0,,,,,,images/1107_body products_lum.jpg,disgust,body product,passage,,,,,,,,,,,,,,,,,0,2,2,7,,,,,,,,,269.63481130002765,,,,,,,,,,,,,,,,,,,,,,269.6314462000155,269.63481130002765,270.6205959999934,270.6205959999934,270.63774189999094,272.6358021000051,272.6358021000051,272.60455689998344,,,,,,,,,,,,,,,,,,,,,,,,,,,,,,,,,,01,001,,,2024-11-18_18h12.11.557,solo project,2024.2.1post4,59.574199377790045,2024-11-18 18h12.26.659558 +0530,
,,3,3,0,,,,,,images/1146_body products neutral_lum.jpg,neutral,body product,reptile,,,,,,,,,,,,,,,,,0,3,3,22,,,,,,,,,272.6358021000051,,,,,,,,,,,,,,,,,,,,,,272.6309261000133,272.6358021000051,273.62211009999737,273.62211009999737,273.6382667000289,275.63912690000143,275.63912690000143,275.605517900025,,,,,,,,,,,,,,,,,,,,,,,,,,,,,,,,,,01,001,,,2024-11-18_18h12.11.557,solo project,2024.2.1post4,59.574199377790045,2024-11-18 18h12.26.659558 +0530,
,,4,4,0,,,,,,images/1041_food_neutral_lum.jpg,neutral,food,trumpet,,,,,,,,,,,,,,,,,0,4,4,15,,,,,,,,,275.63912690000143,,,,,,,,,,,,,,,,,,,,,,275.63587469997583,275.63912690000143,276.6250286999857,276.6250286999857,276.6418614999857,278.6424860000261,278.6424860000261,278.609162400011,,,,,,,,,,,,,,,,,,,,,,,,,,,,,,,,,,01,001,,,2024-11-18_18h12.11.557,solo project,2024.2.1post4,59.574199377790045,2024-11-18 18h12.26.659558 +0530,
,,5,5,0,,,,,,images/1192_injuries_infections neutral_lum.jpg,neutral,injury/infection,stove,,,,,,,,,,,,,,,,,0,5,5,24,,,,,,,,,278.6424860000261,,,,,,,,,,,,,,,,,,,,,,278.63722420000704,278.6424860000261,279.6111992999795,279.6111992999795,279.6449393000221,281.62758889998076,281.62758889998076,281.5950334999943,,,,,,,,,,,,,,,,,,,,,,,,,,,,,,,,,,01,001,,,2024-11-18_18h12.11.557,solo project,2024.2.1post4,59.574199377790045,2024-11-18 18h12.26.659558 +0530,
,,6,6,0,,,,,,images/1032_food_lum.jpg,disgust,food,rattle,,,,,,,,,,,,,,,,,0,6,6,2,,,,,,,,,281.62758889998076,,,,,,,,,,,,,,,,,,,,,,281.62228870001854,281.62758889998076,282.6132896000054,282.6132896000054,282.62988070002757,284.6325979999965,284.6325979999965,284.59736580000026,,,,,,,,,,,,,,,,,,,,,,,,,,,,,,,,,,01,001,,,2024-11-18_18h12.11.557,solo project,2024.2.1post4,59.574199377790045,2024-11-18 18h12.26.659558 +0530,
,,7,7,0,,,,,,images/1001_food_lum.jpg,disgust,food,radiator,,,,,,,,,,,,,,,,,0,7,7,0,,,,,,,,,284.6325979999965,,,,,,,,,,,,,,,,,,,,,,284.62909140001284,284.6325979999965,285.61707769997884,285.61707769997884,285.6340584999998,287.6322813000297,287.6322813000297,287.6010561999865,,,,,,,,,,,,,,,,,,,,,,,,,,,,,,,,,,01,001,,,2024-11-18_18h12.11.557,solo project,2024.2.1post4,59.574199377790045,2024-11-18 18h12.26.659558 +0530,
,,8,8,0,,,,,,images/1104_body products_lum.jpg,disgust,body product,material,,,,,,,,,,,,,,,,,0,8,8,6,,,,,,,,,287.6322813000297,,,,,,,,,,,,,,,,,,,,,,287.6276077000075,287.6322813000297,288.6183919000323,288.6183919000323,288.63499960000627,290.6343675000244,290.6343675000244,290.60216800001217,,,,,,,,,,,,,,,,,,,,,,,,,,,,,,,,,,01,001,,,2024-11-18_18h12.11.557,solo project,2024.2.1post4,59.574199377790045,2024-11-18 18h12.26.659558 +0530,
,,9,9,0,,,,,,images/1044_food_neutral_lum.jpg,neutral,food,custom,,,,,,,,,,,,,,,,,0,9,9,16,,,,,,,,,290.6343675000244,,,,,,,,,,,,,,,,,,,,,,290.63117230002536,290.6343675000244,291.6200443999842,291.6200443999842,291.63685960002476,293.639929500001,293.639929500001,293.6047401999822,,,,,,,,,,,,,,,,,,,,,,,,,,,,,,,,,,01,001,,,2024-11-18_18h12.11.557,solo project,2024.2.1post4,59.574199377790045,2024-11-18 18h12.26.659558 +0530,
,,10,10,0,,,,,,images/1253_hygiene_lum.jpg,disgust,hygeine,manner,,,,,,,,,,,,,,,,,0,10,10,13,,,,,,,,,293.639929500001,,,,,,,,,,,,,,,,,,,,,,293.63474070001394,293.639929500001,294.6245177999954,294.6245177999954,294.6409419000265,296.64003499998944,296.64003499998944,296.6082486999803,,,,,,,,,,,,,,,,,,,,,,,,,,,,,,,,,,01,001,,,2024-11-18_18h12.11.557,solo project,2024.2.1post4,59.574199377790045,2024-11-18 18h12.26.659558 +0530,
,,11,11,0,,,,,,images/1073_animals_lum.jpg,disgust,animal,journal,,,,,,,,,,,,,,,,,0,11,11,5,,,,,,,,,296.64003499998944,,,,,,,,,,,,,,,,,,,,,,296.6364008000237,296.64003499998944,297.6087590000243,297.6087590000243,297.6423492000322,299.6264289999963,299.6264289999963,299.59252040000865,,,,,,,,,,,,,,,,,,,,,,,,,,,,,,,,,,01,001,,,2024-11-18_18h12.11.557,solo project,2024.2.1post4,59.574199377790045,2024-11-18 18h12.26.659558 +0530,
,,12,12,0,,,,,,images/1165_injuries_infections_lum.jpg,disgust,injury/infection,glacier,,,,,,,,,,,,,,,,,0,12,12,10,,,,,,,,,299.6264289999963,,,,,,,,,,,,,,,,,,,,,,299.62111070001265,299.6264289999963,300.6117265999783,300.6117265999783,300.62884479999775,302.6230874999892,302.6230874999892,302.59624630003236,,,,,,,,,,,,,,,,,,,,,,,,,,,,,,,,,,01,001,,,2024-11-18_18h12.11.557,solo project,2024.2.1post4,59.574199377790045,2024-11-18 18h12.26.659558 +0530,
,,13,13,0,,,,,,images/1247_death neutral_lum.jpg,neutral,death,wine,,,,,,,,,,,,,,,,,0,13,13,26,,,,,,,,,302.6230874999892,,,,,,,,,,,,,,,,,,,,,,302.6196918999776,302.6230874999892,303.61203070002375,303.61203070002375,303.6285918999929,305.6299569000257,305.6299569000257,305.5960337999859,,,,,,,,,,,,,,,,,,,,,,,,,,,,,,,,,,01,001,,,2024-11-18_18h12.11.557,solo project,2024.2.1post4,59.574199377790045,2024-11-18 18h12.26.659558 +0530,
,,14,14,0,,,,,,images/1099_animals_neutral_lum.jpg,neutral,animal,coast,,,,,,,,,,,,,,,,,0,14,14,19,,,,,,,,,305.6299569000257,,,,,,,,,,,,,,,,,,,,,,305.6245196000091,305.6299569000257,306.615598400007,306.615598400007,306.6324665999855,308.63299660000484,308.63299660000484,308.5995990000083,,,,,,,,,,,,,,,,,,,,,,,,,,,,,,,,,,01,001,,,2024-11-18_18h12.11.557,solo project,2024.2.1post4,59.574199377790045,2024-11-18 18h12.26.659558 +0530,
,,15,15,0,,,,,,images/1200_injuries_infections neutral_lum.jpg,neutral,injury/infection,village,,,,,,,,,,,,,,,,,0,15,15,25,,,,,,,,,308.63299660000484,,,,,,,,,,,,,,,,,,,,,,308.628397100023,308.63299660000484,309.61924139998155,309.61924139998155,309.6354652000009,311.63432439998724,311.63432439998724,311.60291419998975,,,,,,,,,,,,,,,,,,,,,,,,,,,,,,,,,,01,001,,,2024-11-18_18h12.11.557,solo project,2024.2.1post4,59.574199377790045,2024-11-18 18h12.26.659558 +0530,
,,16,16,0,,,,,,images/1100_animals_neutral_lum.jpg,neutral,animal,nursery,,,,,,,,,,,,,,,,,0,16,16,20,,,,,,,,,311.63432439998724,,,,,,,,,,,,,,,,,,,,,,311.6308413000079,311.63432439998724,312.6202981999959,312.6202981999959,312.63699259998975,314.63712379999924,314.63712379999924,314.60427070001606,,,,,,,,,,,,,,,,,,,,,,,,,,,,,,,,,,01,001,,,2024-11-18_18h12.11.557,solo project,2024.2.1post4,59.574199377790045,2024-11-18 18h12.26.659558 +0530,
,,17,17,0,,,,,,images/1299_hygiene neutral_lum.jpg,neutral,hygeine,rancid,,,,,,,,,,,,,,,,,0,17,17,29,,,,,,,,,314.63712379999924,,,,,,,,,,,,,,,,,,,,,,314.63224679999985,314.63712379999924,315.62284680001903,315.62284680001903,315.6397044999758,317.6402037999942,317.6402037999942,317.6066157000023,,,,,,,,,,,,,,,,,,,,,,,,,,,,,,,,,,01,001,,,2024-11-18_18h12.11.557,solo project,2024.2.1post4,59.574199377790045,2024-11-18 18h12.26.659558 +0530,
,,18,18,0,,,,,,images/1013_food_lum.jpg,disgust,food,stiff,,,,,,,,,,,,,,,,,0,18,18,1,,,,,,,,,317.6402037999942,,,,,,,,,,,,,,,,,,,,,,317.6361528999987,317.6402037999942,318.6265537000145,318.6265537000145,318.64281530003063,320.64208120002877,320.64208120002877,320.60977300000377,,,,,,,,,,,,,,,,,,,,,,,,,,,,,,,,,,01,001,,,2024-11-18_18h12.11.557,solo project,2024.2.1post4,59.574199377790045,2024-11-18 18h12.26.659558 +0530,
,,19,19,0,,,,,,images/1271_hygiene_lum.jpg,disgust,hygeine,limber,,,,,,,,,,,,,,,,,0,19,19,14,,,,,,,,,320.64208120002877,,,,,,,,,,,,,,,,,,,,,,320.63870539999334,320.64208120002877,321.6114728000248,321.6114728000248,321.6445457999944,323.6303185999859,323.6303185999859,323.59579719998874,,,,,,,,,,,,,,,,,,,,,,,,,,,,,,,,,,01,001,,,2024-11-18_18h12.11.557,solo project,2024.2.1post4,59.574199377790045,2024-11-18 18h12.26.659558 +0530,
,,20,20,0,,,,,,images/1143_body products neutral_lum.jpg,neutral,body product,invest,,,,,,,,,,,,,,,,,0,20,20,21,,,,,,,,,323.6303185999859,,,,,,,,,,,,,,,,,,,,,,323.62466530001257,323.6303185999859,324.61572120001074,324.61572120001074,324.6321561000077,326.633680799976,326.633680799976,326.59974899998633,,,,,,,,,,,,,,,,,,,,,,,,,,,,,,,,,,01,001,,,2024-11-18_18h12.11.557,solo project,2024.2.1post4,59.574199377790045,2024-11-18 18h12.26.659558 +0530,
,,21,21,0,,,,,,images/1118_body products_lum.jpg,disgust,body product,reverent,,,,,,,,,,,,,,,,,0,21,21,8,,,,,,,,,326.633680799976,,,,,,,,,,,,,,,,,,,,,,326.62850589997834,326.633680799976,327.61955629999284,327.61955629999284,327.6360091000097,329.63749739999184,329.63749739999184,329.60378770000534,,,,,,,,,,,,,,,,,,,,,,,,,,,,,,,,,,01,001,,,2024-11-18_18h12.11.557,solo project,2024.2.1post4,59.574199377790045,2024-11-18 18h12.26.659558 +0530,
,,22,22,0,,,,,,images/1153_injuries_infections_lum.jpg,disgust,injury/infection,elevator,,,,,,,,,,,,,,,,,0,22,22,9,,,,,,,,,329.63749739999184,,,,,,,,,,,,,,,,,,,,,,329.6315323000308,329.63749739999184,330.6234440000262,330.6234440000262,330.6401399000315,332.64019720000215,332.64019720000215,332.6070565999835,,,,,,,,,,,,,,,,,,,,,,,,,,,,,,,,,,01,001,,,2024-11-18_18h12.11.557,solo project,2024.2.1post4,59.574199377790045,2024-11-18 18h12.26.659558 +0530,
,,23,23,0,,,,,,images/1250_death neutral_lum.jpg,neutral,death,neurotic,,,,,,,,,,,,,,,,,0,23,23,27,,,,,,,,,332.64019720000215,,,,,,,,,,,,,,,,,,,,,,332.63508560002083,332.64019720000215,333.6091804000316,333.6091804000316,333.6426819000044,335.6278185999836,335.6278185999836,335.59298740001395,,,,,,,,,,,,,,,,,,,,,,,,,,,,,,,,,,01,001,,,2024-11-18_18h12.11.557,solo project,2024.2.1post4,59.574199377790045,2024-11-18 18h12.26.659558 +0530,
,,24,24,0,,,,,,images/1049_food_neutral_lum.jpg,neutral,food,privacy,,,,,,,,,,,,,,,,,0,24,24,17,,,,,,,,,335.6278185999836,,,,,,,,,,,,,,,,,,,,,,335.6223984999815,335.6278185999836,336.61346020002384,336.61346020002384,336.63025180000113,338.6303233000217,338.6303233000217,338.5976503000129,,,,,,,,,,,,,,,,,,,,,,,,,,,,,,,,,,01,001,,,2024-11-18_18h12.11.557,solo project,2024.2.1post4,59.574199377790045,2024-11-18 18h12.26.659558 +0530,
,,25,25,0,,,,,,images/1149_body products neutral_lum.jpg,neutral,body product,skeptical,,,,,,,,,,,,,,,,,0,25,25,23,,,,,,,,,338.6303233000217,,,,,,,,,,,,,,,,,,,,,,338.6264894999913,338.6303233000217,339.6161915999837,339.6161915999837,339.63266699999804,341.63357459998224,341.63357459998224,341.5999409999931,,,,,,,,,,,,,,,,,,,,,,,,,,,,,,,,,,01,001,,,2024-11-18_18h12.11.557,solo project,2024.2.1post4,59.574199377790045,2024-11-18 18h12.26.659558 +0530,
,,26,26,0,,,,,,images/1062_animals_lum.jpg,disgust,animal,ennui,,,,,,,,,,,,,,,,,0,26,26,4,,,,,,,,,341.63357459998224,,,,,,,,,,,,,,,,,,,,,,341.62814370001433,341.63357459998224,342.61938889999874,342.61938889999874,342.6361808999791,344.6379923999775,344.6379923999775,344.60310880001634,,,,,,,,,,,,,,,,,,,,,,,,,,,,,,,,,,01,001,,,2024-11-18_18h12.11.557,solo project,2024.2.1post4,59.574199377790045,2024-11-18 18h12.26.659558 +0530,
,,27,27,0,,,,,,images/1093_animals_neutral_lum.jpg,neutral,animal,lighthouse,,,,,,,,,,,,,,,,,0,27,27,18,,,,,,,,,344.6379923999775,,,,,,,,,,,,,,,,,,,,,,344.6344717000029,344.6379923999775,345.6233602000284,345.6233602000284,345.64004869997734,347.6436462000129,347.6436462000129,347.6078207999817,,,,,,,,,,,,,,,,,,,,,,,,,,,,,,,,,,01,001,,,2024-11-18_18h12.11.557,solo project,2024.2.1post4,59.574199377790045,2024-11-18 18h12.26.659558 +0530,
,,28,28,0,,,,,,images/1291_hygiene neutral_lum.jpg,neutral,hygeine,hard,,,,,,,,,,,,,,,,,0,28,28,28,,,,,,,,,347.6436462000129,,,,,,,,,,,,,,,,,,,,,,347.6382382999873,347.6436462000129,348.61109229997965,348.61109229997965,348.64424420002615,350.6296146999812,350.6296146999812,350.5947424999904,,,,,,,,,,,,,,,,,,,,,,,,,,,,,,,,,,01,001,,,2024-11-18_18h12.11.557,solo project,2024.2.1post4,59.574199377790045,2024-11-18 18h12.26.659558 +0530,
,,29,29,0,,,,,,images/1223_death_lum.jpg,disgust,death,mischief,,,,,,,,,,,,,,,,,0,29,29,12,,,,,,,,,350.6296146999812,,,,,,,,,,,,,,,,,,,,,,350.62413359998027,350.6296146999812,351.61613310000394,351.61613310000394,351.6325147000025,353.61570640001446,353.61570640001446,353.6001636000001,,,,,,,,,,,,,,,,,,,,,,,,,,,,,,,,,,01,001,,,2024-11-18_18h12.11.557,solo project,2024.2.1post4,59.574199377790045,2024-11-18 18h12.26.659558 +0530,
,,,,,,,,,,,,,,,,,,,,,,,,,,,,,,,,,,,,,,,,,,,,,,,,,,,,,,,,,,,,,,,,,,,,,,,,353.60030290001305,2.0058703999966383,364.0832951000193,space,8.452624900033697,None,,,,,,,,,,,,,,,,,,,,,,,,,,,,01,001,,,2024-11-18_18h12.11.557,solo project,2024.2.1post4,59.574199377790045,2024-11-18 18h12.26.659558 +0530,
,,0,0,0,,,,,,,,,,stiff,old,1.0,1.7800394000369124,,,,,,,,,,,,,,,,,0,0,0,25,,,,,364.11684269999387,,,,,,,,,,,,,,,,,,,,,,,,,,,,,,,,,,,,364.107079599984,364.11684269999387,364.11684269999387,365.90308509999886,1.0,1.7800394000369124,,,,,,,,,,,,,,,,,,,,,,01,001,,,2024-11-18_18h12.11.557,solo project,2024.2.1post4,59.574199377790045,2024-11-18 18h12.26.659558 +0530,
,,1,1,0,,,,,,,,,,skeptical,old,2.0,4.382825399981812,,,,,,,,,,,,,,,,,0,1,1,24,,,,,365.92194079997716,,,,,,,,,,,,,,,,,,,,,,,,,,,,,,,,,,,,365.91280940000433,365.92194079997716,365.92194079997716,370.3111137999804,2.0,4.382825399981812,,,,,,,,,,,,,,,,,,,,,,01,001,,,2024-11-18_18h12.11.557,solo project,2024.2.1post4,59.574199377790045,2024-11-18 18h12.26.659558 +0530,
,,2,2,0,,,,,,,,,,elevator,old,2.0,2.429046000004746,,,,,,,,,,,,,,,,,0,2,2,2,,,,,370.32668070000364,,,,,,,,,,,,,,,,,,,,,,,,,,,,,,,,,,,,370.3170320999925,370.32668070000364,370.32668070000364,372.76148470002227,2.0,2.429046000004746,,,,,,,,,,,,,,,,,,,,,,01,001,,,2024-11-18_18h12.11.557,solo project,2024.2.1post4,59.574199377790045,2024-11-18 18h12.26.659558 +0530,
,,3,3,0,,,,,,,,,,nursery,old,1.0,2.5450894000241533,,,,,,,,,,,,,,,,,0,3,3,15,,,,,372.77636750001693,,,,,,,,,,,,,,,,,,,,,,,,,,,,,,,,,,,,372.7667926999857,372.77636750001693,372.77636750001693,375.3280285000219,1.0,2.5450894000241533,,,,,,,,,,,,,,,,,,,,,,01,001,,,2024-11-18_18h12.11.557,solo project,2024.2.1post4,59.574199377790045,2024-11-18 18h12.26.659558 +0530,
,,4,4,0,,,,,,,,,,reptile,old,2.0,2.1150249000056647,,,,,,,,,,,,,,,,,0,4,4,21,,,,,375.3435593000031,,,,,,,,,,,,,,,,,,,,,,,,,,,,,,,,,,,,375.33034659997793,375.3435593000031,375.3435593000031,377.46137440000894,2.0,2.1150249000056647,,,,,,,,,,,,,,,,,,,,,,01,001,,,2024-11-18_18h12.11.557,solo project,2024.2.1post4,59.574199377790045,2024-11-18 18h12.26.659558 +0530,
,,5,5,0,,,,,,,,,,sentiment,new,2.0,2.563056899991352,,,,,,,,,,,,,,,,,0,5,5,49,,,,,377.4767309000017,,,,,,,,,,,,,,,,,,,,,,,,,,,,,,,,,,,,377.4658040999784,377.4767309000017,377.4767309000017,380.04430180002237,2.0,2.563056899991352,,,,,,,,,,,,,,,,,,,,,,01,001,,,2024-11-18_18h12.11.557,solo project,2024.2.1post4,59.574199377790045,2024-11-18 18h12.26.659558 +0530,
,,6,6,0,,,,,,,,,,concentrate,new,2.0,1.981242400011979,,,,,,,,,,,,,,,,,0,6,6,31,,,,,380.06042019999586,,,,,,,,,,,,,,,,,,,,,,,,,,,,,,,,,,,,380.0468051999924,380.06042019999586,380.06042019999586,382.0444996000151,2.0,1.981242400011979,,,,,,,,,,,,,,,,,,,,,,01,001,,,2024-11-18_18h12.11.557,solo project,2024.2.1post4,59.574199377790045,2024-11-18 18h12.26.659558 +0530,
,,7,7,0,,,,,,,,,,poetry,new,2.0,1.3485023999819532,,,,,,,,,,,,,,,,,0,7,7,44,,,,,382.0599302999908,,,,,,,,,,,,,,,,,,,,,,,,,,,,,,,,,,,,382.04676440003095,382.0599302999908,382.0599302999908,383.41092120000394,2.0,1.3485023999819532,,,,,,,,,,,,,,,,,,,,,,01,001,,,2024-11-18_18h12.11.557,solo project,2024.2.1post4,59.574199377790045,2024-11-18 18h12.26.659558 +0530,
,,8,8,0,,,,,,,,,,passage,old,1.0,2.1640206000301987,,,,,,,,,,,,,,,,,0,8,8,16,,,,,383.42644579999615,,,,,,,,,,,,,,,,,,,,,,,,,,,,,,,,,,,,383.414624899975,383.42644579999615,383.42644579999615,385.5945924000116,1.0,2.1640206000301987,,,,,,,,,,,,,,,,,,,,,,01,001,,,2024-11-18_18h12.11.557,solo project,2024.2.1post4,59.574199377790045,2024-11-18 18h12.26.659558 +0530,
,,9,9,0,,,,,,,,,,market,new,2.0,1.8825332999695092,,,,,,,,,,,,,,,,,0,9,9,41,,,,,385.6100083999918,,,,,,,,,,,,,,,,,,,,,,,,,,,,,,,,,,,,385.5969279999845,385.6100083999918,385.6100083999918,387.4940400000196,2.0,1.8825332999695092,,,,,,,,,,,,,,,,,,,,,,01,001,,,2024-11-18_18h12.11.557,solo project,2024.2.1post4,59.574199377790045,2024-11-18 18h12.26.659558 +0530,
,,10,10,0,,,,,,,,,,reverent,old,1.0,2.0489915999933146,,,,,,,,,,,,,,,,,0,10,10,22,,,,,387.5098490000237,,,,,,,,,,,,,,,,,,,,,,,,,,,,,,,,,,,,387.4963221999933,387.5098490000237,387.5098490000237,389.56096979998983,1.0,2.0489915999933146,,,,,,,,,,,,,,,,,,,,,,01,001,,,2024-11-18_18h12.11.557,solo project,2024.2.1post4,59.574199377790045,2024-11-18 18h12.26.659558 +0530,
,,11,11,0,,,,,,,,,,highway,new,2.0,2.0623033000156283,,,,,,,,,,,,,,,,,0,11,11,37,,,,,389.57686620001914,,,,,,,,,,,,,,,,,,,,,,,,,,,,,,,,,,,,389.5659211000311,389.57686620001914,389.57686620001914,391.64443250000477,2.0,2.0623033000156283,,,,,,,,,,,,,,,,,,,,,,01,001,,,2024-11-18_18h12.11.557,solo project,2024.2.1post4,59.574199377790045,2024-11-18 18h12.26.659558 +0530,
,,12,12,0,,,,,,,,,,ennui,old,1.0,1.9982202000101097,,,,,,,,,,,,,,,,,0,12,12,3,,,,,391.6595412000315,,,,,,,,,,,,,,,,,,,,,,,,,,,,,,,,,,,,391.6467747000279,391.6595412000315,391.6595412000315,393.66084430000046,1.0,1.9982202000101097,,,,,,,,,,,,,,,,,,,,,,01,001,,,2024-11-18_18h12.11.557,solo project,2024.2.1post4,59.574199377790045,2024-11-18 18h12.26.659558 +0530,
,,13,13,0,,,,,,,,,,shadow,new,2.0,2.8136327999527566,,,,,,,,,,,,,,,,,0,13,13,50,,,,,393.67622560000746,,,,,,,,,,,,,,,,,,,,,,,,,,,,,,,,,,,,393.66500570002245,393.67622560000746,393.67622560000746,396.49578779999865,2.0,2.8136327999527566,,,,,,,,,,,,,,,,,,,,,,01,001,,,2024-11-18_18h12.11.557,solo project,2024.2.1post4,59.574199377790045,2024-11-18 18h12.26.659558 +0530,
,,14,14,0,,,,,,,,,,industry,new,2.0,1.9130557000171393,,,,,,,,,,,,,,,,,0,14,14,38,,,,,396.510220199998,,,,,,,,,,,,,,,,,,,,,,,,,,,,,,,,,,,,396.49839110003086,396.510220199998,396.510220199998,398.4274934999994,2.0,1.9130557000171393,,,,,,,,,,,,,,,,,,,,,,01,001,,,2024-11-18_18h12.11.557,solo project,2024.2.1post4,59.574199377790045,2024-11-18 18h12.26.659558 +0530,
,,15,15,0,,,,,,,,,,theory,new,2.0,1.2323170999879949,,,,,,,,,,,,,,,,,0,15,15,55,,,,,398.4430355000077,,,,,,,,,,,,,,,,,,,,,,,,,,,,,,,,,,,,398.42984960001195,398.4430355000077,398.4430355000077,399.6776806000271,2.0,1.2323170999879949,,,,,,,,,,,,,,,,,,,,,,01,001,,,2024-11-18_18h12.11.557,solo project,2024.2.1post4,59.574199377790045,2024-11-18 18h12.26.659558 +0530,
,,16,16,0,,,,,,,,,,salute,new,2.0,1.1985162000055425,,,,,,,,,,,,,,,,,0,16,16,47,,,,,399.6930027999915,,,,,,,,,,,,,,,,,,,,,,,,,,,,,,,,,,,,399.67990729998564,399.6930027999915,399.6930027999915,400.8936818999937,2.0,1.1985162000055425,,,,,,,,,,,,,,,,,,,,,,01,001,,,2024-11-18_18h12.11.557,solo project,2024.2.1post4,59.574199377790045,2024-11-18 18h12.26.659558 +0530,
,,17,17,0,,,,,,,,,,limber,old,1.0,2.1811992000439204,,,,,,,,,,,,,,,,,0,17,17,10,,,,,400.90955919999396,,,,,,,,,,,,,,,,,,,,,,,,,,,,,,,,,,,,400.89749459997984,400.90955919999396,400.90955919999396,403.0942783000064,1.0,2.1811992000439204,,,,,,,,,,,,,,,,,,,,,,01,001,,,2024-11-18_18h12.11.557,solo project,2024.2.1post4,59.574199377790045,2024-11-18 18h12.26.659558 +0530,
,,18,18,0,,,,,,,,,,rattle,old,1.0,2.414799000020139,,,,,,,,,,,,,,,,,0,18,18,20,,,,,403.10949409997556,,,,,,,,,,,,,,,,,,,,,,,,,,,,,,,,,,,,403.09646500000963,403.10949409997556,403.10949409997556,405.52742070000386,1.0,2.414799000020139,,,,,,,,,,,,,,,,,,,,,,01,001,,,2024-11-18_18h12.11.557,solo project,2024.2.1post4,59.574199377790045,2024-11-18 18h12.26.659558 +0530,
,,19,19,0,,,,,,,,,,whistle,new,2.0,1.7145333000225946,,,,,,,,,,,,,,,,,0,19,19,59,,,,,405.5433715999825,,,,,,,,,,,,,,,,,,,,,,,,,,,,,,,,,,,,405.5300306000281,405.5433715999825,405.5433715999825,407.2606292000273,2.0,1.7145333000225946,,,,,,,,,,,,,,,,,,,,,,01,001,,,2024-11-18_18h12.11.557,solo project,2024.2.1post4,59.574199377790045,2024-11-18 18h12.26.659558 +0530,
,,20,20,0,,,,,,,,,,lightbulb,new,2.0,1.3985079000121914,,,,,,,,,,,,,,,,,0,20,20,40,,,,,407.27628390002064,,,,,,,,,,,,,,,,,,,,,,,,,,,,,,,,,,,,407.2636423999793,407.27628390002064,407.27628390002064,408.67712680000113,2.0,1.3985079000121914,,,,,,,,,,,,,,,,,,,,,,01,001,,,2024-11-18_18h12.11.557,solo project,2024.2.1post4,59.574199377790045,2024-11-18 18h12.26.659558 +0530,
,,21,21,0,,,,,,,,,,invest,old,1.0,4.1158324999851175,,,,,,,,,,,,,,,,,0,21,21,6,,,,,408.69306660001166,,,,,,,,,,,,,,,,,,,,,,,,,,,,,,,,,,,,408.6793267999892,408.69306660001166,408.69306660001166,412.8108868999989,1.0,4.1158324999851175,,,,,,,,,,,,,,,,,,,,,,01,001,,,2024-11-18_18h12.11.557,solo project,2024.2.1post4,59.574199377790045,2024-11-18 18h12.26.659558 +0530,
,,22,22,0,,,,,,,,,,trumpet,old,1.0,1.1982693999889307,,,,,,,,,,,,,,,,,0,22,22,27,,,,,412.8261336000287,,,,,,,,,,,,,,,,,,,,,,,,,,,,,,,,,,,,412.8131137000164,412.8261336000287,412.8261336000287,414.02752760000294,1.0,1.1982693999889307,,,,,,,,,,,,,,,,,,,,,,01,001,,,2024-11-18_18h12.11.557,solo project,2024.2.1post4,59.574199377790045,2024-11-18 18h12.26.659558 +0530,
,,23,23,0,,,,,,,,,,contents,new,2.0,2.5644631999894045,,,,,,,,,,,,,,,,,0,23,23,32,,,,,414.0432198999915,,,,,,,,,,,,,,,,,,,,,,,,,,,,,,,,,,,,414.0299718999886,414.0432198999915,414.0432198999915,416.6112955000135,2.0,2.5644631999894045,,,,,,,,,,,,,,,,,,,,,,01,001,,,2024-11-18_18h12.11.557,solo project,2024.2.1post4,59.574199377790045,2024-11-18 18h12.26.659558 +0530,
,,24,24,0,,,,,,,,,,detail,new,2.0,2.6799539999919944,,,,,,,,,,,,,,,,,0,24,24,33,,,,,416.6259408000042,,,,,,,,,,,,,,,,,,,,,,,,,,,,,,,,,,,,416.61471140000504,416.6259408000042,416.6259408000042,419.31116640003165,2.0,2.6799539999919944,,,,,,,,,,,,,,,,,,,,,,01,001,,,2024-11-18_18h12.11.557,solo project,2024.2.1post4,59.574199377790045,2024-11-18 18h12.26.659558 +0530,
,,25,25,0,,,,,,,,,,lawn,new,2.0,1.4976913999998942,,,,,,,,,,,,,,,,,0,25,25,39,,,,,419.3263217000058,,,,,,,,,,,,,,,,,,,,,,,,,,,,,,,,,,,,419.31369749997975,419.3263217000058,419.3263217000058,420.827477600018,2.0,1.4976913999998942,,,,,,,,,,,,,,,,,,,,,,01,001,,,2024-11-18_18h12.11.557,solo project,2024.2.1post4,59.574199377790045,2024-11-18 18h12.26.659558 +0530,
,,26,26,0,,,,,,,,,,hard,old,2.0,1.381249200028833,,,,,,,,,,,,,,,,,0,26,26,5,,,,,420.8429993999889,,,,,,,,,,,,,,,,,,,,,,,,,,,,,,,,,,,,420.8300442000036,420.8429993999889,420.8429993999889,422.2274389999802,2.0,1.381249200028833,,,,,,,,,,,,,,,,,,,,,,01,001,,,2024-11-18_18h12.11.557,solo project,2024.2.1post4,59.574199377790045,2024-11-18 18h12.26.659558 +0530,
,,27,27,0,,,,,,,,,,fabric,new,2.0,1.0805923999869265,,,,,,,,,,,,,,,,,0,27,27,34,,,,,422.24284630001057,,,,,,,,,,,,,,,,,,,,,,,,,,,,,,,,,,,,422.2303916999954,422.24284630001057,422.24284630001057,423.3273648999748,2.0,1.0805923999869265,,,,,,,,,,,,,,,,,,,,,,01,001,,,2024-11-18_18h12.11.557,solo project,2024.2.1post4,59.574199377790045,2024-11-18 18h12.26.659558 +0530,
,,28,28,0,,,,,,,,,,coast,old,2.0,1.297993400017731,,,,,,,,,,,,,,,,,0,28,28,0,,,,,423.34274629998254,,,,,,,,,,,,,,,,,,,,,,,,,,,,,,,,,,,,423.32968139997683,423.34274629998254,423.34274629998254,424.6441785999923,2.0,1.297993400017731,,,,,,,,,,,,,,,,,,,,,,01,001,,,2024-11-18_18h12.11.557,solo project,2024.2.1post4,59.574199377790045,2024-11-18 18h12.26.659558 +0530,
,,29,29,0,,,,,,,,,,custom,old,2.0,1.2145834999973886,,,,,,,,,,,,,,,,,0,29,29,1,,,,,424.6596086000209,,,,,,,,,,,,,,,,,,,,,,,,,,,,,,,,,,,,424.6468155999901,424.6596086000209,424.6596086000209,425.8775870000245,2.0,1.2145834999973886,,,,,,,,,,,,,,,,,,,,,,01,001,,,2024-11-18_18h12.11.557,solo project,2024.2.1post4,59.574199377790045,2024-11-18 18h12.26.659558 +0530,
,,30,30,0,,,,,,,,,,skyscraper,new,2.0,1.6140365999890491,,,,,,,,,,,,,,,,,0,30,30,51,,,,,425.8929482999956,,,,,,,,,,,,,,,,,,,,,,,,,,,,,,,,,,,,425.88026990002254,425.8929482999956,425.8929482999956,427.5110189000261,2.0,1.6140365999890491,,,,,,,,,,,,,,,,,,,,,,01,001,,,2024-11-18_18h12.11.557,solo project,2024.2.1post4,59.574199377790045,2024-11-18 18h12.26.659558 +0530,
,,31,31,0,,,,,,,,,,serious,old,1.0,2.181131399993319,,,,,,,,,,,,,,,,,0,31,31,23,,,,,427.525967900001,,,,,,,,,,,,,,,,,,,,,,,,,,,,,,,,,,,,427.5133163999999,427.525967900001,427.525967900001,429.7104576000129,1.0,2.181131399993319,,,,,,,,,,,,,,,,,,,,,,01,001,,,2024-11-18_18h12.11.557,solo project,2024.2.1post4,59.574199377790045,2024-11-18 18h12.26.659558 +0530,
,,32,32,0,,,,,,,,,,hand,new,2.0,1.7318690000101924,,,,,,,,,,,,,,,,,0,32,32,35,,,,,429.7257840000093,,,,,,,,,,,,,,,,,,,,,,,,,,,,,,,,,,,,429.7125400999794,429.7257840000093,429.7257840000093,431.46055209997576,2.0,1.7318690000101924,,,,,,,,,,,,,,,,,,,,,,01,001,,,2024-11-18_18h12.11.557,solo project,2024.2.1post4,59.574199377790045,2024-11-18 18h12.26.659558 +0530,
,,33,33,0,,,,,,,,,,lantern,old,1.0,4.0986138000153005,,,,,,,,,,,,,,,,,0,33,33,8,,,,,431.4760888000019,,,,,,,,,,,,,,,,,,,,,,,,,,,,,,,,,,,,431.4627263000002,431.4760888000019,431.4760888000019,435.57731900003273,1.0,4.0986138000153005,,,,,,,,,,,,,,,,,,,,,,01,001,,,2024-11-18_18h12.11.557,solo project,2024.2.1post4,59.574199377790045,2024-11-18 18h12.26.659558 +0530,
,,34,34,0,,,,,,,,,,mischief,old,1.0,1.964707000006456,,,,,,,,,,,,,,,,,0,34,34,13,,,,,435.5928659000201,,,,,,,,,,,,,,,,,,,,,,,,,,,,,,,,,,,,435.5796425000299,435.5928659000201,435.5928659000201,437.5603801999823,1.0,1.964707000006456,,,,,,,,,,,,,,,,,,,,,,01,001,,,2024-11-18_18h12.11.557,solo project,2024.2.1post4,59.574199377790045,2024-11-18 18h12.26.659558 +0530,
,,35,35,0,,,,,,,,,,rough,new,2.0,1.881989000015892,,,,,,,,,,,,,,,,,0,35,35,46,,,,,437.57576690003043,,,,,,,,,,,,,,,,,,,,,,,,,,,,,,,,,,,,437.5625872000237,437.57576690003043,437.57576690003043,439.46042100002524,2.0,1.881989000015892,,,,,,,,,,,,,,,,,,,,,,01,001,,,2024-11-18_18h12.11.557,solo project,2024.2.1post4,59.574199377790045,2024-11-18 18h12.26.659558 +0530,
,,36,36,0,,,,,,,,,,teacher,new,2.0,1.081623399979435,,,,,,,,,,,,,,,,,0,36,36,53,,,,,439.47602340002777,,,,,,,,,,,,,,,,,,,,,,,,,,,,,,,,,,,,439.4628396999906,439.47602340002777,439.47602340002777,440.56084089999786,2.0,1.081623399979435,,,,,,,,,,,,,,,,,,,,,,01,001,,,2024-11-18_18h12.11.557,solo project,2024.2.1post4,59.574199377790045,2024-11-18 18h12.26.659558 +0530,
,,37,37,0,,,,,,,,,,paint,new,2.0,1.1969685000367463,,,,,,,,,,,,,,,,,0,37,37,43,,,,,440.5758543999982,,,,,,,,,,,,,,,,,,,,,,,,,,,,,,,,,,,,440.56389759999,440.5758543999982,440.5758543999982,441.7764196000062,2.0,1.1969685000367463,,,,,,,,,,,,,,,,,,,,,,01,001,,,2024-11-18_18h12.11.557,solo project,2024.2.1post4,59.574199377790045,2024-11-18 18h12.26.659558 +0530,
,,38,38,0,,,,,,,,,,tease,new,2.0,1.0979736000299454,,,,,,,,,,,,,,,,,0,38,38,54,,,,,441.7923397999839,,,,,,,,,,,,,,,,,,,,,,,,,,,,,,,,,,,,441.77929749997566,441.7923397999839,441.7923397999839,442.89353449997725,2.0,1.0979736000299454,,,,,,,,,,,,,,,,,,,,,,01,001,,,2024-11-18_18h12.11.557,solo project,2024.2.1post4,59.574199377790045,2024-11-18 18h12.26.659558 +0530,
,,39,39,0,,,,,,,,,,neurotic,old,1.0,2.515213299950119,,,,,,,,,,,,,,,,,0,39,39,14,,,,,442.909516100015,,,,,,,,,,,,,,,,,,,,,,,,,,,,,,,,,,,,442.89590599999065,442.909516100015,442.909516100015,445.426888099988,1.0,2.515213299950119,,,,,,,,,,,,,,,,,,,,,,01,001,,,2024-11-18_18h12.11.557,solo project,2024.2.1post4,59.574199377790045,2024-11-18 18h12.26.659558 +0530,
,,40,40,0,,,,,,,,,,wine,old,1.0,2.0985016000340693,,,,,,,,,,,,,,,,,0,40,40,29,,,,,445.44229350000387,,,,,,,,,,,,,,,,,,,,,,,,,,,,,,,,,,,,445.4289641000214,445.44229350000387,445.44229350000387,447.5436918999767,1.0,2.0985016000340693,,,,,,,,,,,,,,,,,,,,,,01,001,,,2024-11-18_18h12.11.557,solo project,2024.2.1post4,59.574199377790045,2024-11-18 18h12.26.659558 +0530,
,,41,41,0,,,,,,,,,,trunk,new,2.0,2.0317499000229873,,,,,,,,,,,,,,,,,0,41,41,57,,,,,447.55916230002185,,,,,,,,,,,,,,,,,,,,,,,,,,,,,,,,,,,,447.54581999999937,447.55916230002185,447.55916230002185,449.59379489999264,2.0,2.0317499000229873,,,,,,,,,,,,,,,,,,,,,,01,001,,,2024-11-18_18h12.11.557,solo project,2024.2.1post4,59.574199377790045,2024-11-18 18h12.26.659558 +0530,
,,42,42,0,,,,,,,,,,stove,old,1.0,4.231586200010497,,,,,,,,,,,,,,,,,0,42,42,26,,,,,449.60950740001863,,,,,,,,,,,,,,,,,,,,,,,,,,,,,,,,,,,,449.59581560001243,449.60950740001863,449.60950740001863,453.84346240002196,1.0,4.231586200010497,,,,,,,,,,,,,,,,,,,,,,01,001,,,2024-11-18_18h12.11.557,solo project,2024.2.1post4,59.574199377790045,2024-11-18 18h12.26.659558 +0530,
,,43,43,0,,,,,,,,,,clock,new,2.0,2.531378199986648,,,,,,,,,,,,,,,,,0,43,43,30,,,,,453.8589925999986,,,,,,,,,,,,,,,,,,,,,,,,,,,,,,,,,,,,453.8460777000291,453.8589925999986,453.8589925999986,456.393505199987,2.0,2.531378199986648,,,,,,,,,,,,,,,,,,,,,,01,001,,,2024-11-18_18h12.11.557,solo project,2024.2.1post4,59.574199377790045,2024-11-18 18h12.26.659558 +0530,
,,44,44,0,,,,,,,,,,scissors,new,2.0,1.132032599998638,,,,,,,,,,,,,,,,,0,44,44,48,,,,,456.4093375999946,,,,,,,,,,,,,,,,,,,,,,,,,,,,,,,,,,,,456.39585039997473,456.4093375999946,456.4093375999946,457.54355569998734,2.0,1.132032599998638,,,,,,,,,,,,,,,,,,,,,,01,001,,,2024-11-18_18h12.11.557,solo project,2024.2.1post4,59.574199377790045,2024-11-18 18h12.26.659558 +0530,
,,45,45,0,,,,,,,,,,medicine,new,2.0,1.3151446999982,,,,,,,,,,,,,,,,,0,45,45,42,,,,,457.5590268999804,,,,,,,,,,,,,,,,,,,,,,,,,,,,,,,,,,,,457.5461474999902,457.5590268999804,457.5590268999804,458.87680159998126,2.0,1.3151446999982,,,,,,,,,,,,,,,,,,,,,,01,001,,,2024-11-18_18h12.11.557,solo project,2024.2.1post4,59.574199377790045,2024-11-18 18h12.26.659558 +0530,
,,46,46,0,,,,,,,,,,storm,new,2.0,1.2988240999984555,,,,,,,,,,,,,,,,,0,46,46,52,,,,,458.8922698000097,,,,,,,,,,,,,,,,,,,,,,,,,,,,,,,,,,,,458.87928699998884,458.8922698000097,458.8922698000097,460.1933686999837,2.0,1.2988240999984555,,,,,,,,,,,,,,,,,,,,,,01,001,,,2024-11-18_18h12.11.557,solo project,2024.2.1post4,59.574199377790045,2024-11-18 18h12.26.659558 +0530,
,,47,47,0,,,,,,,,,,privacy,old,2.0,1.132175900042057,,,,,,,,,,,,,,,,,0,47,47,17,,,,,460.208735799999,,,,,,,,,,,,,,,,,,,,,,,,,,,,,,,,,,,,460.19587820000015,460.208735799999,460.208735799999,461.34407589997863,2.0,1.132175900042057,,,,,,,,,,,,,,,,,,,,,,01,001,,,2024-11-18_18h12.11.557,solo project,2024.2.1post4,59.574199377790045,2024-11-18 18h12.26.659558 +0530,
,,48,48,0,,,,,,,,,,rancid,old,2.0,1.0309292000019923,,,,,,,,,,,,,,,,,0,48,48,19,,,,,461.35906410001917,,,,,,,,,,,,,,,,,,,,,,,,,,,,,,,,,,,,461.34689799998887,461.35906410001917,461.35906410001917,462.3936472000205,2.0,1.0309292000019923,,,,,,,,,,,,,,,,,,,,,,01,001,,,2024-11-18_18h12.11.557,solo project,2024.2.1post4,59.574199377790045,2024-11-18 18h12.26.659558 +0530,
,,49,49,0,,,,,,,,,,watch,new,2.0,1.0984073999570683,,,,,,,,,,,,,,,,,0,49,49,58,,,,,462.409020400024,,,,,,,,,,,,,,,,,,,,,,,,,,,,,,,,,,,,462.3959430999821,462.409020400024,462.409020400024,463.509807800001,2.0,1.0984073999570683,,,,,,,,,,,,,,,,,,,,,,01,001,,,2024-11-18_18h12.11.557,solo project,2024.2.1post4,59.574199377790045,2024-11-18 18h12.26.659558 +0530,
,,50,50,0,,,,,,,,,,journal,old,2.0,1.0140694999718107,,,,,,,,,,,,,,,,,0,50,50,7,,,,,463.5256429000292,,,,,,,,,,,,,,,,,,,,,,,,,,,,,,,,,,,,463.5135316000087,463.5256429000292,463.5256429000292,464.54372150002746,2.0,1.0140694999718107,,,,,,,,,,,,,,,,,,,,,,01,001,,,2024-11-18_18h12.11.557,solo project,2024.2.1post4,59.574199377790045,2024-11-18 18h12.26.659558 +0530,
,,51,51,0,,,,,,,,,,manner,old,2.0,1.0149098000256345,,,,,,,,,,,,,,,,,0,51,51,11,,,,,464.5587383999955,,,,,,,,,,,,,,,,,,,,,,,,,,,,,,,,,,,,464.5460885000066,464.5587383999955,464.5587383999955,465.5768065000302,2.0,1.0149098000256345,,,,,,,,,,,,,,,,,,,,,,01,001,,,2024-11-18_18h12.11.557,solo project,2024.2.1post4,59.574199377790045,2024-11-18 18h12.26.659558 +0530,
,,52,52,0,,,,,,,,,,material,old,2.0,1.1648427000036463,,,,,,,,,,,,,,,,,0,52,52,12,,,,,465.5924350999994,,,,,,,,,,,,,,,,,,,,,,,,,,,,,,,,,,,,465.57919890002813,465.5924350999994,465.5924350999994,466.76023920002626,2.0,1.1648427000036463,,,,,,,,,,,,,,,,,,,,,,01,001,,,2024-11-18_18h12.11.557,solo project,2024.2.1post4,59.574199377790045,2024-11-18 18h12.26.659558 +0530,
,,53,53,0,,,,,,,,,,lighthouse,old,1.0,2.048626300005708,,,,,,,,,,,,,,,,,0,53,53,9,,,,,466.77567380003165,,,,,,,,,,,,,,,,,,,,,,,,,,,,,,,,,,,,466.7627349999966,466.77567380003165,466.77567380003165,468.82629180001095,1.0,2.048626300005708,,,,,,,,,,,,,,,,,,,,,,01,001,,,2024-11-18_18h12.11.557,solo project,2024.2.1post4,59.574199377790045,2024-11-18 18h12.26.659558 +0530,
,,54,54,0,,,,,,,,,,glacier,old,2.0,1.648585299961269,,,,,,,,,,,,,,,,,0,54,54,4,,,,,468.84225440002047,,,,,,,,,,,,,,,,,,,,,,,,,,,,,,,,,,,,468.8287119999877,468.84225440002047,468.84225440002047,470.4927579999785,2.0,1.648585299961269,,,,,,,,,,,,,,,,,,,,,,01,001,,,2024-11-18_18h12.11.557,solo project,2024.2.1post4,59.574199377790045,2024-11-18 18h12.26.659558 +0530,
,,55,55,0,,,,,,,,,,village,old,2.0,1.2989751999848522,,,,,,,,,,,,,,,,,0,55,55,28,,,,,470.50912960001733,,,,,,,,,,,,,,,,,,,,,,,,,,,,,,,,,,,,470.4950048000319,470.50912960001733,470.50912960001733,471.81028079998214,2.0,1.2989751999848522,,,,,,,,,,,,,,,,,,,,,,01,001,,,2024-11-18_18h12.11.557,solo project,2024.2.1post4,59.574199377790045,2024-11-18 18h12.26.659558 +0530,
,,56,56,0,,,,,,,,,,truck,new,2.0,0.9984238999895751,,,,,,,,,,,,,,,,,0,56,56,56,,,,,471.82572780002374,,,,,,,,,,,,,,,,,,,,,,,,,,,,,,,,,,,,471.8123380999896,471.82572780002374,471.82572780002374,472.8265988000203,2.0,0.9984238999895751,,,,,,,,,,,,,,,,,,,,,,01,001,,,2024-11-18_18h12.11.557,solo project,2024.2.1post4,59.574199377790045,2024-11-18 18h12.26.659558 +0530,
,,57,57,0,,,,,,,,,,radiator,old,2.0,1.0976977000245824,,,,,,,,,,,,,,,,,0,57,57,18,,,,,472.84187100001145,,,,,,,,,,,,,,,,,,,,,,,,,,,,,,,,,,,,472.82911059999606,472.84187100001145,472.84187100001145,473.94329299998935,2.0,1.0976977000245824,,,,,,,,,,,,,,,,,,,,,,01,001,,,2024-11-18_18h12.11.557,solo project,2024.2.1post4,59.574199377790045,2024-11-18 18h12.26.659558 +0530,
,,58,58,0,,,,,,,,,,repentant,new,2.0,1.1303363000042737,,,,,,,,,,,,,,,,,0,58,58,45,,,,,473.9589047000045,,,,,,,,,,,,,,,,,,,,,,,,,,,,,,,,,,,,473.94697569997516,473.9589047000045,473.9589047000045,475.09279540000716,2.0,1.1303363000042737,,,,,,,,,,,,,,,,,,,,,,01,001,,,2024-11-18_18h12.11.557,solo project,2024.2.1post4,59.574199377790045,2024-11-18 18h12.26.659558 +0530,
,,59,59,0,,,,,,,,,,hawk,new,2.0,3.0491603999980725,,,,,,,,,,,,,,,,,0,59,59,36,,,,,475.10861960001057,,,,,,,,,,,,,,,,,,,,,,,,,,,,,,,,,,,,475.09490119997645,475.10861960001057,475.10861960001057,478.1601446000277,2.0,3.0491603999980725,,,,,,,,,,,,,,,,,,,,,,01,001,,,2024-11-18_18h12.11.557,solo project,2024.2.1post4,59.574199377790045,2024-11-18 18h12.26.659558 +0530,
,,,,,,,,,,,,,,,,,,,,,,,,,,,,,,,,,,,,,,,,,,,,,,,,,,,,,,,,,,,,,,,,,,,,,,,,,,,,,,,,,,,,478.16074110002955,491.6600566999987,1,[13.483518099994399],[13.483523899980355],,,,,,,,,,,,,,,,,01,001,,,2024-11-18_18h12.11.557,solo project,2024.2.1post4,59.574199377790045,2024-11-18 18h12.26.659558 +0530,
,,,,,,,,,,,,,,,,,,,,,,,,,,,,,,,,,,,,,,,,,,,,,,,,,,,,,,,,,,,,,,,,,,,,,,,,,,,,,,,,,,,,,,,,,491.66025910002645,501.2760920000146,space,9.605381300032604,None,,,,,,,,,,,,01,001,,,2024-11-18_18h12.11.557,solo project,2024.2.1post4,59.574199377790045,2024-11-18 18h12.26.659558 +0530,
,,,,,,,,,,,,,,,,,,,,,,,,,,,,,,,,,,,,,,,,,,,,,,,,,,,,,,,,,,,,,,,,,,,,,,,,,,,,,,,,,,,,,,,,,,,,,,501.2761388000217,532.2427039000322,space,30.949825599964242,None,,,,,,,01,001,,,2024-11-18_18h12.11.557,solo project,2024.2.1post4,59.574199377790045,2024-11-18 18h12.26.659558 +0530,
,,0,0,0,,,,,,,,,,,,,,1,Telephoning in public,0.0,2.0,,,,,,,,,,,,,,,,,0,0,0,0,532.2751745000132,,,,,,,,,,,,,,,,,,,,,,,,,,,,,,,,,,,,,,,,,,,,,,,,,,,,,,,,,532.2539281999925,532.2751745000132,532.2751745000132,548.2616329999873,0.0,2.0,01,001,,,2024-11-18_18h12.11.557,solo project,2024.2.1post4,59.574199377790045,2024-11-18 18h12.26.659558 +0530,
,,1,1,0,,,,,,,,,,,,,,2,Participating in small groups,0.0,2.0,,,,,,,,,,,,,,,,,0,1,1,1,548.2796854000189,,,,,,,,,,,,,,,,,,,,,,,,,,,,,,,,,,,,,,,,,,,,,,,,,,,,,,,,,548.2657222999842,548.2796854000189,548.2796854000189,559.1282173999934,0.0,2.0,01,001,,,2024-11-18_18h12.11.557,solo project,2024.2.1post4,59.574199377790045,2024-11-18 18h12.26.659558 +0530,
,,2,2,0,,,,,,,,,,,,,,3,Eating in public places,0.0,3.0,,,,,,,,,,,,,,,,,0,2,2,2,559.1456833999837,,,,,,,,,,,,,,,,,,,,,,,,,,,,,,,,,,,,,,,,,,,,,,,,,,,,,,,,,559.1318389999797,559.1456833999837,559.1456833999837,565.577535199991,0.0,3.0,01,001,,,2024-11-18_18h12.11.557,solo project,2024.2.1post4,59.574199377790045,2024-11-18 18h12.26.659558 +0530,
,,3,3,0,,,,,,,,,,,,,,4,Drinking with others in public places,0.0,3.0,,,,,,,,,,,,,,,,,0,3,3,3,565.5961561999866,,,,,,,,,,,,,,,,,,,,,,,,,,,,,,,,,,,,,,,,,,,,,,,,,,,,,,,,,565.5822773000109,565.5961561999866,565.5961561999866,571.6611919000279,0.0,3.0,01,001,,,2024-11-18_18h12.11.557,solo project,2024.2.1post4,59.574199377790045,2024-11-18 18h12.26.659558 +0530,
,,4,4,0,,,,,,,,,,,,,,5,Talking to people in authority,1.0,2.0,,,,,,,,,,,,,,,,,0,4,4,4,571.6787972000311,,,,,,,,,,,,,,,,,,,,,,,,,,,,,,,,,,,,,,,,,,,,,,,,,,,,,,,,,571.6642534999992,571.6787972000311,571.6787972000311,578.8107137000188,1.0,2.0,01,001,,,2024-11-18_18h12.11.557,solo project,2024.2.1post4,59.574199377790045,2024-11-18 18h12.26.659558 +0530,
,,5,5,0,,,,,,,,,,,,,,6,"Acting, performing, or giving a talk in front of an audience",3.0,1.0,,,,,,,,,,,,,,,,,0,5,5,5,578.8294000999886,,,,,,,,,,,,,,,,,,,,,,,,,,,,,,,,,,,,,,,,,,,,,,,,,,,,,,,,,578.8149958000286,578.8294000999886,578.8294000999886,591.5777517000097,3.0,1.0,01,001,,,2024-11-18_18h12.11.557,solo project,2024.2.1post4,59.574199377790045,2024-11-18 18h12.26.659558 +0530,
,,6,6,0,,,,,,,,,,,,,,7,Going to a party,0.0,1.0,,,,,,,,,,,,,,,,,0,6,6,6,591.5965836999821,,,,,,,,,,,,,,,,,,,,,,,,,,,,,,,,,,,,,,,,,,,,,,,,,,,,,,,,,591.5825321000302,591.5965836999821,591.5965836999821,596.8938431999995,0.0,1.0,01,001,,,2024-11-18_18h12.11.557,solo project,2024.2.1post4,59.574199377790045,2024-11-18 18h12.26.659558 +0530,
,,7,7,0,,,,,,,,,,,,,,8,Working while being observed,2.0,0.0,,,,,,,,,,,,,,,,,0,7,7,7,596.9117642000201,,,,,,,,,,,,,,,,,,,,,,,,,,,,,,,,,,,,,,,,,,,,,,,,,,,,,,,,,596.8975656999974,596.9117642000201,596.9117642000201,603.9941395000205,2.0,0.0,01,001,,,2024-11-18_18h12.11.557,solo project,2024.2.1post4,59.574199377790045,2024-11-18 18h12.26.659558 +0530,
,,8,8,0,,,,,,,,,,,,,,9,Writing while being observed,2.0,0.0,,,,,,,,,,,,,,,,,0,8,8,8,604.0125308000133,,,,,,,,,,,,,,,,,,,,,,,,,,,,,,,,,,,,,,,,,,,,,,,,,,,,,,,,,603.9970929999836,604.0125308000133,604.0125308000133,608.1103035000269,2.0,0.0,01,001,,,2024-11-18_18h12.11.557,solo project,2024.2.1post4,59.574199377790045,2024-11-18 18h12.26.659558 +0530,
,,9,9,0,,,,,,,,,,,,,,10,Calling someone you don't know very well,1.0,2.0,,,,,,,,,,,,,,,,,0,9,9,9,608.1293071000255,,,,,,,,,,,,,,,,,,,,,,,,,,,,,,,,,,,,,,,,,,,,,,,,,,,,,,,,,608.1151562000159,608.1293071000255,608.1293071000255,613.6769371000119,1.0,2.0,01,001,,,2024-11-18_18h12.11.557,solo project,2024.2.1post4,59.574199377790045,2024-11-18 18h12.26.659558 +0530,
,,10,10,0,,,,,,,,,,,,,,11,Talking with people you don't know very well,2.0,1.0,,,,,,,,,,,,,,,,,0,10,10,10,613.6943475999869,,,,,,,,,,,,,,,,,,,,,,,,,,,,,,,,,,,,,,,,,,,,,,,,,,,,,,,,,613.6804851000197,613.6943475999869,613.6943475999869,621.9933421000023,2.0,1.0,01,001,,,2024-11-18_18h12.11.557,solo project,2024.2.1post4,59.574199377790045,2024-11-18 18h12.26.659558 +0530,
,,11,11,0,,,,,,,,,,,,,,12,Meeting strangers,1.0,1.0,,,,,,,,,,,,,,,,,0,11,11,11,622.0131881000125,,,,,,,,,,,,,,,,,,,,,,,,,,,,,,,,,,,,,,,,,,,,,,,,,,,,,,,,,621.9980932999752,622.0131881000125,622.0131881000125,633.476797899988,1.0,1.0,01,001,,,2024-11-18_18h12.11.557,solo project,2024.2.1post4,59.574199377790045,2024-11-18 18h12.26.659558 +0530,
,,12,12,0,,,,,,,,,,,,,,13,Urinating in a public bathroom,2.0,1.0,,,,,,,,,,,,,,,,,0,12,12,12,633.496186400007,,,,,,,,,,,,,,,,,,,,,,,,,,,,,,,,,,,,,,,,,,,,,,,,,,,,,,,,,633.4821485999855,633.496186400007,633.496186400007,671.2427787000197,2.0,1.0,01,001,,,2024-11-18_18h12.11.557,solo project,2024.2.1post4,59.574199377790045,2024-11-18 18h12.26.659558 +0530,
,,13,13,0,,,,,,,,,,,,,,14,Entering a room when others are already seated,0.0,0.0,,,,,,,,,,,,,,,,,0,13,13,13,671.2600943000289,,,,,,,,,,,,,,,,,,,,,,,,,,,,,,,,,,,,,,,,,,,,,,,,,,,,,,,,,671.2460154999862,671.2600943000289,671.2600943000289,681.8592545000138,0.0,0.0,01,001,,,2024-11-18_18h12.11.557,solo project,2024.2.1post4,59.574199377790045,2024-11-18 18h12.26.659558 +0530,
,,14,14,0,,,,,,,,,,,,,,15,Being the center of attention,1.0,3.0,,,,,,,,,,,,,,,,,0,14,14,14,681.8782755000284,,,,,,,,,,,,,,,,,,,,,,,,,,,,,,,,,,,,,,,,,,,,,,,,,,,,,,,,,681.8641176000237,681.8782755000284,681.8782755000284,693.0258647000301,1.0,3.0,01,001,,,2024-11-18_18h12.11.557,solo project,2024.2.1post4,59.574199377790045,2024-11-18 18h12.26.659558 +0530,
,,15,15,0,,,,,,,,,,,,,,16,Speaking up at a meeting,2.0,3.0,,,,,,,,,,,,,,,,,0,15,15,15,693.0438391999924,,,,,,,,,,,,,,,,,,,,,,,,,,,,,,,,,,,,,,,,,,,,,,,,,,,,,,,,,693.0297431999934,693.0438391999924,693.0438391999924,699.092487499991,2.0,3.0,01,001,,,2024-11-18_18h12.11.557,solo project,2024.2.1post4,59.574199377790045,2024-11-18 18h12.26.659558 +0530,
,,16,16,0,,,,,,,,,,,,,,17,Taking a test,2.0,2.0,,,,,,,,,,,,,,,,,0,16,16,16,699.1094048999948,,,,,,,,,,,,,,,,,,,,,,,,,,,,,,,,,,,,,,,,,,,,,,,,,,,,,,,,,699.0951717999997,699.1094048999948,699.1094048999948,704.2425370999845,2.0,2.0,01,001,,,2024-11-18_18h12.11.557,solo project,2024.2.1post4,59.574199377790045,2024-11-18 18h12.26.659558 +0530,
,,17,17,0,,,,,,,,,,,,,,18,Expressing a disagreement or disapproval to people you don’t know very well,0.0,0.0,,,,,,,,,,,,,,,,,0,17,17,17,704.2692356000189,,,,,,,,,,,,,,,,,,,,,,,,,,,,,,,,,,,,,,,,,,,,,,,,,,,,,,,,,704.2551457000081,704.2692356000189,704.2692356000189,711.2421497000032,0.0,0.0,01,001,,,2024-11-18_18h12.11.557,solo project,2024.2.1post4,59.574199377790045,2024-11-18 18h12.26.659558 +0530,
,,18,18,0,,,,,,,,,,,,,,19,Looking at people you don't know very well in the eyes,0.0,0.0,,,,,,,,,,,,,,,,,0,18,18,18,711.2620236999937,,,,,,,,,,,,,,,,,,,,,,,,,,,,,,,,,,,,,,,,,,,,,,,,,,,,,,,,,711.2474212999805,711.2620236999937,711.2620236999937,718.0095319999964,0.0,0.0,01,001,,,2024-11-18_18h12.11.557,solo project,2024.2.1post4,59.574199377790045,2024-11-18 18h12.26.659558 +0530,
,,19,19,0,,,,,,,,,,,,,,20,Giving a report to a group,1.0,1.0,,,,,,,,,,,,,,,,,0,19,19,19,718.0270581999794,,,,,,,,,,,,,,,,,,,,,,,,,,,,,,,,,,,,,,,,,,,,,,,,,,,,,,,,,718.0124087000149,718.0270581999794,718.0270581999794,725.359441299981,1.0,1.0,01,001,,,2024-11-18_18h12.11.557,solo project,2024.2.1post4,59.574199377790045,2024-11-18 18h12.26.659558 +0530,
,,20,20,0,,,,,,,,,,,,,,21,Trying to pick up someone,2.0,3.0,,,,,,,,,,,,,,,,,0,20,20,20,725.3764500999823,,,,,,,,,,,,,,,,,,,,,,,,,,,,,,,,,,,,,,,,,,,,,,,,,,,,,,,,,725.3623701999895,725.3764500999823,725.3764500999823,734.9583452999941,2.0,3.0,01,001,,,2024-11-18_18h12.11.557,solo project,2024.2.1post4,59.574199377790045,2024-11-18 18h12.26.659558 +0530,
,,21,21,0,,,,,,,,,,,,,,22,Returning goods to a store,1.0,1.0,,,,,,,,,,,,,,,,,0,21,21,21,734.9765396000003,,,,,,,,,,,,,,,,,,,,,,,,,,,,,,,,,,,,,,,,,,,,,,,,,,,,,,,,,734.9625538000255,734.9765396000003,734.9765396000003,742.5423785999883,1.0,1.0,01,001,,,2024-11-18_18h12.11.557,solo project,2024.2.1post4,59.574199377790045,2024-11-18 18h12.26.659558 +0530,
,,22,22,0,,,,,,,,,,,,,,23,Giving a party,0.0,0.0,,,,,,,,,,,,,,,,,0,22,22,22,742.5594187999959,,,,,,,,,,,,,,,,,,,,,,,,,,,,,,,,,,,,,,,,,,,,,,,,,,,,,,,,,742.5451051000273,742.5594187999959,742.5594187999959,751.1084314999753,0.0,0.0,01,001,,,2024-11-18_18h12.11.557,solo project,2024.2.1post4,59.574199377790045,2024-11-18 18h12.26.659558 +0530,
,,23,23,0,,,,,,,,,,,,,,24,Resisting a high pressure salesperson,1.0,3.0,,,,,,,,,,,,,,,,,0,23,23,23,751.1274966999772,,,,,,,,,,,,,,,,,,,,,,,,,,,,,,,,,,,,,,,,,,,,,,,,,,,,,,,,,751.1116780000157,751.1274966999772,751.1274966999772,761.8836226999993,1.0,3.0,01,001,,,2024-11-18_18h12.11.557,solo project,2024.2.1post4,59.574199377790045,2024-11-18 18h12.26.659558 +0530,
