﻿no_per,dsr_per,thisN,thisTrialN,thisRepN,slider.response,slider.rt,no_exp,dsr_exp,slider_2.response,imagefile,type,subtype,study_word,test_word,old_new,slider_3.response,slider_3.rt,lsas_no,lsas_situation,slider_4.response,slider_5.response,trials.thisRepN,trials.thisTrialN,trials.thisN,trials.thisIndex,trials_2.thisRepN,trials_2.thisTrialN,trials_2.thisN,trials_2.thisIndex,trials_3.thisRepN,trials_3.thisTrialN,trials_3.thisN,trials_3.thisIndex,trials_4.thisRepN,trials_4.thisTrialN,trials_4.thisN,trials_4.thisIndex,trials_5.thisRepN,trials_5.thisTrialN,trials_5.thisN,trials_5.thisIndex,thisRow.t,notes,consent.started,consent.stopped,button.numClicks,button.timesOn,button.timesOff,dsr_personal.started,text.started,question.started,slider.started,dsr_personal.stopped,trials.slider.response,trials.slider.rt,dsr_experience.started,dsr_experience.stopped,trials_2.slider_2.response,instr.started,instr.stopped,key_resp.keys,key_resp.rt,key_resp.duration,encoding.started,fixation.started,study_image.started,studyword.started,fixation.stopped,study_image.stopped,studyword.stopped,encoding.stopped,test_instruction.started,key_resp_2.started,test_instruction.stopped,key_resp_2.keys,key_resp_2.rt,key_resp_2.duration,testing.started,t_word.started,slider_3.started,testing.stopped,trials_4.slider_3.response,trials_4.slider_3.rt,end.started,end.stopped,button_2.numClicks,button_2.timesOn,button_2.timesOff,brk.started,brk.stopped,key_resp_3.keys,key_resp_3.rt,key_resp_3.duration,lsas_instr.started,lsas_instr.stopped,key_resp_4.keys,key_resp_4.rt,key_resp_4.duration,lsas.started,text_2.started,text_3.started,lsas.stopped,trials_5.slider_4.response,trials_5.slider_5.response,participant,session,sex,age,date,expName,psychopyVersion,frameRate,expStart,
,,,,,,,,,,,,,,,,,,,,,,,,,,,,,,,,,,,,,,,,,,,,0.00737100001424551,3.0657262000022456,1,[3.041960400005337],[3.041982499998994],,,,,,,,,,,,,,,,,,,,,,,,,,,,,,,,,,,,,,,,,,,,,,,,,,,,,,,,,02,001,female,20,2024-11-18_21h39.20.570,solo project,2024.2.1post4,59.388629708743736,2024-11-18 21h39.49.489095 +0530,
1,"I might be willing to try eating monkey meat, under some circumstances.",0,0,0,0.0,3.171817700029351,,,,,,,,,,,,,,,,0,0,0,0,,,,,,,,,,,,,,,,,3.1080598000553437,,,,,,,3.0898872000398114,3.1080598000553437,3.1080598000553437,3.1080598000553437,6.277796300011687,0.0,3.171817700029351,,,,,,,,,,,,,,,,,,,,,,,,,,,,,,,,,,,,,,,,,,,,,,,,,,02,001,female,20,2024-11-18_21h39.20.570,solo project,2024.2.1post4,59.388629708743736,2024-11-18 21h39.49.489095 +0530,
2,It would bother me to be in a science class and to see a human preserved in a jar.,1,1,0,0.0,5.760857400018722,,,,,,,,,,,,,,,,0,1,1,1,,,,,,,,,,,,,,,,,6.294476900016889,,,,,,,6.284067900036462,6.294476900016889,6.294476900016889,6.294476900016889,12.061373900040053,0.0,5.760857400018722,,,,,,,,,,,,,,,,,,,,,,,,,,,,,,,,,,,,,,,,,,,,,,,,,,02,001,female,20,2024-11-18_21h39.20.570,solo project,2024.2.1post4,59.388629708743736,2024-11-18 21h39.49.489095 +0530,
3,It bothers me to hear someone clear a throat full of mucous.,2,2,0,0.0,6.7965710000135005,,,,,,,,,,,,,,,,0,2,2,2,,,,,,,,,,,,,,,,,12.076675500022247,,,,,,,12.065272900043055,12.076675500022247,12.076675500022247,12.076675500022247,18.877250600024126,0.0,6.7965710000135005,,,,,,,,,,,,,,,,,,,,,,,,,,,,,,,,,,,,,,,,,,,,,,,,,,02,001,female,20,2024-11-18_21h39.20.570,solo project,2024.2.1post4,59.388629708743736,2024-11-18 21h39.49.489095 +0530,
4,I never let any part of my body touch the toilet seat in public restrooms.,3,3,0,1.0,6.497070399986114,,,,,,,,,,,,,,,,0,3,3,3,,,,,,,,,,,,,,,,,18.892928900022525,,,,,,,18.881045200047083,18.892928900022525,18.892928900022525,18.892928900022525,25.39416710002115,1.0,6.497070399986114,,,,,,,,,,,,,,,,,,,,,,,,,,,,,,,,,,,,,,,,,,,,,,,,,,02,001,female,20,2024-11-18_21h39.20.570,solo project,2024.2.1post4,59.388629708743736,2024-11-18 21h39.49.489095 +0530,
5,I would go out of my way to avoid walking through a graveyard.,4,4,0,0.0,5.31530550000025,,,,,,,,,,,,,,,,0,4,4,4,,,,,,,,,,,,,,,,,25.41021180001553,,,,,,,25.397154100006446,25.41021180001553,25.41021180001553,25.41021180001553,30.72758220002288,0.0,5.31530550000025,,,,,,,,,,,,,,,,,,,,,,,,,,,,,,,,,,,,,,,,,,,,,,,,,,02,001,female,20,2024-11-18_21h39.20.570,solo project,2024.2.1post4,59.388629708743736,2024-11-18 21h39.49.489095 +0530,
6,Seeing a cockroach in someone else's house doesn't bother me.,5,5,0,1.0,6.344865399994887,,,,,,,,,,,,,,,,0,5,5,5,,,,,,,,,,,,,,,,,30.744025000021793,,,,,,,30.733380900055636,30.744025000021793,30.744025000021793,30.744025000021793,37.09402630000841,1.0,6.344865399994887,,,,,,,,,,,,,,,,,,,,,,,,,,,,,,,,,,,,,,,,,,,,,,,,,,02,001,female,20,2024-11-18_21h39.20.570,solo project,2024.2.1post4,59.388629708743736,2024-11-18 21h39.49.489095 +0530,
7,It would bother me tremendously to touch a dead body.,6,6,0,1.0,5.5480280999909155,,,,,,,,,,,,,,,,0,6,6,6,,,,,,,,,,,,,,,,,37.10993660002714,,,,,,,37.09694910002872,37.10993660002714,37.10993660002714,37.10993660002714,42.66101640003035,1.0,5.5480280999909155,,,,,,,,,,,,,,,,,,,,,,,,,,,,,,,,,,,,,,,,,,,,,,,,,,02,001,female,20,2024-11-18_21h39.20.570,solo project,2024.2.1post4,59.388629708743736,2024-11-18 21h39.49.489095 +0530,
8,"If I see someone vomit, it makes me sick to my stomach.",7,7,0,3.0,3.3473469999735244,,,,,,,,,,,,,,,,0,7,7,7,,,,,,,,,,,,,,,,,42.67642890004208,,,,,,,42.66461300000083,42.67642890004208,42.67642890004208,42.67642890004208,46.02725199999986,3.0,3.3473469999735244,,,,,,,,,,,,,,,,,,,,,,,,,,,,,,,,,,,,,,,,,,,,,,,,,,02,001,female,20,2024-11-18_21h39.20.570,solo project,2024.2.1post4,59.388629708743736,2024-11-18 21h39.49.489095 +0530,
9,I probably would not go to my favorite restaurant if I found out that the cook had a cold.,8,8,0,0.0,4.013432300009299,,,,,,,,,,,,,,,,0,8,8,8,,,,,,,,,,,,,,,,,46.043031200009864,,,,,,,46.03166480001528,46.043031200009864,46.043031200009864,46.043031200009864,50.0605073000188,0.0,4.013432300009299,,,,,,,,,,,,,,,,,,,,,,,,,,,,,,,,,,,,,,,,,,,,,,,,,,02,001,female,20,2024-11-18_21h39.20.570,solo project,2024.2.1post4,59.388629708743736,2024-11-18 21h39.49.489095 +0530,
10,It would not upset me at all to watch a person with a glass eye take the eye out of the socket.,9,9,0,0.0,3.2803385000443086,,,,,,,,,,,,,,,,0,9,9,9,,,,,,,,,,,,,,,,,50.07651480002096,,,,,,,50.06440410000505,50.07651480002096,50.07651480002096,50.07651480002096,53.36085980001371,0.0,3.2803385000443086,,,,,,,,,,,,,,,,,,,,,,,,,,,,,,,,,,,,,,,,,,,,,,,,,,02,001,female,20,2024-11-18_21h39.20.570,solo project,2024.2.1post4,59.388629708743736,2024-11-18 21h39.49.489095 +0530,
11,It would bother me to see a rat run across my path in a park.,10,10,0,0.0,5.109932999999728,,,,,,,,,,,,,,,,0,10,10,10,,,,,,,,,,,,,,,,,53.375824200047646,,,,,,,53.3642665000516,53.375824200047646,53.375824200047646,53.375824200047646,58.49060080002528,0.0,5.109932999999728,,,,,,,,,,,,,,,,,,,,,,,,,,,,,,,,,,,,,,,,,,,,,,,,,,02,001,female,20,2024-11-18_21h39.20.570,solo project,2024.2.1post4,59.388629708743736,2024-11-18 21h39.49.489095 +0530,
12,I would rather eat a piece of fruit than a piece of paper.,11,11,0,3.0,6.528309800021816,,,,,,,,,,,,,,,,0,11,11,11,,,,,,,,,,,,,,,,,58.51188310002908,,,,,,,58.495252900000196,58.51188310002908,58.51188310002908,58.51188310002908,65.04011390003143,3.0,6.528309800021816,,,,,,,,,,,,,,,,,,,,,,,,,,,,,,,,,,,,,,,,,,,,,,,,,,02,001,female,20,2024-11-18_21h39.20.570,solo project,2024.2.1post4,59.388629708743736,2024-11-18 21h39.49.489095 +0530,
13,"Even if I was hungry, I would not drink a bowl of my favorite soup if It had been stirred by a used but thoroughly washed flyswatter.",12,12,0,4.0,13.343894199992064,,,,,,,,,,,,,,,,0,12,12,12,,,,,,,,,,,,,,,,,65.05613760004053,,,,,,,65.04604730004212,65.05613760004053,65.05613760004053,65.05613760004053,78.40623120003147,4.0,13.343894199992064,,,,,,,,,,,,,,,,,,,,,,,,,,,,,,,,,,,,,,,,,,,,,,,,,,02,001,female,20,2024-11-18_21h39.20.570,solo project,2024.2.1post4,59.388629708743736,2024-11-18 21h39.49.489095 +0530,
14,It would bother me to sleep in a nice hotel room if I knew that a man had died of a heart attack in that room the night before.,13,13,0,1.0,7.496683100005612,,,,,,,,,,,,,,,,0,13,13,13,,,,,,,,,,,,,,,,,78.42238800000632,,,,,,,78.41066990001127,78.42238800000632,78.42238800000632,78.42238800000632,85.92287040001247,1.0,7.496683100005612,,,,,,,,,,,,,,,,,,,,,,,,,,,,,,,,,,,,,,,,,,,,,,,,,,02,001,female,20,2024-11-18_21h39.20.570,solo project,2024.2.1post4,59.388629708743736,2024-11-18 21h39.49.489095 +0530,
,,0,0,0,,,15,You see maggots on a piece of meat in an outdoor or garbage pail.,3.0,,,,,,,,,,,,,,,,,0,0,0,0,,,,,,,,,,,,,85.9453508000006,,,,,,,,,,,,,,85.93202870001551,91.78946610004641,3.0,,,,,,,,,,,,,,,,,,,,,,,,,,,,,,,,,,,,,,,,,,,,,,,02,001,female,20,2024-11-18_21h39.20.570,solo project,2024.2.1post4,59.388629708743736,2024-11-18 21h39.49.489095 +0530,
,,1,1,0,,,16,You see person eating apple with a knife and fork.,0.0,,,,,,,,,,,,,,,,,0,1,1,1,,,,,,,,,,,,,91.8050060000387,,,,,,,,,,,,,,91.79231000004802,96.25638030003756,0.0,,,,,,,,,,,,,,,,,,,,,,,,,,,,,,,,,,,,,,,,,,,,,,,02,001,female,20,2024-11-18_21h39.20.570,solo project,2024.2.1post4,59.388629708743736,2024-11-18 21h39.49.489095 +0530,
,,2,2,0,,,17,"While you are walking through a tunner under a railroad track, you smell urine.",1.0,,,,,,,,,,,,,,,,,0,2,2,2,,,,,,,,,,,,,96.27934480004478,,,,,,,,,,,,,,96.26788780000061,108.27240760001587,1.0,,,,,,,,,,,,,,,,,,,,,,,,,,,,,,,,,,,,,,,,,,,,,,,02,001,female,20,2024-11-18_21h39.20.570,solo project,2024.2.1post4,59.388629708743736,2024-11-18 21h39.49.489095 +0530,
,,3,3,0,,,18,"You take a sip of soda, an then realize that you drank from the glass that an acquaintance of yours had been drinking from.",0.0,,,,,,,,,,,,,,,,,0,3,3,3,,,,,,,,,,,,,108.29547290003393,,,,,,,,,,,,,,108.28441570000723,115.80567620001966,0.0,,,,,,,,,,,,,,,,,,,,,,,,,,,,,,,,,,,,,,,,,,,,,,,02,001,female,20,2024-11-18_21h39.20.570,solo project,2024.2.1post4,59.388629708743736,2024-11-18 21h39.49.489095 +0530,
,,4,4,0,,,19,"Your friend's pet cat dies, and you have to pick up the dead body with your bare hands.",0.0,,,,,,,,,,,,,,,,,0,4,4,4,,,,,,,,,,,,,115.82134890003363,,,,,,,,,,,,,,115.80943640001351,121.33909470000071,0.0,,,,,,,,,,,,,,,,,,,,,,,,,,,,,,,,,,,,,,,,,,,,,,,02,001,female,20,2024-11-18_21h39.20.570,solo project,2024.2.1post4,59.388629708743736,2024-11-18 21h39.49.489095 +0530,
,,5,5,0,,,20,You see someone put ketchup on vanilla ice cream and eat it.,1.0,,,,,,,,,,,,,,,,,0,5,5,5,,,,,,,,,,,,,121.3544103000313,,,,,,,,,,,,,,121.34229980001692,127.18900510005187,1.0,,,,,,,,,,,,,,,,,,,,,,,,,,,,,,,,,,,,,,,,,,,,,,,02,001,female,20,2024-11-18_21h39.20.570,solo project,2024.2.1post4,59.388629708743736,2024-11-18 21h39.49.489095 +0530,
,,6,6,0,,,21,You see a man with his intestines exposed after an accident.,2.0,,,,,,,,,,,,,,,,,0,6,6,6,,,,,,,,,,,,,127.20437480002875,,,,,,,,,,,,,,127.19309559999965,130.92256150004687,2.0,,,,,,,,,,,,,,,,,,,,,,,,,,,,,,,,,,,,,,,,,,,,,,,02,001,female,20,2024-11-18_21h39.20.570,solo project,2024.2.1post4,59.388629708743736,2024-11-18 21h39.49.489095 +0530,
,,7,7,0,,,22,You discover that a friend of yours changes underwear only once a week.,3.0,,,,,,,,,,,,,,,,,0,7,7,7,,,,,,,,,,,,,130.93826780002564,,,,,,,,,,,,,,130.92605310003273,134.8057012000354,3.0,,,,,,,,,,,,,,,,,,,,,,,,,,,,,,,,,,,,,,,,,,,,,,,02,001,female,20,2024-11-18_21h39.20.570,solo project,2024.2.1post4,59.388629708743736,2024-11-18 21h39.49.489095 +0530,
,,8,8,0,,,23,A friend offers you a piece of chocolate shaped like dog-doo.,3.0,,,,,,,,,,,,,,,,,0,8,8,8,,,,,,,,,,,,,134.82133870001417,,,,,,,,,,,,,,134.8102416000329,140.08904570003506,3.0,,,,,,,,,,,,,,,,,,,,,,,,,,,,,,,,,,,,,,,,,,,,,,,02,001,female,20,2024-11-18_21h39.20.570,solo project,2024.2.1post4,59.388629708743736,2024-11-18 21h39.49.489095 +0530,
,,9,9,0,,,24,You accidentally touch the ashes of a person who has been cremated.,0.0,,,,,,,,,,,,,,,,,0,9,9,9,,,,,,,,,,,,,140.10389810003107,,,,,,,,,,,,,,140.09237040003063,145.15543949999847,0.0,,,,,,,,,,,,,,,,,,,,,,,,,,,,,,,,,,,,,,,,,,,,,,,02,001,female,20,2024-11-18_21h39.20.570,solo project,2024.2.1post4,59.388629708743736,2024-11-18 21h39.49.489095 +0530,
,,10,10,0,,,25,You are about to drink a glass of milk when you smell that it is spoiled.,1.0,,,,,,,,,,,,,,,,,0,10,10,10,,,,,,,,,,,,,145.17077510000672,,,,,,,,,,,,,,145.15899270004593,148.82177960005356,1.0,,,,,,,,,,,,,,,,,,,,,,,,,,,,,,,,,,,,,,,,,,,,,,,02,001,female,20,2024-11-18_21h39.20.570,solo project,2024.2.1post4,59.388629708743736,2024-11-18 21h39.49.489095 +0530,
,,11,11,0,,,26,"As a part of a sex education class, you are required to inflate a new unlubricated condom using your mouth.",2.0,,,,,,,,,,,,,,,,,0,11,11,11,,,,,,,,,,,,,148.83714700001292,,,,,,,,,,,,,,148.8264014000306,156.58918120001908,2.0,,,,,,,,,,,,,,,,,,,,,,,,,,,,,,,,,,,,,,,,,,,,,,,02,001,female,20,2024-11-18_21h39.20.570,solo project,2024.2.1post4,59.388629708743736,2024-11-18 21h39.49.489095 +0530,
,,12,12,0,,,27,"You are walking barefoot on concrete, and you step on an earthworm.",0.0,,,,,,,,,,,,,,,,,0,12,12,12,,,,,,,,,,,,,156.603787,,,,,,,,,,,,,,156.59316980000585,166.18797740002628,0.0,,,,,,,,,,,,,,,,,,,,,,,,,,,,,,,,,,,,,,,,,,,,,,,02,001,female,20,2024-11-18_21h39.20.570,solo project,2024.2.1post4,59.388629708743736,2024-11-18 21h39.49.489095 +0530,
,,,,,,,,,,,,,,,,,,,,,,,,,,,,,,,,,,,,,,,,,,,,,,,,,,,,,,,,,,,166.18806890002452,174.7209106000373,space,8.507799100014381,None,,,,,,,,,,,,,,,,,,,,,,,,,,,,,,,,,,,,,,,,,,02,001,female,20,2024-11-18_21h39.20.570,solo project,2024.2.1post4,59.388629708743736,2024-11-18 21h39.49.489095 +0530,
,,0,0,0,,,,,,images/1149_body products neutral_lum.jpg,neutral,body product,skeptical,,,,,,,,,,,,,,,,,0,0,0,23,,,,,,,,,174.76352970005246,,,,,,,,,,,,,,,,,,,,,,174.75306160002947,174.76352970005246,175.72925340000074,175.72925340000074,175.77923900005408,177.7391516000498,177.7391516000498,177.71328380005434,,,,,,,,,,,,,,,,,,,,,,,,,,,,,,,,,,02,001,female,20,2024-11-18_21h39.20.570,solo project,2024.2.1post4,59.388629708743736,2024-11-18 21h39.49.489095 +0530,
,,1,1,0,,,,,,images/1118_body products_lum.jpg,disgust,body product,reverent,,,,,,,,,,,,,,,,,0,1,1,8,,,,,,,,,177.7391516000498,,,,,,,,,,,,,,,,,,,,,,177.7357646000455,177.7391516000498,178.72929950000253,178.72929950000253,178.7459608000354,180.7383157000295,180.7383157000295,180.71310490003088,,,,,,,,,,,,,,,,,,,,,,,,,,,,,,,,,,02,001,female,20,2024-11-18_21h39.20.570,solo project,2024.2.1post4,59.388629708743736,2024-11-18 21h39.49.489095 +0530,
,,2,2,0,,,,,,images/1049_food_neutral_lum.jpg,neutral,food,privacy,,,,,,,,,,,,,,,,,0,2,2,17,,,,,,,,,180.7383157000295,,,,,,,,,,,,,,,,,,,,,,180.734746000031,180.7383157000295,181.72919250000268,181.72919250000268,181.7461641000118,183.73958700004732,183.73958700004732,183.71320150000975,,,,,,,,,,,,,,,,,,,,,,,,,,,,,,,,,,02,001,female,20,2024-11-18_21h39.20.570,solo project,2024.2.1post4,59.388629708743736,2024-11-18 21h39.49.489095 +0530,
,,3,3,0,,,,,,images/1146_body products neutral_lum.jpg,neutral,body product,reptile,,,,,,,,,,,,,,,,,0,3,3,22,,,,,,,,,183.73958700004732,,,,,,,,,,,,,,,,,,,,,,183.73428010003408,183.73958700004732,184.72890210000332,184.72890210000332,184.74596890003886,186.73959980002837,186.73959980002837,186.71330490004038,,,,,,,,,,,,,,,,,,,,,,,,,,,,,,,,,,02,001,female,20,2024-11-18_21h39.20.570,solo project,2024.2.1post4,59.388629708743736,2024-11-18 21h39.49.489095 +0530,
,,4,4,0,,,,,,images/1044_food_neutral_lum.jpg,neutral,food,custom,,,,,,,,,,,,,,,,,0,4,4,16,,,,,,,,,186.73959980002837,,,,,,,,,,,,,,,,,,,,,,186.73615180002525,186.73959980002837,187.72915330005344,187.72915330005344,187.74575450003613,189.73915790003957,189.73915790003957,189.71330370003125,,,,,,,,,,,,,,,,,,,,,,,,,,,,,,,,,,02,001,female,20,2024-11-18_21h39.20.570,solo project,2024.2.1post4,59.388629708743736,2024-11-18 21h39.49.489095 +0530,
,,5,5,0,,,,,,images/1100_animals_neutral_lum.jpg,neutral,animal,nursery,,,,,,,,,,,,,,,,,0,5,5,20,,,,,,,,,189.73915790003957,,,,,,,,,,,,,,,,,,,,,,189.73381730000256,189.73915790003957,190.72893200005637,190.72893200005637,190.7456984000164,192.73850750003476,192.73850750003476,192.71276660001604,,,,,,,,,,,,,,,,,,,,,,,,,,,,,,,,,,02,001,female,20,2024-11-18_21h39.20.570,solo project,2024.2.1post4,59.388629708743736,2024-11-18 21h39.49.489095 +0530,
,,6,6,0,,,,,,images/1032_food_lum.jpg,disgust,food,rattle,,,,,,,,,,,,,,,,,0,6,6,2,,,,,,,,,192.73850750003476,,,,,,,,,,,,,,,,,,,,,,192.7332723000436,192.73850750003476,193.72960030002287,193.72960030002287,193.745751200011,195.7387232000474,195.7387232000474,195.71304000000237,,,,,,,,,,,,,,,,,,,,,,,,,,,,,,,,,,02,001,female,20,2024-11-18_21h39.20.570,solo project,2024.2.1post4,59.388629708743736,2024-11-18 21h39.49.489095 +0530,
,,7,7,0,,,,,,images/1291_hygiene neutral_lum.jpg,neutral,hygeine,hard,,,,,,,,,,,,,,,,,0,7,7,28,,,,,,,,,195.7387232000474,,,,,,,,,,,,,,,,,,,,,,195.73534870002186,195.7387232000474,196.72884790005628,196.72884790005628,196.74607220001053,198.73984440002823,198.73984440002823,198.7125134000089,,,,,,,,,,,,,,,,,,,,,,,,,,,,,,,,,,02,001,female,20,2024-11-18_21h39.20.570,solo project,2024.2.1post4,59.388629708743736,2024-11-18 21h39.49.489095 +0530,
,,8,8,0,,,,,,images/1104_body products_lum.jpg,disgust,body product,material,,,,,,,,,,,,,,,,,0,8,8,6,,,,,,,,,198.73984440002823,,,,,,,,,,,,,,,,,,,,,,198.73487520002527,198.73984440002823,199.72891800000798,199.72891800000798,199.74574950005626,201.73963530000765,201.73963530000765,201.713499400008,,,,,,,,,,,,,,,,,,,,,,,,,,,,,,,,,,02,001,female,20,2024-11-18_21h39.20.570,solo project,2024.2.1post4,59.388629708743736,2024-11-18 21h39.49.489095 +0530,
,,9,9,0,,,,,,images/1143_body products neutral_lum.jpg,neutral,body product,invest,,,,,,,,,,,,,,,,,0,9,9,21,,,,,,,,,201.73963530000765,,,,,,,,,,,,,,,,,,,,,,201.73428610002156,201.73963530000765,202.72875900001964,202.72875900001964,202.74592290003784,204.74031970003853,204.74031970003853,204.71294200001284,,,,,,,,,,,,,,,,,,,,,,,,,,,,,,,,,,02,001,female,20,2024-11-18_21h39.20.570,solo project,2024.2.1post4,59.388629708743736,2024-11-18 21h39.49.489095 +0530,
,,10,10,0,,,,,,images/1001_food_lum.jpg,disgust,food,radiator,,,,,,,,,,,,,,,,,0,10,10,0,,,,,,,,,204.74031970003853,,,,,,,,,,,,,,,,,,,,,,204.73520070000086,204.74031970003853,205.72935720003443,205.72935720003443,205.74574870005017,207.7387229000451,207.7387229000451,207.71246330003487,,,,,,,,,,,,,,,,,,,,,,,,,,,,,,,,,,02,001,female,20,2024-11-18_21h39.20.570,solo project,2024.2.1post4,59.388629708743736,2024-11-18 21h39.49.489095 +0530,
,,11,11,0,,,,,,images/1271_hygiene_lum.jpg,disgust,hygeine,limber,,,,,,,,,,,,,,,,,0,11,11,14,,,,,,,,,207.7387229000451,,,,,,,,,,,,,,,,,,,,,,207.73540980002144,207.7387229000451,208.72858300001826,208.72858300001826,208.74531540001044,210.73828530003084,210.73828530003084,210.71257770003285,,,,,,,,,,,,,,,,,,,,,,,,,,,,,,,,,,02,001,female,20,2024-11-18_21h39.20.570,solo project,2024.2.1post4,59.388629708743736,2024-11-18 21h39.49.489095 +0530,
,,12,12,0,,,,,,images/1247_death neutral_lum.jpg,neutral,death,wine,,,,,,,,,,,,,,,,,0,12,12,26,,,,,,,,,210.73828530003084,,,,,,,,,,,,,,,,,,,,,,210.73428090004018,210.73828530003084,211.72855820000404,211.72855820000404,211.74605180002982,213.73293990001548,213.73293990001548,213.7131266000215,,,,,,,,,,,,,,,,,,,,,,,,,,,,,,,,,,02,001,female,20,2024-11-18_21h39.20.570,solo project,2024.2.1post4,59.388629708743736,2024-11-18 21h39.49.489095 +0530,
,,13,13,0,,,,,,images/1200_injuries_infections neutral_lum.jpg,neutral,injury/infection,village,,,,,,,,,,,,,,,,,0,13,13,25,,,,,,,,,213.73293990001548,,,,,,,,,,,,,,,,,,,,,,213.72958280000603,213.73293990001548,214.7284755000146,214.7284755000146,214.74559860001318,216.73882000002777,216.73882000002777,216.7131910000462,,,,,,,,,,,,,,,,,,,,,,,,,,,,,,,,,,02,001,female,20,2024-11-18_21h39.20.570,solo project,2024.2.1post4,59.388629708743736,2024-11-18 21h39.49.489095 +0530,
,,14,14,0,,,,,,images/1013_food_lum.jpg,disgust,food,stiff,,,,,,,,,,,,,,,,,0,14,14,1,,,,,,,,,216.73882000002777,,,,,,,,,,,,,,,,,,,,,,216.73547550005605,216.73882000002777,217.72879880003165,217.72879880003165,217.7453061999986,219.73160660004942,219.73160660004942,219.71239190001506,,,,,,,,,,,,,,,,,,,,,,,,,,,,,,,,,,02,001,female,20,2024-11-18_21h39.20.570,solo project,2024.2.1post4,59.388629708743736,2024-11-18 21h39.49.489095 +0530,
,,15,15,0,,,,,,images/1165_injuries_infections_lum.jpg,disgust,injury/infection,glacier,,,,,,,,,,,,,,,,,0,15,15,10,,,,,,,,,219.73160660004942,,,,,,,,,,,,,,,,,,,,,,219.72653830004856,219.73160660004942,220.7288900000276,220.7288900000276,220.74497560004238,222.73191470000893,222.73191470000893,222.71231950004585,,,,,,,,,,,,,,,,,,,,,,,,,,,,,,,,,,02,001,female,20,2024-11-18_21h39.20.570,solo project,2024.2.1post4,59.388629708743736,2024-11-18 21h39.49.489095 +0530,
,,16,16,0,,,,,,images/1253_hygiene_lum.jpg,disgust,hygeine,manner,,,,,,,,,,,,,,,,,0,16,16,13,,,,,,,,,222.73191470000893,,,,,,,,,,,,,,,,,,,,,,222.7269987000036,222.73191470000893,223.7285715000471,223.7285715000471,223.74534780002432,225.73854760004906,225.73854760004906,225.7124397000298,,,,,,,,,,,,,,,,,,,,,,,,,,,,,,,,,,02,001,female,20,2024-11-18_21h39.20.570,solo project,2024.2.1post4,59.388629708743736,2024-11-18 21h39.49.489095 +0530,
,,17,17,0,,,,,,images/1041_food_neutral_lum.jpg,neutral,food,trumpet,,,,,,,,,,,,,,,,,0,17,17,15,,,,,,,,,225.73854760004906,,,,,,,,,,,,,,,,,,,,,,225.73359530000016,225.73854760004906,226.7285529000219,226.7285529000219,226.74513740005204,228.73532980005257,228.73532980005257,228.71283260005293,,,,,,,,,,,,,,,,,,,,,,,,,,,,,,,,,,02,001,female,20,2024-11-18_21h39.20.570,solo project,2024.2.1post4,59.388629708743736,2024-11-18 21h39.49.489095 +0530,
,,18,18,0,,,,,,images/1107_body products_lum.jpg,disgust,body product,passage,,,,,,,,,,,,,,,,,0,18,18,7,,,,,,,,,228.73532980005257,,,,,,,,,,,,,,,,,,,,,,228.72974810004234,228.73532980005257,229.72845830000006,229.72845830000006,229.74504130001878,231.73784020001767,231.73784020001767,231.7127566000563,,,,,,,,,,,,,,,,,,,,,,,,,,,,,,,,,,02,001,female,20,2024-11-18_21h39.20.570,solo project,2024.2.1post4,59.388629708743736,2024-11-18 21h39.49.489095 +0530,
,,19,19,0,,,,,,images/1073_animals_lum.jpg,disgust,animal,journal,,,,,,,,,,,,,,,,,0,19,19,5,,,,,,,,,231.73784020001767,,,,,,,,,,,,,,,,,,,,,,231.734454200021,231.73784020001767,232.72839880001266,232.72839880001266,232.74523540004157,234.73843150003813,234.73843150003813,234.71213740005624,,,,,,,,,,,,,,,,,,,,,,,,,,,,,,,,,,02,001,female,20,2024-11-18_21h39.20.570,solo project,2024.2.1post4,59.388629708743736,2024-11-18 21h39.49.489095 +0530,
,,20,20,0,,,,,,images/1153_injuries_infections_lum.jpg,disgust,injury/infection,elevator,,,,,,,,,,,,,,,,,0,20,20,9,,,,,,,,,234.73843150003813,,,,,,,,,,,,,,,,,,,,,,234.73341610003263,234.73843150003813,235.72864740004297,235.72864740004297,235.74528310005553,237.73963910003658,237.73963910003658,237.71241970005212,,,,,,,,,,,,,,,,,,,,,,,,,,,,,,,,,,02,001,female,20,2024-11-18_21h39.20.570,solo project,2024.2.1post4,59.388629708743736,2024-11-18 21h39.49.489095 +0530,
,,21,21,0,,,,,,images/1054_animals_lum.jpg,disgust,animal,serious,,,,,,,,,,,,,,,,,0,21,21,3,,,,,,,,,237.73963910003658,,,,,,,,,,,,,,,,,,,,,,237.73425630002748,237.73963910003658,238.72842730005505,238.72842730005505,238.74488170002587,240.73209290002706,240.73209290002706,240.7123173000291,,,,,,,,,,,,,,,,,,,,,,,,,,,,,,,,,,02,001,female,20,2024-11-18_21h39.20.570,solo project,2024.2.1post4,59.388629708743736,2024-11-18 21h39.49.489095 +0530,
,,22,22,0,,,,,,images/1093_animals_neutral_lum.jpg,neutral,animal,lighthouse,,,,,,,,,,,,,,,,,0,22,22,18,,,,,,,,,240.73209290002706,,,,,,,,,,,,,,,,,,,,,,240.727108400024,240.73209290002706,241.72803350002505,241.72803350002505,241.7448692000471,243.7342446000548,243.7342446000548,243.7121613000054,,,,,,,,,,,,,,,,,,,,,,,,,,,,,,,,,,02,001,female,20,2024-11-18_21h39.20.570,solo project,2024.2.1post4,59.388629708743736,2024-11-18 21h39.49.489095 +0530,
,,23,23,0,,,,,,images/1299_hygiene neutral_lum.jpg,neutral,hygeine,rancid,,,,,,,,,,,,,,,,,0,23,23,29,,,,,,,,,243.7342446000548,,,,,,,,,,,,,,,,,,,,,,243.72875530004967,243.7342446000548,244.7281092000194,244.7281092000194,244.744741100003,246.73737899999833,246.73737899999833,246.71193370001856,,,,,,,,,,,,,,,,,,,,,,,,,,,,,,,,,,02,001,female,20,2024-11-18_21h39.20.570,solo project,2024.2.1post4,59.388629708743736,2024-11-18 21h39.49.489095 +0530,
,,24,24,0,,,,,,images/1099_animals_neutral_lum.jpg,neutral,animal,coast,,,,,,,,,,,,,,,,,0,24,24,19,,,,,,,,,246.73737899999833,,,,,,,,,,,,,,,,,,,,,,246.73233510000864,246.73737899999833,247.7285643000505,247.7285643000505,247.74489680002443,249.73812020005425,249.73812020005425,249.71228320000228,,,,,,,,,,,,,,,,,,,,,,,,,,,,,,,,,,02,001,female,20,2024-11-18_21h39.20.570,solo project,2024.2.1post4,59.388629708743736,2024-11-18 21h39.49.489095 +0530,
,,25,25,0,,,,,,images/1192_injuries_infections neutral_lum.jpg,neutral,injury/infection,stove,,,,,,,,,,,,,,,,,0,25,25,24,,,,,,,,,249.73812020005425,,,,,,,,,,,,,,,,,,,,,,249.7329471000121,249.73812020005425,250.72818830003962,250.72818830003962,250.7445740000112,252.7321743000066,252.7321743000066,252.7119551000069,,,,,,,,,,,,,,,,,,,,,,,,,,,,,,,,,,02,001,female,20,2024-11-18_21h39.20.570,solo project,2024.2.1post4,59.388629708743736,2024-11-18 21h39.49.489095 +0530,
,,26,26,0,,,,,,images/1250_death neutral_lum.jpg,neutral,death,neurotic,,,,,,,,,,,,,,,,,0,26,26,27,,,,,,,,,252.7321743000066,,,,,,,,,,,,,,,,,,,,,,252.7274528000271,252.7321743000066,253.72817480005324,253.72817480005324,253.7449960000231,255.73712210002122,255.73712210002122,255.71240200003376,,,,,,,,,,,,,,,,,,,,,,,,,,,,,,,,,,02,001,female,20,2024-11-18_21h39.20.570,solo project,2024.2.1post4,59.388629708743736,2024-11-18 21h39.49.489095 +0530,
,,27,27,0,,,,,,images/1062_animals_lum.jpg,disgust,animal,ennui,,,,,,,,,,,,,,,,,0,27,27,4,,,,,,,,,255.73712210002122,,,,,,,,,,,,,,,,,,,,,,255.73235040000873,255.73712210002122,256.7281615000102,256.7281615000102,256.7447929000482,258.73922420002054,258.73922420002054,258.71223410003586,,,,,,,,,,,,,,,,,,,,,,,,,,,,,,,,,,02,001,female,20,2024-11-18_21h39.20.570,solo project,2024.2.1post4,59.388629708743736,2024-11-18 21h39.49.489095 +0530,
,,28,28,0,,,,,,images/1223_death_lum.jpg,disgust,death,mischief,,,,,,,,,,,,,,,,,0,28,28,12,,,,,,,,,258.73922420002054,,,,,,,,,,,,,,,,,,,,,,258.7339220000431,258.73922420002054,259.72805060003884,259.72805060003884,259.7446879000054,261.7400176000083,261.7400176000083,261.711972900026,,,,,,,,,,,,,,,,,,,,,,,,,,,,,,,,,,02,001,female,20,2024-11-18_21h39.20.570,solo project,2024.2.1post4,59.388629708743736,2024-11-18 21h39.49.489095 +0530,
,,29,29,0,,,,,,images/1202_death_lum.jpg,disgust,death,lantern,,,,,,,,,,,,,,,,,0,29,29,11,,,,,,,,,261.7400176000083,,,,,,,,,,,,,,,,,,,,,,261.7346466000308,261.7400176000083,262.7281105000293,262.7281105000293,262.74491540004965,264.7277701999992,264.7277701999992,264.71193300001323,,,,,,,,,,,,,,,,,,,,,,,,,,,,,,,,,,02,001,female,20,2024-11-18_21h39.20.570,solo project,2024.2.1post4,59.388629708743736,2024-11-18 21h39.49.489095 +0530,
,,,,,,,,,,,,,,,,,,,,,,,,,,,,,,,,,,,,,,,,,,,,,,,,,,,,,,,,,,,,,,,,,,,,,,,,264.71202480001375,2.006954799988307,269.6623154000263,space,2.9331458999658935,None,,,,,,,,,,,,,,,,,,,,,,,,,,,,02,001,female,20,2024-11-18_21h39.20.570,solo project,2024.2.1post4,59.388629708743736,2024-11-18 21h39.49.489095 +0530,
,,0,0,0,,,,,,,,,,whistle,new,2.0,2.028912700014189,,,,,,,,,,,,,,,,,0,0,0,59,,,,,269.69890220003435,,,,,,,,,,,,,,,,,,,,,,,,,,,,,,,,,,,,269.68796890001977,269.69890220003435,269.69890220003435,271.7327719000168,2.0,2.028912700014189,,,,,,,,,,,,,,,,,,,,,,02,001,female,20,2024-11-18_21h39.20.570,solo project,2024.2.1post4,59.388629708743736,2024-11-18 21h39.49.489095 +0530,
,,1,1,0,,,,,,,,,,journal,old,1.0,1.9095553000224754,,,,,,,,,,,,,,,,,0,1,1,7,,,,,271.7482208000147,,,,,,,,,,,,,,,,,,,,,,,,,,,,,,,,,,,,271.74052400002256,271.7482208000147,271.7482208000147,273.6661739000119,1.0,1.9095553000224754,,,,,,,,,,,,,,,,,,,,,,02,001,female,20,2024-11-18_21h39.20.570,solo project,2024.2.1post4,59.388629708743736,2024-11-18 21h39.49.489095 +0530,
,,2,2,0,,,,,,,,,,stiff,old,1.0,1.130026699975133,,,,,,,,,,,,,,,,,0,2,2,25,,,,,273.6816466000164,,,,,,,,,,,,,,,,,,,,,,,,,,,,,,,,,,,,273.67012200003956,273.6816466000164,273.6816466000164,274.8162758000544,1.0,1.130026699975133,,,,,,,,,,,,,,,,,,,,,,02,001,female,20,2024-11-18_21h39.20.570,solo project,2024.2.1post4,59.388629708743736,2024-11-18 21h39.49.489095 +0530,
,,3,3,0,,,,,,,,,,limber,old,1.0,1.1462890999973752,,,,,,,,,,,,,,,,,0,3,3,10,,,,,274.8318105000071,,,,,,,,,,,,,,,,,,,,,,,,,,,,,,,,,,,,274.8215906000114,274.8318105000071,274.8318105000071,275.98278780002147,1.0,1.1462890999973752,,,,,,,,,,,,,,,,,,,,,,02,001,female,20,2024-11-18_21h39.20.570,solo project,2024.2.1post4,59.388629708743736,2024-11-18 21h39.49.489095 +0530,
,,4,4,0,,,,,,,,,,ennui,old,1.0,1.132297100033611,,,,,,,,,,,,,,,,,0,4,4,3,,,,,275.9982202000101,,,,,,,,,,,,,,,,,,,,,,,,,,,,,,,,,,,,275.9849372000317,275.9982202000101,275.9982202000101,277.13244030001806,1.0,1.132297100033611,,,,,,,,,,,,,,,,,,,,,,02,001,female,20,2024-11-18_21h39.20.570,solo project,2024.2.1post4,59.388629708743736,2024-11-18 21h39.49.489095 +0530,
,,5,5,0,,,,,,,,,,skeptical,old,2.0,2.6461384000140242,,,,,,,,,,,,,,,,,0,5,5,24,,,,,277.1479738000198,,,,,,,,,,,,,,,,,,,,,,,,,,,,,,,,,,,,277.1375293000019,277.1479738000198,277.1479738000198,279.7991699000122,2.0,2.6461384000140242,,,,,,,,,,,,,,,,,,,,,,02,001,female,20,2024-11-18_21h39.20.570,solo project,2024.2.1post4,59.388629708743736,2024-11-18 21h39.49.489095 +0530,
,,6,6,0,,,,,,,,,,privacy,old,2.0,2.713515700015705,,,,,,,,,,,,,,,,,0,6,6,17,,,,,279.8151587000466,,,,,,,,,,,,,,,,,,,,,,,,,,,,,,,,,,,,279.80370400001993,279.8151587000466,279.8151587000466,282.53277480002725,2.0,2.713515700015705,,,,,,,,,,,,,,,,,,,,,,02,001,female,20,2024-11-18_21h39.20.570,solo project,2024.2.1post4,59.388629708743736,2024-11-18 21h39.49.489095 +0530,
,,7,7,0,,,,,,,,,,manner,old,1.0,1.3478806000202894,,,,,,,,,,,,,,,,,0,7,7,11,,,,,282.5481839000131,,,,,,,,,,,,,,,,,,,,,,,,,,,,,,,,,,,,282.5350690000341,282.5481839000131,282.5481839000131,283.8992127000238,1.0,1.3478806000202894,,,,,,,,,,,,,,,,,,,,,,02,001,female,20,2024-11-18_21h39.20.570,solo project,2024.2.1post4,59.388629708743736,2024-11-18 21h39.49.489095 +0530,
,,8,8,0,,,,,,,,,,coast,old,1.0,5.264908699959051,,,,,,,,,,,,,,,,,0,8,8,0,,,,,283.91493350005476,,,,,,,,,,,,,,,,,,,,,,,,,,,,,,,,,,,,283.9013666000101,283.91493350005476,283.91493350005476,289.1828494000365,1.0,5.264908699959051,,,,,,,,,,,,,,,,,,,,,,02,001,female,20,2024-11-18_21h39.20.570,solo project,2024.2.1post4,59.388629708743736,2024-11-18 21h39.49.489095 +0530,
,,9,9,0,,,,,,,,,,paint,new,2.0,1.3649595000315458,,,,,,,,,,,,,,,,,0,9,9,43,,,,,289.1983241000562,,,,,,,,,,,,,,,,,,,,,,,,,,,,,,,,,,,,289.1852268000366,289.1983241000562,289.1983241000562,290.56639370002085,2.0,1.3649595000315458,,,,,,,,,,,,,,,,,,,,,,02,001,female,20,2024-11-18_21h39.20.570,solo project,2024.2.1post4,59.388629708743736,2024-11-18 21h39.49.489095 +0530,
,,10,10,0,,,,,,,,,,concentrate,new,2.0,1.7807311000069603,,,,,,,,,,,,,,,,,0,10,10,31,,,,,290.5812047000509,,,,,,,,,,,,,,,,,,,,,,,,,,,,,,,,,,,,290.56975720002083,290.5812047000509,290.5812047000509,292.3663293000427,2.0,1.7807311000069603,,,,,,,,,,,,,,,,,,,,,,02,001,female,20,2024-11-18_21h39.20.570,solo project,2024.2.1post4,59.388629708743736,2024-11-18 21h39.49.489095 +0530,
,,11,11,0,,,,,,,,,,elevator,old,1.0,1.498431200045161,,,,,,,,,,,,,,,,,0,11,11,2,,,,,292.38222350005526,,,,,,,,,,,,,,,,,,,,,,,,,,,,,,,,,,,,292.3685358000221,292.38222350005526,292.38222350005526,293.8824270000332,1.0,1.498431200045161,,,,,,,,,,,,,,,,,,,,,,02,001,female,20,2024-11-18_21h39.20.570,solo project,2024.2.1post4,59.388629708743736,2024-11-18 21h39.49.489095 +0530,
,,12,12,0,,,,,,,,,,rattle,old,1.0,1.1829578999895602,,,,,,,,,,,,,,,,,0,12,12,20,,,,,293.89800169999944,,,,,,,,,,,,,,,,,,,,,,,,,,,,,,,,,,,,293.8844694000436,293.89800169999944,293.89800169999944,295.0825159000233,1.0,1.1829578999895602,,,,,,,,,,,,,,,,,,,,,,02,001,female,20,2024-11-18_21h39.20.570,solo project,2024.2.1post4,59.388629708743736,2024-11-18 21h39.49.489095 +0530,
,,13,13,0,,,,,,,,,,poetry,new,2.0,2.082098299986683,,,,,,,,,,,,,,,,,0,13,13,44,,,,,295.098257500038,,,,,,,,,,,,,,,,,,,,,,,,,,,,,,,,,,,,295.08477080002194,295.098257500038,295.098257500038,297.18265990004875,2.0,2.082098299986683,,,,,,,,,,,,,,,,,,,,,,02,001,female,20,2024-11-18_21h39.20.570,solo project,2024.2.1post4,59.388629708743736,2024-11-18 21h39.49.489095 +0530,
,,14,14,0,,,,,,,,,,watch,new,2.0,1.7975065000355244,,,,,,,,,,,,,,,,,0,14,14,58,,,,,297.197880700056,,,,,,,,,,,,,,,,,,,,,,,,,,,,,,,,,,,,297.18572010000935,297.197880700056,297.197880700056,298.99915820005117,2.0,1.7975065000355244,,,,,,,,,,,,,,,,,,,,,,02,001,female,20,2024-11-18_21h39.20.570,solo project,2024.2.1post4,59.388629708743736,2024-11-18 21h39.49.489095 +0530,
,,15,15,0,,,,,,,,,,hawk,new,2.0,1.2485081999911927,,,,,,,,,,,,,,,,,0,15,15,36,,,,,299.0149097000249,,,,,,,,,,,,,,,,,,,,,,,,,,,,,,,,,,,,299.0013003000058,299.0149097000249,299.0149097000249,300.26600420003524,2.0,1.2485081999911927,,,,,,,,,,,,,,,,,,,,,,02,001,female,20,2024-11-18_21h39.20.570,solo project,2024.2.1post4,59.388629708743736,2024-11-18 21h39.49.489095 +0530,
,,16,16,0,,,,,,,,,,skyscraper,new,2.0,3.164039099996444,,,,,,,,,,,,,,,,,0,16,16,51,,,,,300.28150030004326,,,,,,,,,,,,,,,,,,,,,,,,,,,,,,,,,,,,300.2692647000076,300.28150030004326,300.28150030004326,303.4488061000011,2.0,3.164039099996444,,,,,,,,,,,,,,,,,,,,,,02,001,female,20,2024-11-18_21h39.20.570,solo project,2024.2.1post4,59.388629708743736,2024-11-18 21h39.49.489095 +0530,
,,17,17,0,,,,,,,,,,lantern,old,1.0,1.99851820000913,,,,,,,,,,,,,,,,,0,17,17,8,,,,,303.46439780003857,,,,,,,,,,,,,,,,,,,,,,,,,,,,,,,,,,,,303.4510229000007,303.46439780003857,303.46439780003857,305.4661588000017,1.0,1.99851820000913,,,,,,,,,,,,,,,,,,,,,,02,001,female,20,2024-11-18_21h39.20.570,solo project,2024.2.1post4,59.388629708743736,2024-11-18 21h39.49.489095 +0530,
,,18,18,0,,,,,,,,,,shadow,new,2.0,2.079545800050255,,,,,,,,,,,,,,,,,0,18,18,50,,,,,305.4813934000558,,,,,,,,,,,,,,,,,,,,,,,,,,,,,,,,,,,,305.47029399999883,305.4813934000558,305.4813934000558,307.5656784000457,2.0,2.079545800050255,,,,,,,,,,,,,,,,,,,,,,02,001,female,20,2024-11-18_21h39.20.570,solo project,2024.2.1post4,59.388629708743736,2024-11-18 21h39.49.489095 +0530,
,,19,19,0,,,,,,,,,,village,old,1.0,1.8805561999906786,,,,,,,,,,,,,,,,,0,19,19,28,,,,,307.58097760000965,,,,,,,,,,,,,,,,,,,,,,,,,,,,,,,,,,,,307.5694134000223,307.58097760000965,307.58097760000965,309.46547160000773,1.0,1.8805561999906786,,,,,,,,,,,,,,,,,,,,,,02,001,female,20,2024-11-18_21h39.20.570,solo project,2024.2.1post4,59.388629708743736,2024-11-18 21h39.49.489095 +0530,
,,20,20,0,,,,,,,,,,scissors,new,2.0,2.4822107999934815,,,,,,,,,,,,,,,,,0,20,20,48,,,,,309.48146030004136,,,,,,,,,,,,,,,,,,,,,,,,,,,,,,,,,,,,309.4677167000482,309.48146030004136,309.48146030004136,311.96572510001715,2.0,2.4822107999934815,,,,,,,,,,,,,,,,,,,,,,02,001,female,20,2024-11-18_21h39.20.570,solo project,2024.2.1post4,59.388629708743736,2024-11-18 21h39.49.489095 +0530,
,,21,21,0,,,,,,,,,,glacier,old,1.0,1.8315333000500686,,,,,,,,,,,,,,,,,0,21,21,4,,,,,311.9810996000306,,,,,,,,,,,,,,,,,,,,,,,,,,,,,,,,,,,,311.9681498000282,311.9810996000306,311.9810996000306,313.81568090000656,1.0,1.8315333000500686,,,,,,,,,,,,,,,,,,,,,,02,001,female,20,2024-11-18_21h39.20.570,solo project,2024.2.1post4,59.388629708743736,2024-11-18 21h39.49.489095 +0530,
,,22,22,0,,,,,,,,,,clock,new,2.0,1.9731745999888517,,,,,,,,,,,,,,,,,0,22,22,30,,,,,313.8314949000487,,,,,,,,,,,,,,,,,,,,,,,,,,,,,,,,,,,,313.81796549999854,313.8314949000487,313.8314949000487,315.80775330000324,2.0,1.9731745999888517,,,,,,,,,,,,,,,,,,,,,,02,001,female,20,2024-11-18_21h39.20.570,solo project,2024.2.1post4,59.388629708743736,2024-11-18 21h39.49.489095 +0530,
,,23,23,0,,,,,,,,,,rancid,old,1.0,1.7643613999825902,,,,,,,,,,,,,,,,,0,23,23,19,,,,,315.82319510000525,,,,,,,,,,,,,,,,,,,,,,,,,,,,,,,,,,,,315.810348500032,315.82319510000525,315.82319510000525,317.5899948000442,1.0,1.7643613999825902,,,,,,,,,,,,,,,,,,,,,,02,001,female,20,2024-11-18_21h39.20.570,solo project,2024.2.1post4,59.388629708743736,2024-11-18 21h39.49.489095 +0530,
,,24,24,0,,,,,,,,,,neurotic,old,1.0,1.8822053999756463,,,,,,,,,,,,,,,,,0,24,24,14,,,,,317.60594360000687,,,,,,,,,,,,,,,,,,,,,,,,,,,,,,,,,,,,317.5925009000348,317.60594360000687,317.60594360000687,319.4901827000431,1.0,1.8822053999756463,,,,,,,,,,,,,,,,,,,,,,02,001,female,20,2024-11-18_21h39.20.570,solo project,2024.2.1post4,59.388629708743736,2024-11-18 21h39.49.489095 +0530,
,,25,25,0,,,,,,,,,,salute,new,1.0,2.732062299968675,,,,,,,,,,,,,,,,,0,25,25,47,,,,,319.5060692000552,,,,,,,,,,,,,,,,,,,,,,,,,,,,,,,,,,,,319.492335500021,319.5060692000552,319.5060692000552,322.24036049999995,1.0,2.732062299968675,,,,,,,,,,,,,,,,,,,,,,02,001,female,20,2024-11-18_21h39.20.570,solo project,2024.2.1post4,59.388629708743736,2024-11-18 21h39.49.489095 +0530,
,,26,26,0,,,,,,,,,,repentant,new,1.0,2.0654493999900296,,,,,,,,,,,,,,,,,0,26,26,45,,,,,322.25628380000126,,,,,,,,,,,,,,,,,,,,,,,,,,,,,,,,,,,,322.24287770001683,322.25628380000126,322.25628380000126,324.32373460003873,1.0,2.0654493999900296,,,,,,,,,,,,,,,,,,,,,,02,001,female,20,2024-11-18_21h39.20.570,solo project,2024.2.1post4,59.388629708743736,2024-11-18 21h39.49.489095 +0530,
,,27,27,0,,,,,,,,,,stove,old,2.0,4.214859500003513,,,,,,,,,,,,,,,,,0,27,27,26,,,,,324.33955150004476,,,,,,,,,,,,,,,,,,,,,,,,,,,,,,,,,,,,324.325948600017,324.33955150004476,324.33955150004476,328.556741300039,2.0,4.214859500003513,,,,,,,,,,,,,,,,,,,,,,02,001,female,20,2024-11-18_21h39.20.570,solo project,2024.2.1post4,59.388629708743736,2024-11-18 21h39.49.489095 +0530,
,,28,28,0,,,,,,,,,,tease,new,2.0,1.4323335000080988,,,,,,,,,,,,,,,,,0,28,28,54,,,,,328.57245570002124,,,,,,,,,,,,,,,,,,,,,,,,,,,,,,,,,,,,328.5588362000417,328.57245570002124,328.57245570002124,330.00687040004414,2.0,1.4323335000080988,,,,,,,,,,,,,,,,,,,,,,02,001,female,20,2024-11-18_21h39.20.570,solo project,2024.2.1post4,59.388629708743736,2024-11-18 21h39.49.489095 +0530,
,,29,29,0,,,,,,,,,,teacher,new,2.0,0.9978142000036314,,,,,,,,,,,,,,,,,0,29,29,53,,,,,330.0227264999994,,,,,,,,,,,,,,,,,,,,,,,,,,,,,,,,,,,,330.0098391000065,330.0227264999994,330.0227264999994,331.02410900004907,2.0,0.9978142000036314,,,,,,,,,,,,,,,,,,,,,,02,001,female,20,2024-11-18_21h39.20.570,solo project,2024.2.1post4,59.388629708743736,2024-11-18 21h39.49.489095 +0530,
,,30,30,0,,,,,,,,,,medicine,new,2.0,1.0138100000331178,,,,,,,,,,,,,,,,,0,30,30,42,,,,,331.039271000016,,,,,,,,,,,,,,,,,,,,,,,,,,,,,,,,,,,,331.0272982000024,331.039271000016,331.039271000016,332.05715870001586,2.0,1.0138100000331178,,,,,,,,,,,,,,,,,,,,,,02,001,female,20,2024-11-18_21h39.20.570,solo project,2024.2.1post4,59.388629708743736,2024-11-18 21h39.49.489095 +0530,
,,31,31,0,,,,,,,,,,highway,new,2.0,1.0481261999811977,,,,,,,,,,,,,,,,,0,31,31,37,,,,,332.0727135000052,,,,,,,,,,,,,,,,,,,,,,,,,,,,,,,,,,,,332.0595503000077,332.0727135000052,332.0727135000052,333.12359110004036,2.0,1.0481261999811977,,,,,,,,,,,,,,,,,,,,,,02,001,female,20,2024-11-18_21h39.20.570,solo project,2024.2.1post4,59.388629708743736,2024-11-18 21h39.49.489095 +0530,
,,32,32,0,,,,,,,,,,contents,new,2.0,1.0982784000225365,,,,,,,,,,,,,,,,,0,32,32,32,,,,,333.1391394000384,,,,,,,,,,,,,,,,,,,,,,,,,,,,,,,,,,,,333.1262615000014,333.1391394000384,333.1391394000384,334.24032330000773,2.0,1.0982784000225365,,,,,,,,,,,,,,,,,,,,,,02,001,female,20,2024-11-18_21h39.20.570,solo project,2024.2.1post4,59.388629708743736,2024-11-18 21h39.49.489095 +0530,
,,33,33,0,,,,,,,,,,reverent,old,1.0,1.8314713999861851,,,,,,,,,,,,,,,,,0,33,33,22,,,,,334.25586830003886,,,,,,,,,,,,,,,,,,,,,,,,,,,,,,,,,,,,334.2426778000081,334.25586830003886,334.25586830003886,336.0899097000365,1.0,1.8314713999861851,,,,,,,,,,,,,,,,,,,,,,02,001,female,20,2024-11-18_21h39.20.570,solo project,2024.2.1post4,59.388629708743736,2024-11-18 21h39.49.489095 +0530,
,,34,34,0,,,,,,,,,,custom,old,1.0,1.332175699993968,,,,,,,,,,,,,,,,,0,34,34,1,,,,,336.10617959999945,,,,,,,,,,,,,,,,,,,,,,,,,,,,,,,,,,,,336.09222290001344,336.10617959999945,336.10617959999945,337.4407646000036,1.0,1.332175699993968,,,,,,,,,,,,,,,,,,,,,,02,001,female,20,2024-11-18_21h39.20.570,solo project,2024.2.1post4,59.388629708743736,2024-11-18 21h39.49.489095 +0530,
,,35,35,0,,,,,,,,,,reptile,old,2.0,2.6314568999805488,,,,,,,,,,,,,,,,,0,35,35,21,,,,,337.45633930002805,,,,,,,,,,,,,,,,,,,,,,,,,,,,,,,,,,,,337.4430018000421,337.45633930002805,337.45633930002805,340.0900453000213,2.0,2.6314568999805488,,,,,,,,,,,,,,,,,,,,,,02,001,female,20,2024-11-18_21h39.20.570,solo project,2024.2.1post4,59.388629708743736,2024-11-18 21h39.49.489095 +0530,
,,36,36,0,,,,,,,,,,passage,old,1.0,1.714748199970927,,,,,,,,,,,,,,,,,0,36,36,16,,,,,340.105747100024,,,,,,,,,,,,,,,,,,,,,,,,,,,,,,,,,,,,340.0928721000091,340.105747100024,340.105747100024,341.8232837000396,1.0,1.714748199970927,,,,,,,,,,,,,,,,,,,,,,02,001,female,20,2024-11-18_21h39.20.570,solo project,2024.2.1post4,59.388629708743736,2024-11-18 21h39.49.489095 +0530,
,,37,37,0,,,,,,,,,,trumpet,old,1.0,1.1985784000135027,,,,,,,,,,,,,,,,,0,37,37,27,,,,,341.83888580003986,,,,,,,,,,,,,,,,,,,,,,,,,,,,,,,,,,,,341.82578750001267,341.83888580003986,341.83888580003986,343.0399179000524,1.0,1.1985784000135027,,,,,,,,,,,,,,,,,,,,,,02,001,female,20,2024-11-18_21h39.20.570,solo project,2024.2.1post4,59.388629708743736,2024-11-18 21h39.49.489095 +0530,
,,38,38,0,,,,,,,,,,material,old,1.0,1.0487927999929525,,,,,,,,,,,,,,,,,0,38,38,12,,,,,343.05588610004634,,,,,,,,,,,,,,,,,,,,,,,,,,,,,,,,,,,,343.0425499000121,343.05588610004634,343.05588610004634,344.10681010002736,1.0,1.0487927999929525,,,,,,,,,,,,,,,,,,,,,,02,001,female,20,2024-11-18_21h39.20.570,solo project,2024.2.1post4,59.388629708743736,2024-11-18 21h39.49.489095 +0530,
,,39,39,0,,,,,,,,,,market,new,1.0,1.3157610999769531,,,,,,,,,,,,,,,,,0,39,39,41,,,,,344.12269020004896,,,,,,,,,,,,,,,,,,,,,,,,,,,,,,,,,,,,344.1091238000081,344.12269020004896,344.12269020004896,345.44007340003736,1.0,1.3157610999769531,,,,,,,,,,,,,,,,,,,,,,02,001,female,20,2024-11-18_21h39.20.570,solo project,2024.2.1post4,59.388629708743736,2024-11-18 21h39.49.489095 +0530,
,,40,40,0,,,,,,,,,,serious,old,2.0,2.615585200022906,,,,,,,,,,,,,,,,,0,40,40,23,,,,,345.45587570004864,,,,,,,,,,,,,,,,,,,,,,,,,,,,,,,,,,,,345.44217400002526,345.45587570004864,345.45587570004864,348.0730894000153,2.0,2.615585200022906,,,,,,,,,,,,,,,,,,,,,,02,001,female,20,2024-11-18_21h39.20.570,solo project,2024.2.1post4,59.388629708743736,2024-11-18 21h39.49.489095 +0530,
,,41,41,0,,,,,,,,,,trunk,new,1.0,1.5325304999714717,,,,,,,,,,,,,,,,,0,41,41,57,,,,,348.08917640004074,,,,,,,,,,,,,,,,,,,,,,,,,,,,,,,,,,,,348.07531350001227,348.08917640004074,348.08917640004074,349.6234921000432,1.0,1.5325304999714717,,,,,,,,,,,,,,,,,,,,,,02,001,female,20,2024-11-18_21h39.20.570,solo project,2024.2.1post4,59.388629708743736,2024-11-18 21h39.49.489095 +0530,
,,42,42,0,,,,,,,,,,detail,new,2.0,1.7472188000101596,,,,,,,,,,,,,,,,,0,42,42,33,,,,,349.6388208999997,,,,,,,,,,,,,,,,,,,,,,,,,,,,,,,,,,,,349.6268956999993,349.6388208999997,349.6388208999997,351.3900364000001,2.0,1.7472188000101596,,,,,,,,,,,,,,,,,,,,,,02,001,female,20,2024-11-18_21h39.20.570,solo project,2024.2.1post4,59.388629708743736,2024-11-18 21h39.49.489095 +0530,
,,43,43,0,,,,,,,,,,truck,new,2.0,1.8299753000028431,,,,,,,,,,,,,,,,,0,43,43,56,,,,,351.4054456000449,,,,,,,,,,,,,,,,,,,,,,,,,,,,,,,,,,,,351.3935595000512,351.4054456000449,351.4054456000449,353.2400121000246,2.0,1.8299753000028431,,,,,,,,,,,,,,,,,,,,,,02,001,female,20,2024-11-18_21h39.20.570,solo project,2024.2.1post4,59.388629708743736,2024-11-18 21h39.49.489095 +0530,
,,44,44,0,,,,,,,,,,storm,new,2.0,1.165056000056211,,,,,,,,,,,,,,,,,0,44,44,52,,,,,353.2559474000009,,,,,,,,,,,,,,,,,,,,,,,,,,,,,,,,,,,,353.24210200004745,353.2559474000009,353.2559474000009,354.4230815000483,2.0,1.165056000056211,,,,,,,,,,,,,,,,,,,,,,02,001,female,20,2024-11-18_21h39.20.570,solo project,2024.2.1post4,59.388629708743736,2024-11-18 21h39.49.489095 +0530,
,,45,45,0,,,,,,,,,,hand,new,2.0,1.1821371999685653,,,,,,,,,,,,,,,,,0,45,45,35,,,,,354.4388358000433,,,,,,,,,,,,,,,,,,,,,,,,,,,,,,,,,,,,354.4252330000163,354.4388358000433,354.4388358000433,355.6235470000538,2.0,1.1821371999685653,,,,,,,,,,,,,,,,,,,,,,02,001,female,20,2024-11-18_21h39.20.570,solo project,2024.2.1post4,59.388629708743736,2024-11-18 21h39.49.489095 +0530,
,,46,46,0,,,,,,,,,,industry,new,1.0,2.064597800024785,,,,,,,,,,,,,,,,,0,46,46,38,,,,,355.6391079000314,,,,,,,,,,,,,,,,,,,,,,,,,,,,,,,,,,,,355.6262905000476,355.6391079000314,355.6391079000314,357.70657110004686,1.0,2.064597800024785,,,,,,,,,,,,,,,,,,,,,,02,001,female,20,2024-11-18_21h39.20.570,solo project,2024.2.1post4,59.388629708743736,2024-11-18 21h39.49.489095 +0530,
,,47,47,0,,,,,,,,,,fabric,new,2.0,1.9485558000160381,,,,,,,,,,,,,,,,,0,47,47,34,,,,,357.72246750001796,,,,,,,,,,,,,,,,,,,,,,,,,,,,,,,,,,,,357.70892060000915,357.72246750001796,357.72246750001796,359.6730773000163,2.0,1.9485558000160381,,,,,,,,,,,,,,,,,,,,,,02,001,female,20,2024-11-18_21h39.20.570,solo project,2024.2.1post4,59.388629708743736,2024-11-18 21h39.49.489095 +0530,
,,48,48,0,,,,,,,,,,lighthouse,old,2.0,1.615508399961982,,,,,,,,,,,,,,,,,0,48,48,9,,,,,359.6885787000065,,,,,,,,,,,,,,,,,,,,,,,,,,,,,,,,,,,,359.6754863000242,359.6885787000065,359.6885787000065,361.306464400026,2.0,1.615508399961982,,,,,,,,,,,,,,,,,,,,,,02,001,female,20,2024-11-18_21h39.20.570,solo project,2024.2.1post4,59.388629708743736,2024-11-18 21h39.49.489095 +0530,
,,49,49,0,,,,,,,,,,lightbulb,new,1.0,2.4980039999936707,,,,,,,,,,,,,,,,,0,49,49,40,,,,,361.3222503000288,,,,,,,,,,,,,,,,,,,,,,,,,,,,,,,,,,,,361.30905520002125,361.3222503000288,361.3222503000288,363.8231929000467,1.0,2.4980039999936707,,,,,,,,,,,,,,,,,,,,,,02,001,female,20,2024-11-18_21h39.20.570,solo project,2024.2.1post4,59.388629708743736,2024-11-18 21h39.49.489095 +0530,
,,50,50,0,,,,,,,,,,mischief,old,1.0,2.1156112999888137,,,,,,,,,,,,,,,,,0,50,50,13,,,,,363.83915880002314,,,,,,,,,,,,,,,,,,,,,,,,,,,,,,,,,,,,363.82557720004115,363.83915880002314,363.83915880002314,365.95637550001265,1.0,2.1156112999888137,,,,,,,,,,,,,,,,,,,,,,02,001,female,20,2024-11-18_21h39.20.570,solo project,2024.2.1post4,59.388629708743736,2024-11-18 21h39.49.489095 +0530,
,,51,51,0,,,,,,,,,,lawn,new,2.0,1.582153199997265,,,,,,,,,,,,,,,,,0,51,51,39,,,,,365.9719018000178,,,,,,,,,,,,,,,,,,,,,,,,,,,,,,,,,,,,365.95840570004657,365.9719018000178,365.9719018000178,367.55624850001186,2.0,1.582153199997265,,,,,,,,,,,,,,,,,,,,,,02,001,female,20,2024-11-18_21h39.20.570,solo project,2024.2.1post4,59.388629708743736,2024-11-18 21h39.49.489095 +0530,
,,52,52,0,,,,,,,,,,sentiment,new,2.0,0.9820215000072494,,,,,,,,,,,,,,,,,0,52,52,49,,,,,367.571964200004,,,,,,,,,,,,,,,,,,,,,,,,,,,,,,,,,,,,367.5587673000409,367.571964200004,367.571964200004,368.5564419000293,2.0,0.9820215000072494,,,,,,,,,,,,,,,,,,,,,,02,001,female,20,2024-11-18_21h39.20.570,solo project,2024.2.1post4,59.388629708743736,2024-11-18 21h39.49.489095 +0530,
,,53,53,0,,,,,,,,,,hard,old,2.0,1.0155475999927148,,,,,,,,,,,,,,,,,0,53,53,5,,,,,368.57211290003033,,,,,,,,,,,,,,,,,,,,,,,,,,,,,,,,,,,,368.5584988000337,368.57211290003033,368.57211290003033,369.58942370000295,2.0,1.0155475999927148,,,,,,,,,,,,,,,,,,,,,,02,001,female,20,2024-11-18_21h39.20.570,solo project,2024.2.1post4,59.388629708743736,2024-11-18 21h39.49.489095 +0530,
,,54,54,0,,,,,,,,,,theory,new,2.0,0.7988661999697797,,,,,,,,,,,,,,,,,0,54,54,55,,,,,369.6059947000467,,,,,,,,,,,,,,,,,,,,,,,,,,,,,,,,,,,,369.5917865000083,369.6059947000467,369.6059947000467,370.4066190000158,2.0,0.7988661999697797,,,,,,,,,,,,,,,,,,,,,,02,001,female,20,2024-11-18_21h39.20.570,solo project,2024.2.1post4,59.388629708743736,2024-11-18 21h39.49.489095 +0530,
,,55,55,0,,,,,,,,,,rough,new,2.0,0.8482210999936797,,,,,,,,,,,,,,,,,0,55,55,46,,,,,370.421927300049,,,,,,,,,,,,,,,,,,,,,,,,,,,,,,,,,,,,370.4087985000224,370.421927300049,370.421927300049,371.2727905000211,2.0,0.8482210999936797,,,,,,,,,,,,,,,,,,,,,,02,001,female,20,2024-11-18_21h39.20.570,solo project,2024.2.1post4,59.388629708743736,2024-11-18 21h39.49.489095 +0530,
,,56,56,0,,,,,,,,,,nursery,old,2.0,1.1994152999832295,,,,,,,,,,,,,,,,,0,56,56,15,,,,,371.28876120003406,,,,,,,,,,,,,,,,,,,,,,,,,,,,,,,,,,,,371.27498120005475,371.28876120003406,371.28876120003406,372.48984850000124,2.0,1.1994152999832295,,,,,,,,,,,,,,,,,,,,,,02,001,female,20,2024-11-18_21h39.20.570,solo project,2024.2.1post4,59.388629708743736,2024-11-18 21h39.49.489095 +0530,
,,57,57,0,,,,,,,,,,wine,old,2.0,1.1154474000213668,,,,,,,,,,,,,,,,,0,57,57,29,,,,,372.5051952000358,,,,,,,,,,,,,,,,,,,,,,,,,,,,,,,,,,,,372.491987800051,372.5051952000358,372.5051952000358,373.62286800000584,2.0,1.1154474000213668,,,,,,,,,,,,,,,,,,,,,,02,001,female,20,2024-11-18_21h39.20.570,solo project,2024.2.1post4,59.388629708743736,2024-11-18 21h39.49.489095 +0530,
,,58,58,0,,,,,,,,,,radiator,old,1.0,1.5993068999960087,,,,,,,,,,,,,,,,,0,58,58,18,,,,,373.63886970002204,,,,,,,,,,,,,,,,,,,,,,,,,,,,,,,,,,,,373.62559210002655,373.63886970002204,373.63886970002204,375.23930440004915,1.0,1.5993068999960087,,,,,,,,,,,,,,,,,,,,,,02,001,female,20,2024-11-18_21h39.20.570,solo project,2024.2.1post4,59.388629708743736,2024-11-18 21h39.49.489095 +0530,
,,59,59,0,,,,,,,,,,invest,old,2.0,3.965786999964621,,,,,,,,,,,,,,,,,0,59,59,6,,,,,375.25535910000326,,,,,,,,,,,,,,,,,,,,,,,,,,,,,,,,,,,,375.24144790001446,375.25535910000326,375.25535910000326,379.22303050005576,2.0,3.965786999964621,,,,,,,,,,,,,,,,,,,,,,02,001,female,20,2024-11-18_21h39.20.570,solo project,2024.2.1post4,59.388629708743736,2024-11-18 21h39.49.489095 +0530,
,,,,,,,,,,,,,,,,,,,,,,,,,,,,,,,,,,,,,,,,,,,,,,,,,,,,,,,,,,,,,,,,,,,,,,,,,,,,,,,,,,,,379.2234689000179,380.7904213000438,1,[1.5511974000255577],[1.551203400013037],,,,,,,,,,,,,,,,,02,001,female,20,2024-11-18_21h39.20.570,solo project,2024.2.1post4,59.388629708743736,2024-11-18 21h39.49.489095 +0530,
,,,,,,,,,,,,,,,,,,,,,,,,,,,,,,,,,,,,,,,,,,,,,,,,,,,,,,,,,,,,,,,,,,,,,,,,,,,,,,,,,,,,,,,,,380.7905158000067,382.07301690004533,space,1.2709003000054508,None,,,,,,,,,,,,02,001,female,20,2024-11-18_21h39.20.570,solo project,2024.2.1post4,59.388629708743736,2024-11-18 21h39.49.489095 +0530,
,,,,,,,,,,,,,,,,,,,,,,,,,,,,,,,,,,,,,,,,,,,,,,,,,,,,,,,,,,,,,,,,,,,,,,,,,,,,,,,,,,,,,,,,,,,,,,382.07307630003197,399.18976990005467,space,17.11565569997765,None,,,,,,,02,001,female,20,2024-11-18_21h39.20.570,solo project,2024.2.1post4,59.388629708743736,2024-11-18 21h39.49.489095 +0530,
,,0,0,0,,,,,,,,,,,,,,1,Telephoning in public,0.0,0.0,,,,,,,,,,,,,,,,,0,0,0,0,399.2224470000365,,,,,,,,,,,,,,,,,,,,,,,,,,,,,,,,,,,,,,,,,,,,,,,,,,,,,,,,,399.200799000042,399.2224470000365,399.2224470000365,409.5750823999988,0.0,0.0,02,001,female,20,2024-11-18_21h39.20.570,solo project,2024.2.1post4,59.388629708743736,2024-11-18 21h39.49.489095 +0530,
,,1,1,0,,,,,,,,,,,,,,2,Participating in small groups,0.0,0.0,,,,,,,,,,,,,,,,,0,1,1,1,409.5934119000449,,,,,,,,,,,,,,,,,,,,,,,,,,,,,,,,,,,,,,,,,,,,,,,,,,,,,,,,,409.5792225000332,409.5934119000449,409.5934119000449,419.9086013000342,0.0,0.0,02,001,female,20,2024-11-18_21h39.20.570,solo project,2024.2.1post4,59.388629708743736,2024-11-18 21h39.49.489095 +0530,
,,2,2,0,,,,,,,,,,,,,,3,Eating in public places,0.0,1.0,,,,,,,,,,,,,,,,,0,2,2,2,419.92632630001754,,,,,,,,,,,,,,,,,,,,,,,,,,,,,,,,,,,,,,,,,,,,,,,,,,,,,,,,,419.9121019000304,419.92632630001754,419.92632630001754,433.74130360002164,0.0,1.0,02,001,female,20,2024-11-18_21h39.20.570,solo project,2024.2.1post4,59.388629708743736,2024-11-18 21h39.49.489095 +0530,
,,3,3,0,,,,,,,,,,,,,,4,Drinking with others in public places,0.0,3.0,,,,,,,,,,,,,,,,,0,3,3,3,433.76060020003933,,,,,,,,,,,,,,,,,,,,,,,,,,,,,,,,,,,,,,,,,,,,,,,,,,,,,,,,,433.7459108000039,433.76060020003933,433.76060020003933,443.94149560004007,0.0,3.0,02,001,female,20,2024-11-18_21h39.20.570,solo project,2024.2.1post4,59.388629708743736,2024-11-18 21h39.49.489095 +0530,
,,4,4,0,,,,,,,,,,,,,,5,Talking to people in authority,1.0,0.0,,,,,,,,,,,,,,,,,0,4,4,4,443.9592620000476,,,,,,,,,,,,,,,,,,,,,,,,,,,,,,,,,,,,,,,,,,,,,,,,,,,,,,,,,443.9445615000441,443.9592620000476,443.9592620000476,450.0082358000218,1.0,0.0,02,001,female,20,2024-11-18_21h39.20.570,solo project,2024.2.1post4,59.388629708743736,2024-11-18 21h39.49.489095 +0530,
,,5,5,0,,,,,,,,,,,,,,6,"Acting, performing, or giving a talk in front of an audience",2.0,0.0,,,,,,,,,,,,,,,,,0,5,5,5,450.02677340002265,,,,,,,,,,,,,,,,,,,,,,,,,,,,,,,,,,,,,,,,,,,,,,,,,,,,,,,,,450.0124329000246,450.02677340002265,450.02677340002265,470.2080639000051,2.0,0.0,02,001,female,20,2024-11-18_21h39.20.570,solo project,2024.2.1post4,59.388629708743736,2024-11-18 21h39.49.489095 +0530,
,,6,6,0,,,,,,,,,,,,,,7,Going to a party,0.0,0.0,,,,,,,,,,,,,,,,,0,6,6,6,470.2265622000559,,,,,,,,,,,,,,,,,,,,,,,,,,,,,,,,,,,,,,,,,,,,,,,,,,,,,,,,,470.212026800029,470.2265622000559,470.2265622000559,487.1243314000312,0.0,0.0,02,001,female,20,2024-11-18_21h39.20.570,solo project,2024.2.1post4,59.388629708743736,2024-11-18 21h39.49.489095 +0530,
,,7,7,0,,,,,,,,,,,,,,8,Working while being observed,0.0,1.0,,,,,,,,,,,,,,,,,0,7,7,7,487.1419795000111,,,,,,,,,,,,,,,,,,,,,,,,,,,,,,,,,,,,,,,,,,,,,,,,,,,,,,,,,487.1277865000302,487.1419795000111,487.1419795000111,497.64051670004847,0.0,1.0,02,001,female,20,2024-11-18_21h39.20.570,solo project,2024.2.1post4,59.388629708743736,2024-11-18 21h39.49.489095 +0530,
,,8,8,0,,,,,,,,,,,,,,9,Writing while being observed,0.0,0.0,,,,,,,,,,,,,,,,,0,8,8,8,497.658084900002,,,,,,,,,,,,,,,,,,,,,,,,,,,,,,,,,,,,,,,,,,,,,,,,,,,,,,,,,497.64343260001624,497.658084900002,497.658084900002,506.5403751000413,0.0,0.0,02,001,female,20,2024-11-18_21h39.20.570,solo project,2024.2.1post4,59.388629708743736,2024-11-18 21h39.49.489095 +0530,
,,9,9,0,,,,,,,,,,,,,,10,Calling someone you don't know very well,0.0,0.0,,,,,,,,,,,,,,,,,0,9,9,9,506.5589862000197,,,,,,,,,,,,,,,,,,,,,,,,,,,,,,,,,,,,,,,,,,,,,,,,,,,,,,,,,506.5447824000148,506.5589862000197,506.5589862000197,515.0403660000302,0.0,0.0,02,001,female,20,2024-11-18_21h39.20.570,solo project,2024.2.1post4,59.388629708743736,2024-11-18 21h39.49.489095 +0530,
,,10,10,0,,,,,,,,,,,,,,11,Talking with people you don't know very well,1.0,0.0,,,,,,,,,,,,,,,,,0,10,10,10,515.0584417000064,,,,,,,,,,,,,,,,,,,,,,,,,,,,,,,,,,,,,,,,,,,,,,,,,,,,,,,,,515.0437603000319,515.0584417000064,515.0584417000064,523.190299400012,1.0,0.0,02,001,female,20,2024-11-18_21h39.20.570,solo project,2024.2.1post4,59.388629708743736,2024-11-18 21h39.49.489095 +0530,
,,11,11,0,,,,,,,,,,,,,,12,Meeting strangers,0.0,0.0,,,,,,,,,,,,,,,,,0,11,11,11,523.2105537000461,,,,,,,,,,,,,,,,,,,,,,,,,,,,,,,,,,,,,,,,,,,,,,,,,,,,,,,,,523.1958196000196,523.2105537000461,523.2105537000461,528.8236123000388,0.0,0.0,02,001,female,20,2024-11-18_21h39.20.570,solo project,2024.2.1post4,59.388629708743736,2024-11-18 21h39.49.489095 +0530,
,,12,12,0,,,,,,,,,,,,,,13,Urinating in a public bathroom,0.0,0.0,,,,,,,,,,,,,,,,,0,12,12,12,528.841934200027,,,,,,,,,,,,,,,,,,,,,,,,,,,,,,,,,,,,,,,,,,,,,,,,,,,,,,,,,528.8276602000115,528.841934200027,528.841934200027,533.4067683000467,0.0,0.0,02,001,female,20,2024-11-18_21h39.20.570,solo project,2024.2.1post4,59.388629708743736,2024-11-18 21h39.49.489095 +0530,
,,13,13,0,,,,,,,,,,,,,,14,Entering a room when others are already seated,0.0,0.0,,,,,,,,,,,,,,,,,0,13,13,13,533.4244135000044,,,,,,,,,,,,,,,,,,,,,,,,,,,,,,,,,,,,,,,,,,,,,,,,,,,,,,,,,533.4101729000104,533.4244135000044,533.4244135000044,537.6232500000042,0.0,0.0,02,001,female,20,2024-11-18_21h39.20.570,solo project,2024.2.1post4,59.388629708743736,2024-11-18 21h39.49.489095 +0530,
,,14,14,0,,,,,,,,,,,,,,15,Being the center of attention,0.0,0.0,,,,,,,,,,,,,,,,,0,14,14,14,537.6423626000178,,,,,,,,,,,,,,,,,,,,,,,,,,,,,,,,,,,,,,,,,,,,,,,,,,,,,,,,,537.6274625000078,537.6423626000178,537.6423626000178,540.1734214000171,0.0,0.0,02,001,female,20,2024-11-18_21h39.20.570,solo project,2024.2.1post4,59.388629708743736,2024-11-18 21h39.49.489095 +0530,
,,15,15,0,,,,,,,,,,,,,,16,Speaking up at a meeting,0.0,0.0,,,,,,,,,,,,,,,,,0,15,15,15,540.1917817000067,,,,,,,,,,,,,,,,,,,,,,,,,,,,,,,,,,,,,,,,,,,,,,,,,,,,,,,,,540.177170000039,540.1917817000067,540.1917817000067,542.6401364000048,0.0,0.0,02,001,female,20,2024-11-18_21h39.20.570,solo project,2024.2.1post4,59.388629708743736,2024-11-18 21h39.49.489095 +0530,
,,16,16,0,,,,,,,,,,,,,,17,Taking a test,0.0,0.0,,,,,,,,,,,,,,,,,0,16,16,16,542.6573968000012,,,,,,,,,,,,,,,,,,,,,,,,,,,,,,,,,,,,,,,,,,,,,,,,,,,,,,,,,542.643080400012,542.6573968000012,542.6573968000012,544.8569119000458,0.0,0.0,02,001,female,20,2024-11-18_21h39.20.570,solo project,2024.2.1post4,59.388629708743736,2024-11-18 21h39.49.489095 +0530,
,,17,17,0,,,,,,,,,,,,,,18,Expressing a disagreement or disapproval to people you don’t know very well,0.0,0.0,,,,,,,,,,,,,,,,,0,17,17,17,544.8848503000336,,,,,,,,,,,,,,,,,,,,,,,,,,,,,,,,,,,,,,,,,,,,,,,,,,,,,,,,,544.8698288000305,544.8848503000336,544.8848503000336,548.2231530999998,0.0,0.0,02,001,female,20,2024-11-18_21h39.20.570,solo project,2024.2.1post4,59.388629708743736,2024-11-18 21h39.49.489095 +0530,
,,18,18,0,,,,,,,,,,,,,,19,Looking at people you don't know very well in the eyes,0.0,1.0,,,,,,,,,,,,,,,,,0,18,18,18,548.2425568000181,,,,,,,,,,,,,,,,,,,,,,,,,,,,,,,,,,,,,,,,,,,,,,,,,,,,,,,,,548.2281145000015,548.2425568000181,548.2425568000181,552.673436800018,0.0,1.0,02,001,female,20,2024-11-18_21h39.20.570,solo project,2024.2.1post4,59.388629708743736,2024-11-18 21h39.49.489095 +0530,
,,19,19,0,,,,,,,,,,,,,,20,Giving a report to a group,0.0,0.0,,,,,,,,,,,,,,,,,0,19,19,19,552.6906296000234,,,,,,,,,,,,,,,,,,,,,,,,,,,,,,,,,,,,,,,,,,,,,,,,,,,,,,,,,552.676421500044,552.6906296000234,552.6906296000234,556.4400336000253,0.0,0.0,02,001,female,20,2024-11-18_21h39.20.570,solo project,2024.2.1post4,59.388629708743736,2024-11-18 21h39.49.489095 +0530,
,,20,20,0,,,,,,,,,,,,,,21,Trying to pick up someone,0.0,0.0,,,,,,,,,,,,,,,,,0,20,20,20,556.4571974000428,,,,,,,,,,,,,,,,,,,,,,,,,,,,,,,,,,,,,,,,,,,,,,,,,,,,,,,,,556.4428621000261,556.4571974000428,556.4571974000428,560.8230136000202,0.0,0.0,02,001,female,20,2024-11-18_21h39.20.570,solo project,2024.2.1post4,59.388629708743736,2024-11-18 21h39.49.489095 +0530,
,,21,21,0,,,,,,,,,,,,,,22,Returning goods to a store,0.0,0.0,,,,,,,,,,,,,,,,,0,21,21,21,560.8416273000184,,,,,,,,,,,,,,,,,,,,,,,,,,,,,,,,,,,,,,,,,,,,,,,,,,,,,,,,,560.8270966000273,560.8416273000184,560.8416273000184,563.0566834000056,0.0,0.0,02,001,female,20,2024-11-18_21h39.20.570,solo project,2024.2.1post4,59.388629708743736,2024-11-18 21h39.49.489095 +0530,
,,22,22,0,,,,,,,,,,,,,,23,Giving a party,0.0,0.0,,,,,,,,,,,,,,,,,0,22,22,22,563.0740027000429,,,,,,,,,,,,,,,,,,,,,,,,,,,,,,,,,,,,,,,,,,,,,,,,,,,,,,,,,563.0600015000091,563.0740027000429,563.0740027000429,568.2565334000392,0.0,0.0,02,001,female,20,2024-11-18_21h39.20.570,solo project,2024.2.1post4,59.388629708743736,2024-11-18 21h39.49.489095 +0530,
,,23,23,0,,,,,,,,,,,,,,24,Resisting a high pressure salesperson,0.0,0.0,,,,,,,,,,,,,,,,,0,23,23,23,568.27405430004,,,,,,,,,,,,,,,,,,,,,,,,,,,,,,,,,,,,,,,,,,,,,,,,,,,,,,,,,568.2597963000298,568.27405430004,568.27405430004,573.1228461000137,0.0,0.0,02,001,female,20,2024-11-18_21h39.20.570,solo project,2024.2.1post4,59.388629708743736,2024-11-18 21h39.49.489095 +0530,
