﻿no_per,dsr_per,thisN,thisTrialN,thisRepN,slider.response,slider.rt,no_exp,dsr_exp,slider_2.response,imagefile,type,subtype,study_word,test_word,old_new,slider_3.response,slider_3.rt,lsas_no,lsas_situation,slider_4.response,slider_5.response,trials.thisRepN,trials.thisTrialN,trials.thisN,trials.thisIndex,trials_2.thisRepN,trials_2.thisTrialN,trials_2.thisN,trials_2.thisIndex,trials_3.thisRepN,trials_3.thisTrialN,trials_3.thisN,trials_3.thisIndex,trials_4.thisRepN,trials_4.thisTrialN,trials_4.thisN,trials_4.thisIndex,trials_5.thisRepN,trials_5.thisTrialN,trials_5.thisN,trials_5.thisIndex,thisRow.t,notes,consent.started,consent.stopped,button.numClicks,button.timesOn,button.timesOff,dsr_personal.started,text.started,question.started,slider.started,dsr_personal.stopped,trials.slider.response,trials.slider.rt,dsr_experience.started,dsr_experience.stopped,trials_2.slider_2.response,instr.started,instr.stopped,key_resp.keys,key_resp.rt,key_resp.duration,encoding.started,fixation.started,study_image.started,studyword.started,fixation.stopped,study_image.stopped,studyword.stopped,encoding.stopped,test_instruction.started,key_resp_2.started,test_instruction.stopped,key_resp_2.keys,key_resp_2.rt,key_resp_2.duration,testing.started,t_word.started,slider_3.started,testing.stopped,trials_4.slider_3.response,trials_4.slider_3.rt,end.started,end.stopped,button_2.numClicks,button_2.timesOn,button_2.timesOff,brk.started,brk.stopped,key_resp_3.keys,key_resp_3.rt,key_resp_3.duration,lsas_instr.started,lsas_instr.stopped,key_resp_4.keys,key_resp_4.rt,key_resp_4.duration,lsas.started,text_2.started,text_3.started,lsas.stopped,trials_5.slider_4.response,trials_5.slider_5.response,participant,session,sex,age,date,expName,psychopyVersion,frameRate,expStart,
,,,,,,,,,,,,,,,,,,,,,,,,,,,,,,,,,,,,,,,,,,,,0.009155500039923936,6.552437600039411,1,[6.524115600041114],[6.524143600021489],,,,,,,,,,,,,,,,,,,,,,,,,,,,,,,,,,,,,,,,,,,,,,,,,,,,,,,,,03,001,male,21,2024-11-18_22h16.54.233,solo project,2024.2.1post4,60.07936484378405,2024-11-18 22h18.31.876505 +0530,
1,"I might be willing to try eating monkey meat, under some circumstances.",0,0,0,0.0,28.987203800003044,,,,,,,,,,,,,,,,0,0,0,0,,,,,,,,,,,,,,,,,6.602915199997369,,,,,,,6.578341000014916,6.602915199997369,6.602915199997369,6.602915199997369,35.58096029999433,0.0,28.987203800003044,,,,,,,,,,,,,,,,,,,,,,,,,,,,,,,,,,,,,,,,,,,,,,,,,,03,001,male,21,2024-11-18_22h16.54.233,solo project,2024.2.1post4,60.07936484378405,2024-11-18 22h18.31.876505 +0530,
2,It would bother me to be in a science class and to see a human preserved in a jar.,1,1,0,1.0,16.443163399992045,,,,,,,,,,,,,,,,0,1,1,1,,,,,,,,,,,,,,,,,35.61089410004206,,,,,,,35.59475789999124,35.61089410004206,35.61089410004206,35.61089410004206,52.055102100013755,1.0,16.443163399992045,,,,,,,,,,,,,,,,,,,,,,,,,,,,,,,,,,,,,,,,,,,,,,,,,,03,001,male,21,2024-11-18_22h16.54.233,solo project,2024.2.1post4,60.07936484378405,2024-11-18 22h18.31.876505 +0530,
3,It bothers me to hear someone clear a throat full of mucous.,2,2,0,1.0,6.346131900034379,,,,,,,,,,,,,,,,0,2,2,2,,,,,,,,,,,,,,,,,52.07717629999388,,,,,,,52.06127290002769,52.07717629999388,52.07717629999388,52.07717629999388,58.4233852000325,1.0,6.346131900034379,,,,,,,,,,,,,,,,,,,,,,,,,,,,,,,,,,,,,,,,,,,,,,,,,,03,001,male,21,2024-11-18_22h16.54.233,solo project,2024.2.1post4,60.07936484378405,2024-11-18 22h18.31.876505 +0530,
4,I never let any part of my body touch the toilet seat in public restrooms.,3,3,0,2.0,11.959417700010817,,,,,,,,,,,,,,,,0,3,3,3,,,,,,,,,,,,,,,,,58.44460570003139,,,,,,,58.43007570004556,58.44460570003139,58.44460570003139,58.44460570003139,70.405843799992,2.0,11.959417700010817,,,,,,,,,,,,,,,,,,,,,,,,,,,,,,,,,,,,,,,,,,,,,,,,,,03,001,male,21,2024-11-18_22h16.54.233,solo project,2024.2.1post4,60.07936484378405,2024-11-18 22h18.31.876505 +0530,
5,I would go out of my way to avoid walking through a graveyard.,4,4,0,0.0,8.460085899976548,,,,,,,,,,,,,,,,0,4,4,4,,,,,,,,,,,,,,,,,70.42566480004461,,,,,,,70.41079280001577,70.42566480004461,70.42566480004461,70.42566480004461,78.88876689999597,0.0,8.460085899976548,,,,,,,,,,,,,,,,,,,,,,,,,,,,,,,,,,,,,,,,,,,,,,,,,,03,001,male,21,2024-11-18_22h16.54.233,solo project,2024.2.1post4,60.07936484378405,2024-11-18 22h18.31.876505 +0530,
6,Seeing a cockroach in someone else's house doesn't bother me.,5,5,0,3.0,5.259156599990092,,,,,,,,,,,,,,,,0,5,5,5,,,,,,,,,,,,,,,,,78.91302640002687,,,,,,,78.89822660002392,78.91302640002687,78.91302640002687,78.91302640002687,84.1734667000128,3.0,5.259156599990092,,,,,,,,,,,,,,,,,,,,,,,,,,,,,,,,,,,,,,,,,,,,,,,,,,03,001,male,21,2024-11-18_22h16.54.233,solo project,2024.2.1post4,60.07936484378405,2024-11-18 22h18.31.876505 +0530,
7,It would bother me tremendously to touch a dead body.,6,6,0,4.0,7.094435599981807,,,,,,,,,,,,,,,,0,6,6,6,,,,,,,,,,,,,,,,,84.19378770003095,,,,,,,84.1781905000098,84.19378770003095,84.19378770003095,84.19378770003095,91.28804890002357,4.0,7.094435599981807,,,,,,,,,,,,,,,,,,,,,,,,,,,,,,,,,,,,,,,,,,,,,,,,,,03,001,male,21,2024-11-18_22h16.54.233,solo project,2024.2.1post4,60.07936484378405,2024-11-18 22h18.31.876505 +0530,
8,"If I see someone vomit, it makes me sick to my stomach.",7,7,0,3.0,6.602813800040167,,,,,,,,,,,,,,,,0,7,7,7,,,,,,,,,,,,,,,,,91.30784710001899,,,,,,,91.29258070001379,91.30784710001899,91.30784710001899,91.30784710001899,97.91300610004691,3.0,6.602813800040167,,,,,,,,,,,,,,,,,,,,,,,,,,,,,,,,,,,,,,,,,,,,,,,,,,03,001,male,21,2024-11-18_22h16.54.233,solo project,2024.2.1post4,60.07936484378405,2024-11-18 22h18.31.876505 +0530,
9,I probably would not go to my favorite restaurant if I found out that the cook had a cold.,8,8,0,2.0,60.705269999976736,,,,,,,,,,,,,,,,0,8,8,8,,,,,,,,,,,,,,,,,97.93858270003693,,,,,,,97.92016670003068,97.93858270003693,97.93858270003693,97.93858270003693,158.64130670001032,2.0,60.705269999976736,,,,,,,,,,,,,,,,,,,,,,,,,,,,,,,,,,,,,,,,,,,,,,,,,,03,001,male,21,2024-11-18_22h16.54.233,solo project,2024.2.1post4,60.07936484378405,2024-11-18 22h18.31.876505 +0530,
10,It would not upset me at all to watch a person with a glass eye take the eye out of the socket.,9,9,0,1.0,10.041743399982806,,,,,,,,,,,,,,,,0,9,9,9,,,,,,,,,,,,,,,,,158.661698800046,,,,,,,158.647067300044,158.661698800046,158.661698800046,158.661698800046,168.70549110003049,1.0,10.041743399982806,,,,,,,,,,,,,,,,,,,,,,,,,,,,,,,,,,,,,,,,,,,,,,,,,,03,001,male,21,2024-11-18_22h16.54.233,solo project,2024.2.1post4,60.07936484378405,2024-11-18 22h18.31.876505 +0530,
11,It would bother me to see a rat run across my path in a park.,10,10,0,0.0,14.099711199989542,,,,,,,,,,,,,,,,0,10,10,10,,,,,,,,,,,,,,,,,168.72501290001674,,,,,,,168.710308800044,168.72501290001674,168.72501290001674,168.72501290001674,182.82607890001964,0.0,14.099711199989542,,,,,,,,,,,,,,,,,,,,,,,,,,,,,,,,,,,,,,,,,,,,,,,,,,03,001,male,21,2024-11-18_22h16.54.233,solo project,2024.2.1post4,60.07936484378405,2024-11-18 22h18.31.876505 +0530,
12,I would rather eat a piece of fruit than a piece of paper.,11,11,0,4.0,9.857552600034978,,,,,,,,,,,,,,,,0,11,11,11,,,,,,,,,,,,,,,,,182.843237699999,,,,,,,182.8300978000043,182.843237699999,182.843237699999,182.843237699999,192.70368380000582,4.0,9.857552600034978,,,,,,,,,,,,,,,,,,,,,,,,,,,,,,,,,,,,,,,,,,,,,,,,,,03,001,male,21,2024-11-18_22h16.54.233,solo project,2024.2.1post4,60.07936484378405,2024-11-18 22h18.31.876505 +0530,
13,"Even if I was hungry, I would not drink a bowl of my favorite soup if It had been stirred by a used but thoroughly washed flyswatter.",12,12,0,4.0,21.702946299978066,,,,,,,,,,,,,,,,0,12,12,12,,,,,,,,,,,,,,,,,192.72630159999244,,,,,,,192.71332159999292,192.72630159999244,192.72630159999244,192.72630159999244,214.43280190002406,4.0,21.702946299978066,,,,,,,,,,,,,,,,,,,,,,,,,,,,,,,,,,,,,,,,,,,,,,,,,,03,001,male,21,2024-11-18_22h16.54.233,solo project,2024.2.1post4,60.07936484378405,2024-11-18 22h18.31.876505 +0530,
14,It would bother me to sleep in a nice hotel room if I knew that a man had died of a heart attack in that room the night before.,13,13,0,2.0,8.377001999993809,,,,,,,,,,,,,,,,0,13,13,13,,,,,,,,,,,,,,,,,214.4578618000378,,,,,,,214.4412311000051,214.4578618000378,214.4578618000378,214.4578618000378,222.8339716999908,2.0,8.377001999993809,,,,,,,,,,,,,,,,,,,,,,,,,,,,,,,,,,,,,,,,,,,,,,,,,,03,001,male,21,2024-11-18_22h16.54.233,solo project,2024.2.1post4,60.07936484378405,2024-11-18 22h18.31.876505 +0530,
,,0,0,0,,,15,You see maggots on a piece of meat in an outdoor or garbage pail.,3.0,,,,,,,,,,,,,,,,,0,0,0,0,,,,,,,,,,,,,222.8671893000137,,,,,,,,,,,,,,222.8472389000235,233.61033170000883,3.0,,,,,,,,,,,,,,,,,,,,,,,,,,,,,,,,,,,,,,,,,,,,,,,03,001,male,21,2024-11-18_22h16.54.233,solo project,2024.2.1post4,60.07936484378405,2024-11-18 22h18.31.876505 +0530,
,,1,1,0,,,16,You see person eating apple with a knife and fork.,2.0,,,,,,,,,,,,,,,,,0,1,1,1,,,,,,,,,,,,,233.63134330004686,,,,,,,,,,,,,,233.61518500000238,240.1535589999985,2.0,,,,,,,,,,,,,,,,,,,,,,,,,,,,,,,,,,,,,,,,,,,,,,,03,001,male,21,2024-11-18_22h16.54.233,solo project,2024.2.1post4,60.07936484378405,2024-11-18 22h18.31.876505 +0530,
,,2,2,0,,,17,"While you are walking through a tunner under a railroad track, you smell urine.",3.0,,,,,,,,,,,,,,,,,0,2,2,2,,,,,,,,,,,,,240.17654130002484,,,,,,,,,,,,,,240.1611055000103,293.78191070002504,3.0,,,,,,,,,,,,,,,,,,,,,,,,,,,,,,,,,,,,,,,,,,,,,,,03,001,male,21,2024-11-18_22h16.54.233,solo project,2024.2.1post4,60.07936484378405,2024-11-18 22h18.31.876505 +0530,
,,3,3,0,,,18,"You take a sip of soda, an then realize that you drank from the glass that an acquaintance of yours had been drinking from.",1.0,,,,,,,,,,,,,,,,,0,3,3,3,,,,,,,,,,,,,293.8032757000183,,,,,,,,,,,,,,293.78999120002845,309.75848900002893,1.0,,,,,,,,,,,,,,,,,,,,,,,,,,,,,,,,,,,,,,,,,,,,,,,03,001,male,21,2024-11-18_22h16.54.233,solo project,2024.2.1post4,60.07936484378405,2024-11-18 22h18.31.876505 +0530,
,,4,4,0,,,19,"Your friend's pet cat dies, and you have to pick up the dead body with your bare hands.",3.0,,,,,,,,,,,,,,,,,0,4,4,4,,,,,,,,,,,,,309.78109540004516,,,,,,,,,,,,,,309.76586159999715,330.298714100034,3.0,,,,,,,,,,,,,,,,,,,,,,,,,,,,,,,,,,,,,,,,,,,,,,,03,001,male,21,2024-11-18_22h16.54.233,solo project,2024.2.1post4,60.07936484378405,2024-11-18 22h18.31.876505 +0530,
,,5,5,0,,,20,You see someone put ketchup on vanilla ice cream and eat it.,4.0,,,,,,,,,,,,,,,,,0,5,5,5,,,,,,,,,,,,,330.318546399998,,,,,,,,,,,,,,330.3036497000139,336.22231899999315,4.0,,,,,,,,,,,,,,,,,,,,,,,,,,,,,,,,,,,,,,,,,,,,,,,03,001,male,21,2024-11-18_22h16.54.233,solo project,2024.2.1post4,60.07936484378405,2024-11-18 22h18.31.876505 +0530,
,,6,6,0,,,21,You see a man with his intestines exposed after an accident.,3.0,,,,,,,,,,,,,,,,,0,6,6,6,,,,,,,,,,,,,336.24107380001806,,,,,,,,,,,,,,336.2277888000244,343.55263340001693,3.0,,,,,,,,,,,,,,,,,,,,,,,,,,,,,,,,,,,,,,,,,,,,,,,03,001,male,21,2024-11-18_22h16.54.233,solo project,2024.2.1post4,60.07936484378405,2024-11-18 22h18.31.876505 +0530,
,,7,7,0,,,22,You discover that a friend of yours changes underwear only once a week.,4.0,,,,,,,,,,,,,,,,,0,7,7,7,,,,,,,,,,,,,343.5692152000265,,,,,,,,,,,,,,343.55662260000827,358.2679872000008,4.0,,,,,,,,,,,,,,,,,,,,,,,,,,,,,,,,,,,,,,,,,,,,,,,03,001,male,21,2024-11-18_22h16.54.233,solo project,2024.2.1post4,60.07936484378405,2024-11-18 22h18.31.876505 +0530,
,,8,8,0,,,23,A friend offers you a piece of chocolate shaped like dog-doo.,1.0,,,,,,,,,,,,,,,,,0,8,8,8,,,,,,,,,,,,,358.2879283000366,,,,,,,,,,,,,,358.27393800002756,374.1568389000022,1.0,,,,,,,,,,,,,,,,,,,,,,,,,,,,,,,,,,,,,,,,,,,,,,,03,001,male,21,2024-11-18_22h16.54.233,solo project,2024.2.1post4,60.07936484378405,2024-11-18 22h18.31.876505 +0530,
,,9,9,0,,,24,You accidentally touch the ashes of a person who has been cremated.,2.0,,,,,,,,,,,,,,,,,0,9,9,9,,,,,,,,,,,,,374.17984370002523,,,,,,,,,,,,,,374.1623058000114,380.0068164000404,2.0,,,,,,,,,,,,,,,,,,,,,,,,,,,,,,,,,,,,,,,,,,,,,,,03,001,male,21,2024-11-18_22h16.54.233,solo project,2024.2.1post4,60.07936484378405,2024-11-18 22h18.31.876505 +0530,
,,10,10,0,,,25,You are about to drink a glass of milk when you smell that it is spoiled.,4.0,,,,,,,,,,,,,,,,,0,10,10,10,,,,,,,,,,,,,380.03012340003625,,,,,,,,,,,,,,380.01267850003205,387.06172500003595,4.0,,,,,,,,,,,,,,,,,,,,,,,,,,,,,,,,,,,,,,,,,,,,,,,03,001,male,21,2024-11-18_22h16.54.233,solo project,2024.2.1post4,60.07936484378405,2024-11-18 22h18.31.876505 +0530,
,,11,11,0,,,26,"As a part of a sex education class, you are required to inflate a new unlubricated condom using your mouth.",3.0,,,,,,,,,,,,,,,,,0,11,11,11,,,,,,,,,,,,,387.0818126000231,,,,,,,,,,,,,,387.06763410003623,405.23394120001467,3.0,,,,,,,,,,,,,,,,,,,,,,,,,,,,,,,,,,,,,,,,,,,,,,,03,001,male,21,2024-11-18_22h16.54.233,solo project,2024.2.1post4,60.07936484378405,2024-11-18 22h18.31.876505 +0530,
,,12,12,0,,,27,"You are walking barefoot on concrete, and you step on an earthworm.",4.0,,,,,,,,,,,,,,,,,0,12,12,12,,,,,,,,,,,,,405.25257110001985,,,,,,,,,,,,,,405.2387457000441,410.5481016000267,4.0,,,,,,,,,,,,,,,,,,,,,,,,,,,,,,,,,,,,,,,,,,,,,,,03,001,male,21,2024-11-18_22h16.54.233,solo project,2024.2.1post4,60.07936484378405,2024-11-18 22h18.31.876505 +0530,
,,,,,,,,,,,,,,,,,,,,,,,,,,,,,,,,,,,,,,,,,,,,,,,,,,,,,,,,,,,410.5482056000037,416.1983329000068,space,5.631141200021375,None,,,,,,,,,,,,,,,,,,,,,,,,,,,,,,,,,,,,,,,,,,03,001,male,21,2024-11-18_22h16.54.233,solo project,2024.2.1post4,60.07936484378405,2024-11-18 22h18.31.876505 +0530,
,,0,0,0,,,,,,images/1099_animals_neutral_lum.jpg,neutral,animal,coast,,,,,,,,,,,,,,,,,0,0,0,19,,,,,,,,,416.24418760003755,,,,,,,,,,,,,,,,,,,,,,416.23875820002286,416.24418760003755,417.20558509998955,417.20558509998955,417.25554030004423,419.2207761000027,419.2207761000027,419.1893967000069,,,,,,,,,,,,,,,,,,,,,,,,,,,,,,,,,,03,001,male,21,2024-11-18_22h16.54.233,solo project,2024.2.1post4,60.07936484378405,2024-11-18 22h18.31.876505 +0530,
,,1,1,0,,,,,,images/1149_body products neutral_lum.jpg,neutral,body product,skeptical,,,,,,,,,,,,,,,,,0,1,1,23,,,,,,,,,419.2207761000027,,,,,,,,,,,,,,,,,,,,,,419.216836000036,419.2207761000027,420.2066833000281,420.2066833000281,420.22332620003726,422.22314539999934,422.22314539999934,422.1903318000259,,,,,,,,,,,,,,,,,,,,,,,,,,,,,,,,,,03,001,male,21,2024-11-18_22h16.54.233,solo project,2024.2.1post4,60.07936484378405,2024-11-18 22h18.31.876505 +0530,
,,2,2,0,,,,,,images/1250_death neutral_lum.jpg,neutral,death,neurotic,,,,,,,,,,,,,,,,,0,2,2,27,,,,,,,,,422.22314539999934,,,,,,,,,,,,,,,,,,,,,,422.21939670003485,422.22314539999934,423.2091966000153,423.2091966000153,423.2256305000046,425.22192320000613,425.22192320000613,425.1930683000246,,,,,,,,,,,,,,,,,,,,,,,,,,,,,,,,,,03,001,male,21,2024-11-18_22h16.54.233,solo project,2024.2.1post4,60.07936484378405,2024-11-18 22h18.31.876505 +0530,
,,3,3,0,,,,,,images/1200_injuries_infections neutral_lum.jpg,neutral,injury/infection,village,,,,,,,,,,,,,,,,,0,3,3,25,,,,,,,,,425.22192320000613,,,,,,,,,,,,,,,,,,,,,,425.21813230001135,425.22192320000613,426.2088920000242,426.2088920000242,426.2255882000318,428.22649050003383,428.22649050003383,428.193027500005,,,,,,,,,,,,,,,,,,,,,,,,,,,,,,,,,,03,001,male,21,2024-11-18_22h16.54.233,solo project,2024.2.1post4,60.07936484378405,2024-11-18 22h18.31.876505 +0530,
,,4,4,0,,,,,,images/1032_food_lum.jpg,disgust,food,rattle,,,,,,,,,,,,,,,,,0,4,4,2,,,,,,,,,428.22649050003383,,,,,,,,,,,,,,,,,,,,,,428.2205324000097,428.22649050003383,429.2118397000013,429.2118397000013,429.2285872999928,431.22622010001214,431.22622010001214,431.1963070000056,,,,,,,,,,,,,,,,,,,,,,,,,,,,,,,,,,03,001,male,21,2024-11-18_22h16.54.233,solo project,2024.2.1post4,60.07936484378405,2024-11-18 22h18.31.876505 +0530,
,,5,5,0,,,,,,images/1247_death neutral_lum.jpg,neutral,death,wine,,,,,,,,,,,,,,,,,0,5,5,26,,,,,,,,,431.22622010001214,,,,,,,,,,,,,,,,,,,,,,431.2223233000259,431.22622010001214,432.21195160003845,432.21195160003845,432.22860530001344,434.2290414000163,434.2290414000163,434.19618269999046,,,,,,,,,,,,,,,,,,,,,,,,,,,,,,,,,,03,001,male,21,2024-11-18_22h16.54.233,solo project,2024.2.1post4,60.07936484378405,2024-11-18 22h18.31.876505 +0530,
,,6,6,0,,,,,,images/1291_hygiene neutral_lum.jpg,neutral,hygeine,hard,,,,,,,,,,,,,,,,,0,6,6,28,,,,,,,,,434.2290414000163,,,,,,,,,,,,,,,,,,,,,,434.2252443000325,434.2290414000163,435.1983041000203,435.1983041000203,435.2314354000264,437.2136021000333,437.2136021000333,437.1820490999962,,,,,,,,,,,,,,,,,,,,,,,,,,,,,,,,,,03,001,male,21,2024-11-18_22h16.54.233,solo project,2024.2.1post4,60.07936484378405,2024-11-18 22h18.31.876505 +0530,
,,7,7,0,,,,,,images/1118_body products_lum.jpg,disgust,body product,reverent,,,,,,,,,,,,,,,,,0,7,7,8,,,,,,,,,437.2136021000333,,,,,,,,,,,,,,,,,,,,,,437.2083965000347,437.2136021000333,438.1992540000356,438.1992540000356,438.21638870000606,440.2128529000329,440.2128529000329,440.1833412999986,,,,,,,,,,,,,,,,,,,,,,,,,,,,,,,,,,03,001,male,21,2024-11-18_22h16.54.233,solo project,2024.2.1post4,60.07936484378405,2024-11-18 22h18.31.876505 +0530,
,,8,8,0,,,,,,images/1100_animals_neutral_lum.jpg,neutral,animal,nursery,,,,,,,,,,,,,,,,,0,8,8,20,,,,,,,,,440.2128529000329,,,,,,,,,,,,,,,,,,,,,,440.2088512000046,440.2128529000329,441.19909549999284,441.19909549999284,441.21621899999445,443.2139775000396,443.2139775000396,443.183528500027,,,,,,,,,,,,,,,,,,,,,,,,,,,,,,,,,,03,001,male,21,2024-11-18_22h16.54.233,solo project,2024.2.1post4,60.07936484378405,2024-11-18 22h18.31.876505 +0530,
,,9,9,0,,,,,,images/1054_animals_lum.jpg,disgust,animal,serious,,,,,,,,,,,,,,,,,0,9,9,3,,,,,,,,,443.2139775000396,,,,,,,,,,,,,,,,,,,,,,443.2087758000125,443.2139775000396,444.1996377000469,444.1996377000469,444.21635200001765,446.2139279000112,446.2139279000112,446.1836375000421,,,,,,,,,,,,,,,,,,,,,,,,,,,,,,,,,,03,001,male,21,2024-11-18_22h16.54.233,solo project,2024.2.1post4,60.07936484378405,2024-11-18 22h18.31.876505 +0530,
,,10,10,0,,,,,,images/1041_food_neutral_lum.jpg,neutral,food,trumpet,,,,,,,,,,,,,,,,,0,10,10,15,,,,,,,,,446.2139279000112,,,,,,,,,,,,,,,,,,,,,,446.2099002000177,446.2139279000112,447.19972959998995,447.19972959998995,447.216350600007,449.21267390000867,449.21267390000867,449.1835056000273,,,,,,,,,,,,,,,,,,,,,,,,,,,,,,,,,,03,001,male,21,2024-11-18_22h16.54.233,solo project,2024.2.1post4,60.07936484378405,2024-11-18 22h18.31.876505 +0530,
,,11,11,0,,,,,,images/1062_animals_lum.jpg,disgust,animal,ennui,,,,,,,,,,,,,,,,,0,11,11,4,,,,,,,,,449.21267390000867,,,,,,,,,,,,,,,,,,,,,,449.2074706000276,449.21267390000867,450.19956139998976,450.19956139998976,450.21621879999293,452.2186323000351,452.2186323000351,452.18381820002105,,,,,,,,,,,,,,,,,,,,,,,,,,,,,,,,,,03,001,male,21,2024-11-18_22h16.54.233,solo project,2024.2.1post4,60.07936484378405,2024-11-18 22h18.31.876505 +0530,
,,12,12,0,,,,,,images/1104_body products_lum.jpg,disgust,body product,material,,,,,,,,,,,,,,,,,0,12,12,6,,,,,,,,,452.2186323000351,,,,,,,,,,,,,,,,,,,,,,452.21300019999035,452.2186323000351,453.20405080000637,453.20405080000637,453.2204938000068,455.2192925999989,455.2192925999989,455.1876598999952,,,,,,,,,,,,,,,,,,,,,,,,,,,,,,,,,,03,001,male,21,2024-11-18_22h16.54.233,solo project,2024.2.1post4,60.07936484378405,2024-11-18 22h18.31.876505 +0530,
,,13,13,0,,,,,,images/1013_food_lum.jpg,disgust,food,stiff,,,,,,,,,,,,,,,,,0,13,13,1,,,,,,,,,455.2192925999989,,,,,,,,,,,,,,,,,,,,,,455.2154262000113,455.2192925999989,456.204859999998,456.204859999998,456.2215903000324,458.21981010003947,458.21981010003947,458.1888673999929,,,,,,,,,,,,,,,,,,,,,,,,,,,,,,,,,,03,001,male,21,2024-11-18_22h16.54.233,solo project,2024.2.1post4,60.07936484378405,2024-11-18 22h18.31.876505 +0530,
,,14,14,0,,,,,,images/1153_injuries_infections_lum.jpg,disgust,injury/infection,elevator,,,,,,,,,,,,,,,,,0,14,14,9,,,,,,,,,458.21981010003947,,,,,,,,,,,,,,,,,,,,,,458.21464469999773,458.21981010003947,459.205488800013,459.205488800013,459.22237830003724,461.22112860000925,461.22112860000925,461.18983869999647,,,,,,,,,,,,,,,,,,,,,,,,,,,,,,,,,,03,001,male,21,2024-11-18_22h16.54.233,solo project,2024.2.1post4,60.07936484378405,2024-11-18 22h18.31.876505 +0530,
,,15,15,0,,,,,,images/1253_hygiene_lum.jpg,disgust,hygeine,manner,,,,,,,,,,,,,,,,,0,15,15,13,,,,,,,,,461.22112860000925,,,,,,,,,,,,,,,,,,,,,,461.2159496000386,461.22112860000925,462.20681850000983,462.20681850000983,462.22357150004245,464.2241194000235,464.2241194000235,464.1905553000397,,,,,,,,,,,,,,,,,,,,,,,,,,,,,,,,,,03,001,male,21,2024-11-18_22h16.54.233,solo project,2024.2.1post4,60.07936484378405,2024-11-18 22h18.31.876505 +0530,
,,16,16,0,,,,,,images/1202_death_lum.jpg,disgust,death,lantern,,,,,,,,,,,,,,,,,0,16,16,11,,,,,,,,,464.2241194000235,,,,,,,,,,,,,,,,,,,,,,464.21791130001657,464.2241194000235,465.2099681000109,465.2099681000109,465.22693340003025,467.22370349999983,467.22370349999983,467.19388140004594,,,,,,,,,,,,,,,,,,,,,,,,,,,,,,,,,,03,001,male,21,2024-11-18_22h16.54.233,solo project,2024.2.1post4,60.07936484378405,2024-11-18 22h18.31.876505 +0530,
,,17,17,0,,,,,,images/1192_injuries_infections neutral_lum.jpg,neutral,injury/infection,stove,,,,,,,,,,,,,,,,,0,17,17,24,,,,,,,,,467.22370349999983,,,,,,,,,,,,,,,,,,,,,,467.21843270002864,467.22370349999983,468.2096728000324,468.2096728000324,468.22637580003357,470.2247400000342,470.2247400000342,470.1939638000331,,,,,,,,,,,,,,,,,,,,,,,,,,,,,,,,,,03,001,male,21,2024-11-18_22h16.54.233,solo project,2024.2.1post4,60.07936484378405,2024-11-18 22h18.31.876505 +0530,
,,18,18,0,,,,,,images/1049_food_neutral_lum.jpg,neutral,food,privacy,,,,,,,,,,,,,,,,,0,18,18,17,,,,,,,,,470.2247400000342,,,,,,,,,,,,,,,,,,,,,,470.21943080000347,470.2247400000342,471.2103391000419,471.2103391000419,471.22692049999023,473.2256031000288,473.2256031000288,473.1946991000441,,,,,,,,,,,,,,,,,,,,,,,,,,,,,,,,,,03,001,male,21,2024-11-18_22h16.54.233,solo project,2024.2.1post4,60.07936484378405,2024-11-18 22h18.31.876505 +0530,
,,19,19,0,,,,,,images/1001_food_lum.jpg,disgust,food,radiator,,,,,,,,,,,,,,,,,0,19,19,0,,,,,,,,,473.2256031000288,,,,,,,,,,,,,,,,,,,,,,473.2206301999977,473.2256031000288,474.2115735000116,474.2115735000116,474.2281632000231,476.22549979999894,476.22549979999894,476.1953541000257,,,,,,,,,,,,,,,,,,,,,,,,,,,,,,,,,,03,001,male,21,2024-11-18_22h16.54.233,solo project,2024.2.1post4,60.07936484378405,2024-11-18 22h18.31.876505 +0530,
,,20,20,0,,,,,,images/1044_food_neutral_lum.jpg,neutral,food,custom,,,,,,,,,,,,,,,,,0,20,20,16,,,,,,,,,476.22549979999894,,,,,,,,,,,,,,,,,,,,,,476.21958299999824,476.22549979999894,477.21181910001906,477.21181910001906,477.2283751000068,479.22494200000074,479.22494200000074,479.19584820000455,,,,,,,,,,,,,,,,,,,,,,,,,,,,,,,,,,03,001,male,21,2024-11-18_22h16.54.233,solo project,2024.2.1post4,60.07936484378405,2024-11-18 22h18.31.876505 +0530,
,,21,21,0,,,,,,images/1299_hygiene neutral_lum.jpg,neutral,hygeine,rancid,,,,,,,,,,,,,,,,,0,21,21,29,,,,,,,,,479.22494200000074,,,,,,,,,,,,,,,,,,,,,,479.21982850000495,479.22494200000074,480.2120474000112,480.2120474000112,480.228091099998,482.22574140003417,482.22574140003417,482.19517399999313,,,,,,,,,,,,,,,,,,,,,,,,,,,,,,,,,,03,001,male,21,2024-11-18_22h16.54.233,solo project,2024.2.1post4,60.07936484378405,2024-11-18 22h18.31.876505 +0530,
,,22,22,0,,,,,,images/1093_animals_neutral_lum.jpg,neutral,animal,lighthouse,,,,,,,,,,,,,,,,,0,22,22,18,,,,,,,,,482.22574140003417,,,,,,,,,,,,,,,,,,,,,,482.2204679000424,482.22574140003417,483.2118999999948,483.2118999999948,483.2282862000284,485.225816900027,485.225816900027,485.1961303999997,,,,,,,,,,,,,,,,,,,,,,,,,,,,,,,,,,03,001,male,21,2024-11-18_22h16.54.233,solo project,2024.2.1post4,60.07936484378405,2024-11-18 22h18.31.876505 +0530,
,,23,23,0,,,,,,images/1073_animals_lum.jpg,disgust,animal,journal,,,,,,,,,,,,,,,,,0,23,23,5,,,,,,,,,485.225816900027,,,,,,,,,,,,,,,,,,,,,,485.2221474000253,485.225816900027,486.21189259999665,486.21189259999665,486.22878559998935,488.2249313000357,488.2249313000357,488.1960931000067,,,,,,,,,,,,,,,,,,,,,,,,,,,,,,,,,,03,001,male,21,2024-11-18_22h16.54.233,solo project,2024.2.1post4,60.07936484378405,2024-11-18 22h18.31.876505 +0530,
,,24,24,0,,,,,,images/1146_body products neutral_lum.jpg,neutral,body product,reptile,,,,,,,,,,,,,,,,,0,24,24,22,,,,,,,,,488.2249313000357,,,,,,,,,,,,,,,,,,,,,,488.2196033000364,488.2249313000357,489.2118782000034,489.2118782000034,489.2289002999896,491.2263755000313,491.2263755000313,491.1962051000446,,,,,,,,,,,,,,,,,,,,,,,,,,,,,,,,,,03,001,male,21,2024-11-18_22h16.54.233,solo project,2024.2.1post4,60.07936484378405,2024-11-18 22h18.31.876505 +0530,
,,25,25,0,,,,,,images/1143_body products neutral_lum.jpg,neutral,body product,invest,,,,,,,,,,,,,,,,,0,25,25,21,,,,,,,,,491.2263755000313,,,,,,,,,,,,,,,,,,,,,,491.2207482000231,491.2263755000313,492.2120594000444,492.2120594000444,492.22891730000265,494.22663769999053,494.22663769999053,494.19640030001756,,,,,,,,,,,,,,,,,,,,,,,,,,,,,,,,,,03,001,male,21,2024-11-18_22h16.54.233,solo project,2024.2.1post4,60.07936484378405,2024-11-18 22h18.31.876505 +0530,
,,26,26,0,,,,,,images/1107_body products_lum.jpg,disgust,body product,passage,,,,,,,,,,,,,,,,,0,26,26,7,,,,,,,,,494.22663769999053,,,,,,,,,,,,,,,,,,,,,,494.22127969999565,494.22663769999053,495.21287879999727,495.21287879999727,495.22989499999676,497.22693080001045,497.22693080001045,497.1964045999921,,,,,,,,,,,,,,,,,,,,,,,,,,,,,,,,,,03,001,male,21,2024-11-18_22h16.54.233,solo project,2024.2.1post4,60.07936484378405,2024-11-18 22h18.31.876505 +0530,
,,27,27,0,,,,,,images/1271_hygiene_lum.jpg,disgust,hygeine,limber,,,,,,,,,,,,,,,,,0,27,27,14,,,,,,,,,497.22693080001045,,,,,,,,,,,,,,,,,,,,,,497.22309050004696,497.22693080001045,498.212809699995,498.212809699995,498.22958020004444,500.22842910001054,500.22842910001054,500.1968951000017,,,,,,,,,,,,,,,,,,,,,,,,,,,,,,,,,,03,001,male,21,2024-11-18_22h16.54.233,solo project,2024.2.1post4,60.07936484378405,2024-11-18 22h18.31.876505 +0530,
,,28,28,0,,,,,,images/1165_injuries_infections_lum.jpg,disgust,injury/infection,glacier,,,,,,,,,,,,,,,,,0,28,28,10,,,,,,,,,500.22842910001054,,,,,,,,,,,,,,,,,,,,,,500.22267190000275,500.22842910001054,501.21419040003093,501.21419040003093,501.2310964000062,503.2281980999978,503.2281980999978,503.1984245000058,,,,,,,,,,,,,,,,,,,,,,,,,,,,,,,,,,03,001,male,21,2024-11-18_22h16.54.233,solo project,2024.2.1post4,60.07936484378405,2024-11-18 22h18.31.876505 +0530,
,,29,29,0,,,,,,images/1223_death_lum.jpg,disgust,death,mischief,,,,,,,,,,,,,,,,,0,29,29,12,,,,,,,,,503.2281980999978,,,,,,,,,,,,,,,,,,,,,,503.222759700031,503.2281980999978,504.19817210000474,504.19817210000474,504.231094799994,506.1979424000019,506.1979424000019,506.1815015000175,,,,,,,,,,,,,,,,,,,,,,,,,,,,,,,,,,03,001,male,21,2024-11-18_22h16.54.233,solo project,2024.2.1post4,60.07936484378405,2024-11-18 22h18.31.876505 +0530,
,,,,,,,,,,,,,,,,,,,,,,,,,,,,,,,,,,,,,,,,,,,,,,,,,,,,,,,,,,,,,,,,,,,,,,,,506.1816053999937,1.9993190999957733,523.6315390000236,space,15.418959500035271,None,,,,,,,,,,,,,,,,,,,,,,,,,,,,03,001,male,21,2024-11-18_22h16.54.233,solo project,2024.2.1post4,60.07936484378405,2024-11-18 22h18.31.876505 +0530,
,,0,0,0,,,,,,,,,,skeptical,old,2.0,4.8544020999688655,,,,,,,,,,,,,,,,,0,0,0,24,,,,,523.680276500003,,,,,,,,,,,,,,,,,,,,,,,,,,,,,,,,,,,,523.6659530000179,523.680276500003,523.680276500003,528.5354509000317,2.0,4.8544020999688655,,,,,,,,,,,,,,,,,,,,,,03,001,male,21,2024-11-18_22h16.54.233,solo project,2024.2.1post4,60.07936484378405,2024-11-18 22h18.31.876505 +0530,
,,1,1,0,,,,,,,,,,glacier,old,2.0,1.4751117000123486,,,,,,,,,,,,,,,,,0,1,1,4,,,,,528.5552861000178,,,,,,,,,,,,,,,,,,,,,,,,,,,,,,,,,,,,528.5444590999978,528.5552861000178,528.5552861000178,530.0360010000295,2.0,1.4751117000123486,,,,,,,,,,,,,,,,,,,,,,03,001,male,21,2024-11-18_22h16.54.233,solo project,2024.2.1post4,60.07936484378405,2024-11-18 22h18.31.876505 +0530,
,,2,2,0,,,,,,,,,,coast,old,2.0,1.1620218000025488,,,,,,,,,,,,,,,,,0,2,2,0,,,,,530.05196479999,,,,,,,,,,,,,,,,,,,,,,,,,,,,,,,,,,,,530.0420524000074,530.05196479999,530.05196479999,531.2189254999976,2.0,1.1620218000025488,,,,,,,,,,,,,,,,,,,,,,03,001,male,21,2024-11-18_22h16.54.233,solo project,2024.2.1post4,60.07936484378405,2024-11-18 22h18.31.876505 +0530,
,,3,3,0,,,,,,,,,,stove,old,1.0,2.5128068000194617,,,,,,,,,,,,,,,,,0,3,3,26,,,,,531.2352245000075,,,,,,,,,,,,,,,,,,,,,,,,,,,,,,,,,,,,531.2243869000231,531.2352245000075,531.2352245000075,533.7521153000416,1.0,2.5128068000194617,,,,,,,,,,,,,,,,,,,,,,03,001,male,21,2024-11-18_22h16.54.233,solo project,2024.2.1post4,60.07936484378405,2024-11-18 22h18.31.876505 +0530,
,,4,4,0,,,,,,,,,,lighthouse,old,2.0,3.043889799970202,,,,,,,,,,,,,,,,,0,4,4,9,,,,,533.770951100043,,,,,,,,,,,,,,,,,,,,,,,,,,,,,,,,,,,,533.7598720000242,533.770951100043,533.770951100043,536.8190385000198,2.0,3.043889799970202,,,,,,,,,,,,,,,,,,,,,,03,001,male,21,2024-11-18_22h16.54.233,solo project,2024.2.1post4,60.07936484378405,2024-11-18 22h18.31.876505 +0530,
,,5,5,0,,,,,,,,,,ennui,old,1.0,2.628072499996051,,,,,,,,,,,,,,,,,0,5,5,3,,,,,536.8355516000302,,,,,,,,,,,,,,,,,,,,,,,,,,,,,,,,,,,,536.82484320004,536.8355516000302,536.8355516000302,539.4689254999976,1.0,2.628072499996051,,,,,,,,,,,,,,,,,,,,,,03,001,male,21,2024-11-18_22h16.54.233,solo project,2024.2.1post4,60.07936484378405,2024-11-18 22h18.31.876505 +0530,
,,6,6,0,,,,,,,,,,rattle,old,1.0,1.9973247000016272,,,,,,,,,,,,,,,,,0,6,6,20,,,,,539.4839091000031,,,,,,,,,,,,,,,,,,,,,,,,,,,,,,,,,,,,539.4725294000236,539.4839091000031,539.4839091000031,541.4852847000002,1.0,1.9973247000016272,,,,,,,,,,,,,,,,,,,,,,03,001,male,21,2024-11-18_22h16.54.233,solo project,2024.2.1post4,60.07936484378405,2024-11-18 22h18.31.876505 +0530,
,,7,7,0,,,,,,,,,,lightbulb,new,2.0,2.8284185000229627,,,,,,,,,,,,,,,,,0,7,7,40,,,,,541.5016617000219,,,,,,,,,,,,,,,,,,,,,,,,,,,,,,,,,,,,541.4918532000156,541.5016617000219,541.5016617000219,544.3355580000207,2.0,2.8284185000229627,,,,,,,,,,,,,,,,,,,,,,03,001,male,21,2024-11-18_22h16.54.233,solo project,2024.2.1post4,60.07936484378405,2024-11-18 22h18.31.876505 +0530,
,,8,8,0,,,,,,,,,,passage,old,2.0,2.52824909996707,,,,,,,,,,,,,,,,,0,8,8,16,,,,,544.351313000021,,,,,,,,,,,,,,,,,,,,,,,,,,,,,,,,,,,,544.3408761000028,544.351313000021,544.351313000021,546.8858197000227,2.0,2.52824909996707,,,,,,,,,,,,,,,,,,,,,,03,001,male,21,2024-11-18_22h16.54.233,solo project,2024.2.1post4,60.07936484378405,2024-11-18 22h18.31.876505 +0530,
,,9,9,0,,,,,,,,,,repentant,new,2.0,1.4803571000229567,,,,,,,,,,,,,,,,,0,9,9,45,,,,,546.9003888000152,,,,,,,,,,,,,,,,,,,,,,,,,,,,,,,,,,,,546.889979700034,546.9003888000152,546.9003888000152,548.3850207999931,2.0,1.4803571000229567,,,,,,,,,,,,,,,,,,,,,,03,001,male,21,2024-11-18_22h16.54.233,solo project,2024.2.1post4,60.07936484378405,2024-11-18 22h18.31.876505 +0530,
,,10,10,0,,,,,,,,,,truck,new,2.0,1.148054499994032,,,,,,,,,,,,,,,,,0,10,10,56,,,,,548.4007526999922,,,,,,,,,,,,,,,,,,,,,,,,,,,,,,,,,,,,548.3892888000119,548.4007526999922,548.4007526999922,549.5520772000309,2.0,1.148054499994032,,,,,,,,,,,,,,,,,,,,,,03,001,male,21,2024-11-18_22h16.54.233,solo project,2024.2.1post4,60.07936484378405,2024-11-18 22h18.31.876505 +0530,
,,11,11,0,,,,,,,,,,highway,new,2.0,1.07638909999514,,,,,,,,,,,,,,,,,0,11,11,37,,,,,549.5707805000129,,,,,,,,,,,,,,,,,,,,,,,,,,,,,,,,,,,,549.5601484000217,549.5707805000129,549.5707805000129,550.6521953000338,2.0,1.07638909999514,,,,,,,,,,,,,,,,,,,,,,03,001,male,21,2024-11-18_22h16.54.233,solo project,2024.2.1post4,60.07936484378405,2024-11-18 22h18.31.876505 +0530,
,,12,12,0,,,,,,,,,,lantern,old,2.0,1.4476725999847986,,,,,,,,,,,,,,,,,0,12,12,8,,,,,550.667162000027,,,,,,,,,,,,,,,,,,,,,,,,,,,,,,,,,,,,550.6560520000057,550.667162000027,550.667162000027,552.1182980000158,2.0,1.4476725999847986,,,,,,,,,,,,,,,,,,,,,,03,001,male,21,2024-11-18_22h16.54.233,solo project,2024.2.1post4,60.07936484378405,2024-11-18 22h18.31.876505 +0530,
,,13,13,0,,,,,,,,,,custom,old,2.0,1.279090600030031,,,,,,,,,,,,,,,,,0,13,13,1,,,,,552.1355620000395,,,,,,,,,,,,,,,,,,,,,,,,,,,,,,,,,,,,552.1250938000157,552.1355620000395,552.1355620000395,553.4185001000296,2.0,1.279090600030031,,,,,,,,,,,,,,,,,,,,,,03,001,male,21,2024-11-18_22h16.54.233,solo project,2024.2.1post4,60.07936484378405,2024-11-18 22h18.31.876505 +0530,
,,14,14,0,,,,,,,,,,market,new,2.0,1.1469504000269808,,,,,,,,,,,,,,,,,0,14,14,41,,,,,553.4337249000091,,,,,,,,,,,,,,,,,,,,,,,,,,,,,,,,,,,,553.4223758000298,553.4337249000091,553.4337249000091,554.5852127000107,2.0,1.1469504000269808,,,,,,,,,,,,,,,,,,,,,,03,001,male,21,2024-11-18_22h16.54.233,solo project,2024.2.1post4,60.07936484378405,2024-11-18 22h18.31.876505 +0530,
,,15,15,0,,,,,,,,,,serious,old,2.0,1.9804640000220388,,,,,,,,,,,,,,,,,0,15,15,23,,,,,554.6006501000375,,,,,,,,,,,,,,,,,,,,,,,,,,,,,,,,,,,,554.5892067000386,554.6006501000375,554.6006501000375,556.5859470000141,2.0,1.9804640000220388,,,,,,,,,,,,,,,,,,,,,,03,001,male,21,2024-11-18_22h16.54.233,solo project,2024.2.1post4,60.07936484378405,2024-11-18 22h18.31.876505 +0530,
,,16,16,0,,,,,,,,,,hard,old,1.0,2.494898499979172,,,,,,,,,,,,,,,,,0,16,16,5,,,,,556.6029028000194,,,,,,,,,,,,,,,,,,,,,,,,,,,,,,,,,,,,556.5918304999941,556.6029028000194,556.6029028000194,559.1020651000435,1.0,2.494898499979172,,,,,,,,,,,,,,,,,,,,,,03,001,male,21,2024-11-18_22h16.54.233,solo project,2024.2.1post4,60.07936484378405,2024-11-18 22h18.31.876505 +0530,
,,17,17,0,,,,,,,,,,salute,new,2.0,2.1972915999940597,,,,,,,,,,,,,,,,,0,17,17,47,,,,,559.1169108999893,,,,,,,,,,,,,,,,,,,,,,,,,,,,,,,,,,,,559.10587020003,559.1169108999893,559.1169108999893,561.3186708000139,2.0,2.1972915999940597,,,,,,,,,,,,,,,,,,,,,,03,001,male,21,2024-11-18_22h16.54.233,solo project,2024.2.1post4,60.07936484378405,2024-11-18 22h18.31.876505 +0530,
,,18,18,0,,,,,,,,,,clock,new,2.0,1.2980079000117257,,,,,,,,,,,,,,,,,0,18,18,30,,,,,561.3335475000204,,,,,,,,,,,,,,,,,,,,,,,,,,,,,,,,,,,,561.322291199991,561.3335475000204,561.3335475000204,562.6354227000265,2.0,1.2980079000117257,,,,,,,,,,,,,,,,,,,,,,03,001,male,21,2024-11-18_22h16.54.233,solo project,2024.2.1post4,60.07936484378405,2024-11-18 22h18.31.876505 +0530,
,,19,19,0,,,,,,,,,,poetry,new,2.0,1.2795494999736547,,,,,,,,,,,,,,,,,0,19,19,44,,,,,562.6500293000136,,,,,,,,,,,,,,,,,,,,,,,,,,,,,,,,,,,,562.6397540000034,562.6500293000136,562.6500293000136,563.9358718000003,2.0,1.2795494999736547,,,,,,,,,,,,,,,,,,,,,,03,001,male,21,2024-11-18_22h16.54.233,solo project,2024.2.1post4,60.07936484378405,2024-11-18 22h18.31.876505 +0530,
,,20,20,0,,,,,,,,,,hawk,new,1.0,5.447393100010231,,,,,,,,,,,,,,,,,0,20,20,36,,,,,563.9507492000121,,,,,,,,,,,,,,,,,,,,,,,,,,,,,,,,,,,,563.9393180999905,563.9507492000121,563.9507492000121,569.4017369000358,1.0,5.447393100010231,,,,,,,,,,,,,,,,,,,,,,03,001,male,21,2024-11-18_22h16.54.233,solo project,2024.2.1post4,60.07936484378405,2024-11-18 22h18.31.876505 +0530,
,,21,21,0,,,,,,,,,,reptile,old,1.0,1.6800301999901421,,,,,,,,,,,,,,,,,0,21,21,21,,,,,569.4167342000292,,,,,,,,,,,,,,,,,,,,,,,,,,,,,,,,,,,,569.4055717000156,569.4167342000292,569.4167342000292,571.1018578000367,1.0,1.6800301999901421,,,,,,,,,,,,,,,,,,,,,,03,001,male,21,2024-11-18_22h16.54.233,solo project,2024.2.1post4,60.07936484378405,2024-11-18 22h18.31.876505 +0530,
,,22,22,0,,,,,,,,,,material,old,1.0,1.5474477999960072,,,,,,,,,,,,,,,,,0,22,22,12,,,,,571.1168420999893,,,,,,,,,,,,,,,,,,,,,,,,,,,,,,,,,,,,571.1060032999958,571.1168420999893,571.1168420999893,572.6686820000177,1.0,1.5474477999960072,,,,,,,,,,,,,,,,,,,,,,03,001,male,21,2024-11-18_22h16.54.233,solo project,2024.2.1post4,60.07936484378405,2024-11-18 22h18.31.876505 +0530,
,,23,23,0,,,,,,,,,,hand,new,2.0,3.5640203000511974,,,,,,,,,,,,,,,,,0,23,23,35,,,,,572.6833864999935,,,,,,,,,,,,,,,,,,,,,,,,,,,,,,,,,,,,572.6724889000179,572.6833864999935,572.6833864999935,576.2516155000194,2.0,3.5640203000511974,,,,,,,,,,,,,,,,,,,,,,03,001,male,21,2024-11-18_22h16.54.233,solo project,2024.2.1post4,60.07936484378405,2024-11-18 22h18.31.876505 +0530,
,,24,24,0,,,,,,,,,,storm,new,2.0,1.2808253999683075,,,,,,,,,,,,,,,,,0,24,24,52,,,,,576.2669670000323,,,,,,,,,,,,,,,,,,,,,,,,,,,,,,,,,,,,576.2555030999938,576.2669670000323,576.2669670000323,577.5513233999955,2.0,1.2808253999683075,,,,,,,,,,,,,,,,,,,,,,03,001,male,21,2024-11-18_22h16.54.233,solo project,2024.2.1post4,60.07936484378405,2024-11-18 22h18.31.876505 +0530,
,,25,25,0,,,,,,,,,,tease,new,2.0,2.6480368000338785,,,,,,,,,,,,,,,,,0,25,25,54,,,,,577.5669851000421,,,,,,,,,,,,,,,,,,,,,,,,,,,,,,,,,,,,577.5549819000298,577.5669851000421,577.5669851000421,580.218125000014,2.0,2.6480368000338785,,,,,,,,,,,,,,,,,,,,,,03,001,male,21,2024-11-18_22h16.54.233,solo project,2024.2.1post4,60.07936484378405,2024-11-18 22h18.31.876505 +0530,
,,26,26,0,,,,,,,,,,lawn,new,2.0,1.0649496000260115,,,,,,,,,,,,,,,,,0,26,26,39,,,,,580.2336799000041,,,,,,,,,,,,,,,,,,,,,,,,,,,,,,,,,,,,580.2215901000309,580.2336799000041,580.2336799000041,581.3013995999936,2.0,1.0649496000260115,,,,,,,,,,,,,,,,,,,,,,03,001,male,21,2024-11-18_22h16.54.233,solo project,2024.2.1post4,60.07936484378405,2024-11-18 22h18.31.876505 +0530,
,,27,27,0,,,,,,,,,,whistle,new,2.0,1.2319688000134192,,,,,,,,,,,,,,,,,0,27,27,59,,,,,581.3166044999962,,,,,,,,,,,,,,,,,,,,,,,,,,,,,,,,,,,,581.3052336000255,581.3166044999962,581.3166044999962,582.5515905999928,2.0,1.2319688000134192,,,,,,,,,,,,,,,,,,,,,,03,001,male,21,2024-11-18_22h16.54.233,solo project,2024.2.1post4,60.07936484378405,2024-11-18 22h18.31.876505 +0530,
,,28,28,0,,,,,,,,,,manner,old,2.0,2.131049500021618,,,,,,,,,,,,,,,,,0,28,28,11,,,,,582.5667793999892,,,,,,,,,,,,,,,,,,,,,,,,,,,,,,,,,,,,582.5552440999891,582.5667793999892,582.5667793999892,584.7016561999917,2.0,2.131049500021618,,,,,,,,,,,,,,,,,,,,,,03,001,male,21,2024-11-18_22h16.54.233,solo project,2024.2.1post4,60.07936484378405,2024-11-18 22h18.31.876505 +0530,
,,29,29,0,,,,,,,,,,mischief,old,1.0,4.144670199952088,,,,,,,,,,,,,,,,,0,29,29,13,,,,,584.7187331000459,,,,,,,,,,,,,,,,,,,,,,,,,,,,,,,,,,,,584.7084745000466,584.7187331000459,584.7187331000459,588.8678722000332,1.0,4.144670199952088,,,,,,,,,,,,,,,,,,,,,,03,001,male,21,2024-11-18_22h16.54.233,solo project,2024.2.1post4,60.07936484378405,2024-11-18 22h18.31.876505 +0530,
,,30,30,0,,,,,,,,,,privacy,old,1.0,3.4474540000082925,,,,,,,,,,,,,,,,,0,30,30,17,,,,,588.8836001000018,,,,,,,,,,,,,,,,,,,,,,,,,,,,,,,,,,,,588.8723802000168,588.8836001000018,588.8836001000018,592.3346868000226,1.0,3.4474540000082925,,,,,,,,,,,,,,,,,,,,,,03,001,male,21,2024-11-18_22h16.54.233,solo project,2024.2.1post4,60.07936484378405,2024-11-18 22h18.31.876505 +0530,
,,31,31,0,,,,,,,,,,concentrate,new,2.0,3.3302106999908574,,,,,,,,,,,,,,,,,0,31,31,31,,,,,592.3501224000356,,,,,,,,,,,,,,,,,,,,,,,,,,,,,,,,,,,,592.3388533000252,592.3501224000356,592.3501224000356,595.684844900039,2.0,3.3302106999908574,,,,,,,,,,,,,,,,,,,,,,03,001,male,21,2024-11-18_22h16.54.233,solo project,2024.2.1post4,60.07936484378405,2024-11-18 22h18.31.876505 +0530,
,,32,32,0,,,,,,,,,,industry,new,1.0,6.312001000042073,,,,,,,,,,,,,,,,,0,32,32,38,,,,,595.701517700043,,,,,,,,,,,,,,,,,,,,,,,,,,,,,,,,,,,,595.6904845000245,595.701517700043,595.701517700043,602.0185072000022,1.0,6.312001000042073,,,,,,,,,,,,,,,,,,,,,,03,001,male,21,2024-11-18_22h16.54.233,solo project,2024.2.1post4,60.07936484378405,2024-11-18 22h18.31.876505 +0530,
,,33,33,0,,,,,,,,,,elevator,old,1.0,1.463590800005477,,,,,,,,,,,,,,,,,0,33,33,2,,,,,602.0335045999964,,,,,,,,,,,,,,,,,,,,,,,,,,,,,,,,,,,,602.0223667999962,602.0335045999964,602.0335045999964,603.5011297000456,1.0,1.463590800005477,,,,,,,,,,,,,,,,,,,,,,03,001,male,21,2024-11-18_22h16.54.233,solo project,2024.2.1post4,60.07936484378405,2024-11-18 22h18.31.876505 +0530,
,,34,34,0,,,,,,,,,,neurotic,old,1.0,1.1965688000200316,,,,,,,,,,,,,,,,,0,34,34,14,,,,,603.5162966999924,,,,,,,,,,,,,,,,,,,,,,,,,,,,,,,,,,,,603.505204599991,603.5162966999924,603.5162966999924,604.7177946000011,1.0,1.1965688000200316,,,,,,,,,,,,,,,,,,,,,,03,001,male,21,2024-11-18_22h16.54.233,solo project,2024.2.1post4,60.07936484378405,2024-11-18 22h18.31.876505 +0530,
,,35,35,0,,,,,,,,,,village,old,1.0,1.2309491999913007,,,,,,,,,,,,,,,,,0,35,35,28,,,,,604.7334098000429,,,,,,,,,,,,,,,,,,,,,,,,,,,,,,,,,,,,604.7215564000071,604.7334098000429,604.7334098000429,605.9677247999934,1.0,1.2309491999913007,,,,,,,,,,,,,,,,,,,,,,03,001,male,21,2024-11-18_22h16.54.233,solo project,2024.2.1post4,60.07936484378405,2024-11-18 22h18.31.876505 +0530,
,,36,36,0,,,,,,,,,,trumpet,old,1.0,4.281850300030783,,,,,,,,,,,,,,,,,0,36,36,27,,,,,605.9830270000384,,,,,,,,,,,,,,,,,,,,,,,,,,,,,,,,,,,,605.9715368000325,605.9830270000384,605.9830270000384,610.2677427000017,1.0,4.281850300030783,,,,,,,,,,,,,,,,,,,,,,03,001,male,21,2024-11-18_22h16.54.233,solo project,2024.2.1post4,60.07936484378405,2024-11-18 22h18.31.876505 +0530,
,,37,37,0,,,,,,,,,,detail,new,1.0,8.180957499949727,,,,,,,,,,,,,,,,,0,37,37,33,,,,,610.2832674999954,,,,,,,,,,,,,,,,,,,,,,,,,,,,,,,,,,,,610.2716663000174,610.2832674999954,610.2832674999954,618.4673660999979,1.0,8.180957499949727,,,,,,,,,,,,,,,,,,,,,,03,001,male,21,2024-11-18_22h16.54.233,solo project,2024.2.1post4,60.07936484378405,2024-11-18 22h18.31.876505 +0530,
,,38,38,0,,,,,,,,,,radiator,old,1.0,1.2478038999834098,,,,,,,,,,,,,,,,,0,38,38,18,,,,,618.4830977999954,,,,,,,,,,,,,,,,,,,,,,,,,,,,,,,,,,,,618.4711194999982,618.4830977999954,618.4830977999954,619.734171100019,1.0,1.2478038999834098,,,,,,,,,,,,,,,,,,,,,,03,001,male,21,2024-11-18_22h16.54.233,solo project,2024.2.1post4,60.07936484378405,2024-11-18 22h18.31.876505 +0530,
,,39,39,0,,,,,,,,,,reverent,old,1.0,1.1138905999832787,,,,,,,,,,,,,,,,,0,39,39,22,,,,,619.7492416000459,,,,,,,,,,,,,,,,,,,,,,,,,,,,,,,,,,,,619.7384428000078,619.7492416000459,619.7492416000459,620.8676102000172,1.0,1.1138905999832787,,,,,,,,,,,,,,,,,,,,,,03,001,male,21,2024-11-18_22h16.54.233,solo project,2024.2.1post4,60.07936484378405,2024-11-18 22h18.31.876505 +0530,
,,40,40,0,,,,,,,,,,trunk,new,1.0,2.8636393999913707,,,,,,,,,,,,,,,,,0,40,40,57,,,,,620.8829386000289,,,,,,,,,,,,,,,,,,,,,,,,,,,,,,,,,,,,620.8721756000305,620.8829386000289,620.8829386000289,623.7509052000241,1.0,2.8636393999913707,,,,,,,,,,,,,,,,,,,,,,03,001,male,21,2024-11-18_22h16.54.233,solo project,2024.2.1post4,60.07936484378405,2024-11-18 22h18.31.876505 +0530,
,,41,41,0,,,,,,,,,,theory,new,1.0,1.197814799961634,,,,,,,,,,,,,,,,,0,41,41,55,,,,,623.766010100022,,,,,,,,,,,,,,,,,,,,,,,,,,,,,,,,,,,,623.7545262000058,623.766010100022,623.766010100022,624.9674450000166,1.0,1.197814799961634,,,,,,,,,,,,,,,,,,,,,,03,001,male,21,2024-11-18_22h16.54.233,solo project,2024.2.1post4,60.07936484378405,2024-11-18 22h18.31.876505 +0530,
,,42,42,0,,,,,,,,,,nursery,old,1.0,2.1311300999950618,,,,,,,,,,,,,,,,,0,42,42,15,,,,,624.9829219999956,,,,,,,,,,,,,,,,,,,,,,,,,,,,,,,,,,,,624.9710741000017,624.9829219999956,624.9829219999956,627.1177049000398,1.0,2.1311300999950618,,,,,,,,,,,,,,,,,,,,,,03,001,male,21,2024-11-18_22h16.54.233,solo project,2024.2.1post4,60.07936484378405,2024-11-18 22h18.31.876505 +0530,
,,43,43,0,,,,,,,,,,rough,new,2.0,3.2805539999972098,,,,,,,,,,,,,,,,,0,43,43,46,,,,,627.1330360000138,,,,,,,,,,,,,,,,,,,,,,,,,,,,,,,,,,,,627.1217146000126,627.1330360000138,627.1330360000138,630.4174444000237,2.0,3.2805539999972098,,,,,,,,,,,,,,,,,,,,,,03,001,male,21,2024-11-18_22h16.54.233,solo project,2024.2.1post4,60.07936484378405,2024-11-18 22h18.31.876505 +0530,
,,44,44,0,,,,,,,,,,shadow,new,2.0,1.3973393000196666,,,,,,,,,,,,,,,,,0,44,44,50,,,,,630.4326344000292,,,,,,,,,,,,,,,,,,,,,,,,,,,,,,,,,,,,630.4212302000378,630.4326344000292,630.4326344000292,631.8340625000419,2.0,1.3973393000196666,,,,,,,,,,,,,,,,,,,,,,03,001,male,21,2024-11-18_22h16.54.233,solo project,2024.2.1post4,60.07936484378405,2024-11-18 22h18.31.876505 +0530,
,,45,45,0,,,,,,,,,,teacher,new,2.0,2.6813795000198297,,,,,,,,,,,,,,,,,0,45,45,53,,,,,631.8498563000467,,,,,,,,,,,,,,,,,,,,,,,,,,,,,,,,,,,,631.8377859999891,631.8498563000467,631.8498563000467,634.5338218000252,2.0,2.6813795000198297,,,,,,,,,,,,,,,,,,,,,,03,001,male,21,2024-11-18_22h16.54.233,solo project,2024.2.1post4,60.07936484378405,2024-11-18 22h18.31.876505 +0530,
,,46,46,0,,,,,,,,,,stiff,old,1.0,3.147504900000058,,,,,,,,,,,,,,,,,0,46,46,25,,,,,634.5494298000121,,,,,,,,,,,,,,,,,,,,,,,,,,,,,,,,,,,,634.5371818999993,634.5494298000121,634.5494298000121,637.7009734000312,1.0,3.147504900000058,,,,,,,,,,,,,,,,,,,,,,03,001,male,21,2024-11-18_22h16.54.233,solo project,2024.2.1post4,60.07936484378405,2024-11-18 22h18.31.876505 +0530,
,,47,47,0,,,,,,,,,,sentiment,new,2.0,3.147527599998284,,,,,,,,,,,,,,,,,0,47,47,49,,,,,637.7158795000287,,,,,,,,,,,,,,,,,,,,,,,,,,,,,,,,,,,,637.7050202999962,637.7158795000287,637.7158795000287,640.8671221000259,2.0,3.147527599998284,,,,,,,,,,,,,,,,,,,,,,03,001,male,21,2024-11-18_22h16.54.233,solo project,2024.2.1post4,60.07936484378405,2024-11-18 22h18.31.876505 +0530,
,,48,48,0,,,,,,,,,,scissors,new,2.0,1.5475462999893352,,,,,,,,,,,,,,,,,0,48,48,48,,,,,640.8828632000368,,,,,,,,,,,,,,,,,,,,,,,,,,,,,,,,,,,,640.8709857999929,640.8828632000368,640.8828632000368,642.4339526999975,2.0,1.5475462999893352,,,,,,,,,,,,,,,,,,,,,,03,001,male,21,2024-11-18_22h16.54.233,solo project,2024.2.1post4,60.07936484378405,2024-11-18 22h18.31.876505 +0530,
,,49,49,0,,,,,,,,,,skyscraper,new,2.0,1.4136924999766052,,,,,,,,,,,,,,,,,0,49,49,51,,,,,642.4490875999909,,,,,,,,,,,,,,,,,,,,,,,,,,,,,,,,,,,,642.4380744000082,642.4490875999909,642.4490875999909,643.8673906000331,2.0,1.4136924999766052,,,,,,,,,,,,,,,,,,,,,,03,001,male,21,2024-11-18_22h16.54.233,solo project,2024.2.1post4,60.07936484378405,2024-11-18 22h18.31.876505 +0530,
,,50,50,0,,,,,,,,,,fabric,new,2.0,6.29797920002602,,,,,,,,,,,,,,,,,0,50,50,34,,,,,643.8827420000453,,,,,,,,,,,,,,,,,,,,,,,,,,,,,,,,,,,,643.8709973000223,643.8827420000453,643.8827420000453,650.1841649000417,2.0,6.29797920002602,,,,,,,,,,,,,,,,,,,,,,03,001,male,21,2024-11-18_22h16.54.233,solo project,2024.2.1post4,60.07936484378405,2024-11-18 22h18.31.876505 +0530,
,,51,51,0,,,,,,,,,,rancid,old,1.0,2.914399500004947,,,,,,,,,,,,,,,,,0,51,51,19,,,,,650.199099200021,,,,,,,,,,,,,,,,,,,,,,,,,,,,,,,,,,,,650.1877104000305,650.199099200021,650.199099200021,653.1169593000086,1.0,2.914399500004947,,,,,,,,,,,,,,,,,,,,,,03,001,male,21,2024-11-18_22h16.54.233,solo project,2024.2.1post4,60.07936484378405,2024-11-18 22h18.31.876505 +0530,
,,52,52,0,,,,,,,,,,limber,old,1.0,5.214493900013622,,,,,,,,,,,,,,,,,0,52,52,10,,,,,653.1321399000008,,,,,,,,,,,,,,,,,,,,,,,,,,,,,,,,,,,,653.1211358000292,653.1321399000008,653.1321399000008,658.3507903999998,1.0,5.214493900013622,,,,,,,,,,,,,,,,,,,,,,03,001,male,21,2024-11-18_22h16.54.233,solo project,2024.2.1post4,60.07936484378405,2024-11-18 22h18.31.876505 +0530,
,,53,53,0,,,,,,,,,,paint,new,2.0,4.32998530002078,,,,,,,,,,,,,,,,,0,53,53,43,,,,,658.3683529000264,,,,,,,,,,,,,,,,,,,,,,,,,,,,,,,,,,,,658.3553002999979,658.3683529000264,658.3683529000264,662.700063300028,2.0,4.32998530002078,,,,,,,,,,,,,,,,,,,,,,03,001,male,21,2024-11-18_22h16.54.233,solo project,2024.2.1post4,60.07936484378405,2024-11-18 22h18.31.876505 +0530,
,,54,54,0,,,,,,,,,,medicine,new,2.0,2.115144399984274,,,,,,,,,,,,,,,,,0,54,54,42,,,,,662.7156222999911,,,,,,,,,,,,,,,,,,,,,,,,,,,,,,,,,,,,662.704178999993,662.7156222999911,662.7156222999911,664.8338118999964,2.0,2.115144399984274,,,,,,,,,,,,,,,,,,,,,,03,001,male,21,2024-11-18_22h16.54.233,solo project,2024.2.1post4,60.07936484378405,2024-11-18 22h18.31.876505 +0530,
,,55,55,0,,,,,,,,,,contents,new,2.0,1.5465171000105329,,,,,,,,,,,,,,,,,0,55,55,32,,,,,664.8487510000123,,,,,,,,,,,,,,,,,,,,,,,,,,,,,,,,,,,,664.8378207000205,664.8487510000123,664.8487510000123,666.4005917999893,2.0,1.5465171000105329,,,,,,,,,,,,,,,,,,,,,,03,001,male,21,2024-11-18_22h16.54.233,solo project,2024.2.1post4,60.07936484378405,2024-11-18 22h18.31.876505 +0530,
,,56,56,0,,,,,,,,,,invest,old,2.0,1.4140410000109114,,,,,,,,,,,,,,,,,0,56,56,6,,,,,666.415689299989,,,,,,,,,,,,,,,,,,,,,,,,,,,,,,,,,,,,666.4043223999906,666.415689299989,666.415689299989,667.8335420000367,2.0,1.4140410000109114,,,,,,,,,,,,,,,,,,,,,,03,001,male,21,2024-11-18_22h16.54.233,solo project,2024.2.1post4,60.07936484378405,2024-11-18 22h18.31.876505 +0530,
,,57,57,0,,,,,,,,,,wine,old,1.0,2.8314156999695115,,,,,,,,,,,,,,,,,0,57,57,29,,,,,667.8491014000028,,,,,,,,,,,,,,,,,,,,,,,,,,,,,,,,,,,,667.8371976999915,667.8491014000028,667.8491014000028,670.6835850999923,1.0,2.8314156999695115,,,,,,,,,,,,,,,,,,,,,,03,001,male,21,2024-11-18_22h16.54.233,solo project,2024.2.1post4,60.07936484378405,2024-11-18 22h18.31.876505 +0530,
,,58,58,0,,,,,,,,,,journal,old,2.0,5.395500699989498,,,,,,,,,,,,,,,,,0,58,58,7,,,,,670.7009724000236,,,,,,,,,,,,,,,,,,,,,,,,,,,,,,,,,,,,670.6900025000214,670.7009724000236,670.7009724000236,676.10040689999,2.0,5.395500699989498,,,,,,,,,,,,,,,,,,,,,,03,001,male,21,2024-11-18_22h16.54.233,solo project,2024.2.1post4,60.07936484378405,2024-11-18 22h18.31.876505 +0530,
,,59,59,0,,,,,,,,,,watch,new,2.0,1.514207800035365,,,,,,,,,,,,,,,,,0,59,59,58,,,,,676.1157182000461,,,,,,,,,,,,,,,,,,,,,,,,,,,,,,,,,,,,676.1038736000191,676.1157182000461,676.1157182000461,677.633316499996,2.0,1.514207800035365,,,,,,,,,,,,,,,,,,,,,,03,001,male,21,2024-11-18_22h16.54.233,solo project,2024.2.1post4,60.07936484378405,2024-11-18 22h18.31.876505 +0530,
,,,,,,,,,,,,,,,,,,,,,,,,,,,,,,,,,,,,,,,,,,,,,,,,,,,,,,,,,,,,,,,,,,,,,,,,,,,,,,,,,,,,677.6342872999958,679.7167476000031,1,[2.0668448000214994],[2.066852600022685],,,,,,,,,,,,,,,,,03,001,male,21,2024-11-18_22h16.54.233,solo project,2024.2.1post4,60.07936484378405,2024-11-18 22h18.31.876505 +0530,
,,,,,,,,,,,,,,,,,,,,,,,,,,,,,,,,,,,,,,,,,,,,,,,,,,,,,,,,,,,,,,,,,,,,,,,,,,,,,,,,,,,,,,,,,679.7168826000416,687.533241200028,space,7.801815900020301,None,,,,,,,,,,,,03,001,male,21,2024-11-18_22h16.54.233,solo project,2024.2.1post4,60.07936484378405,2024-11-18 22h18.31.876505 +0530,
,,,,,,,,,,,,,,,,,,,,,,,,,,,,,,,,,,,,,,,,,,,,,,,,,,,,,,,,,,,,,,,,,,,,,,,,,,,,,,,,,,,,,,,,,,,,,,687.5333046000451,726.9662522000144,space,39.41868769994471,None,,,,,,,03,001,male,21,2024-11-18_22h16.54.233,solo project,2024.2.1post4,60.07936484378405,2024-11-18 22h18.31.876505 +0530,
,,0,0,0,,,,,,,,,,,,,,1,Telephoning in public,1.0,1.0,,,,,,,,,,,,,,,,,0,0,0,0,727.0147891000379,,,,,,,,,,,,,,,,,,,,,,,,,,,,,,,,,,,,,,,,,,,,,,,,,,,,,,,,,726.981357600016,727.0147891000379,727.0147891000379,748.6936872000224,1.0,1.0,03,001,male,21,2024-11-18_22h16.54.233,solo project,2024.2.1post4,60.07936484378405,2024-11-18 22h18.31.876505 +0530,
,,1,1,0,,,,,,,,,,,,,,2,Participating in small groups,0.0,1.0,,,,,,,,,,,,,,,,,0,1,1,1,748.7156276000314,,,,,,,,,,,,,,,,,,,,,,,,,,,,,,,,,,,,,,,,,,,,,,,,,,,,,,,,,748.6984109000186,748.7156276000314,748.7156276000314,764.2485989000415,0.0,1.0,03,001,male,21,2024-11-18_22h16.54.233,solo project,2024.2.1post4,60.07936484378405,2024-11-18 22h18.31.876505 +0530,
,,2,2,0,,,,,,,,,,,,,,3,Eating in public places,0.0,1.0,,,,,,,,,,,,,,,,,0,2,2,2,764.2731220000423,,,,,,,,,,,,,,,,,,,,,,,,,,,,,,,,,,,,,,,,,,,,,,,,,,,,,,,,,764.2534240999958,764.2731220000423,764.2731220000423,775.5108460999909,0.0,1.0,03,001,male,21,2024-11-18_22h16.54.233,solo project,2024.2.1post4,60.07936484378405,2024-11-18 22h18.31.876505 +0530,
,,3,3,0,,,,,,,,,,,,,,4,Drinking with others in public places,3.0,2.0,,,,,,,,,,,,,,,,,0,3,3,3,775.5347521000076,,,,,,,,,,,,,,,,,,,,,,,,,,,,,,,,,,,,,,,,,,,,,,,,,,,,,,,,,775.5163224000135,775.5347521000076,775.5347521000076,791.9657022000174,3.0,2.0,03,001,male,21,2024-11-18_22h16.54.233,solo project,2024.2.1post4,60.07936484378405,2024-11-18 22h18.31.876505 +0530,
,,4,4,0,,,,,,,,,,,,,,5,Talking to people in authority,1.0,1.0,,,,,,,,,,,,,,,,,0,4,4,4,791.9867860000231,,,,,,,,,,,,,,,,,,,,,,,,,,,,,,,,,,,,,,,,,,,,,,,,,,,,,,,,,791.9692421000218,791.9867860000231,791.9867860000231,812.6248991000466,1.0,1.0,03,001,male,21,2024-11-18_22h16.54.233,solo project,2024.2.1post4,60.07936484378405,2024-11-18 22h18.31.876505 +0530,
,,5,5,0,,,,,,,,,,,,,,6,"Acting, performing, or giving a talk in front of an audience",1.0,1.0,,,,,,,,,,,,,,,,,0,5,5,5,812.6486511999974,,,,,,,,,,,,,,,,,,,,,,,,,,,,,,,,,,,,,,,,,,,,,,,,,,,,,,,,,812.6297530000447,812.6486511999974,812.6486511999974,822.3155682000215,1.0,1.0,03,001,male,21,2024-11-18_22h16.54.233,solo project,2024.2.1post4,60.07936484378405,2024-11-18 22h18.31.876505 +0530,
,,6,6,0,,,,,,,,,,,,,,7,Going to a party,1.0,1.0,,,,,,,,,,,,,,,,,0,6,6,6,822.3455074999947,,,,,,,,,,,,,,,,,,,,,,,,,,,,,,,,,,,,,,,,,,,,,,,,,,,,,,,,,822.3281770999893,822.3455074999947,822.3455074999947,832.3327830000198,1.0,1.0,03,001,male,21,2024-11-18_22h16.54.233,solo project,2024.2.1post4,60.07936484378405,2024-11-18 22h18.31.876505 +0530,
,,7,7,0,,,,,,,,,,,,,,8,Working while being observed,2.0,2.0,,,,,,,,,,,,,,,,,0,7,7,7,832.3536650000024,,,,,,,,,,,,,,,,,,,,,,,,,,,,,,,,,,,,,,,,,,,,,,,,,,,,,,,,,832.3367179000052,832.3536650000024,832.3536650000024,839.6665081999963,2.0,2.0,03,001,male,21,2024-11-18_22h16.54.233,solo project,2024.2.1post4,60.07936484378405,2024-11-18 22h18.31.876505 +0530,
,,8,8,0,,,,,,,,,,,,,,9,Writing while being observed,3.0,3.0,,,,,,,,,,,,,,,,,0,8,8,8,839.6869912000257,,,,,,,,,,,,,,,,,,,,,,,,,,,,,,,,,,,,,,,,,,,,,,,,,,,,,,,,,839.6701956000179,839.6869912000257,839.6869912000257,856.0425040000118,3.0,3.0,03,001,male,21,2024-11-18_22h16.54.233,solo project,2024.2.1post4,60.07936484378405,2024-11-18 22h18.31.876505 +0530,
,,9,9,0,,,,,,,,,,,,,,10,Calling someone you don't know very well,1.0,2.0,,,,,,,,,,,,,,,,,0,9,9,9,856.0640784000279,,,,,,,,,,,,,,,,,,,,,,,,,,,,,,,,,,,,,,,,,,,,,,,,,,,,,,,,,856.0476555000059,856.0640784000279,856.0640784000279,877.1272870000103,1.0,2.0,03,001,male,21,2024-11-18_22h16.54.233,solo project,2024.2.1post4,60.07936484378405,2024-11-18 22h18.31.876505 +0530,
,,10,10,0,,,,,,,,,,,,,,11,Talking with people you don't know very well,1.0,1.0,,,,,,,,,,,,,,,,,0,10,10,10,877.1486167000257,,,,,,,,,,,,,,,,,,,,,,,,,,,,,,,,,,,,,,,,,,,,,,,,,,,,,,,,,877.1313333000289,877.1486167000257,877.1486167000257,887.3704477000283,1.0,1.0,03,001,male,21,2024-11-18_22h16.54.233,solo project,2024.2.1post4,60.07936484378405,2024-11-18 22h18.31.876505 +0530,
,,11,11,0,,,,,,,,,,,,,,12,Meeting strangers,1.0,1.0,,,,,,,,,,,,,,,,,0,11,11,11,887.3941617000382,,,,,,,,,,,,,,,,,,,,,,,,,,,,,,,,,,,,,,,,,,,,,,,,,,,,,,,,,887.3753833000083,887.3941617000382,887.3941617000382,891.9137332999962,1.0,1.0,03,001,male,21,2024-11-18_22h16.54.233,solo project,2024.2.1post4,60.07936484378405,2024-11-18 22h18.31.876505 +0530,
,,12,12,0,,,,,,,,,,,,,,13,Urinating in a public bathroom,1.0,1.0,,,,,,,,,,,,,,,,,0,12,12,12,891.9360346000176,,,,,,,,,,,,,,,,,,,,,,,,,,,,,,,,,,,,,,,,,,,,,,,,,,,,,,,,,891.9187061000266,891.9360346000176,891.9360346000176,908.9613542000297,1.0,1.0,03,001,male,21,2024-11-18_22h16.54.233,solo project,2024.2.1post4,60.07936484378405,2024-11-18 22h18.31.876505 +0530,
,,13,13,0,,,,,,,,,,,,,,14,Entering a room when others are already seated,1.0,1.0,,,,,,,,,,,,,,,,,0,13,13,13,908.9837318999926,,,,,,,,,,,,,,,,,,,,,,,,,,,,,,,,,,,,,,,,,,,,,,,,,,,,,,,,,908.9652962000109,908.9837318999926,908.9837318999926,919.8544730000431,1.0,1.0,03,001,male,21,2024-11-18_22h16.54.233,solo project,2024.2.1post4,60.07936484378405,2024-11-18 22h18.31.876505 +0530,
,,14,14,0,,,,,,,,,,,,,,15,Being the center of attention,1.0,1.0,,,,,,,,,,,,,,,,,0,14,14,14,919.8792562000453,,,,,,,,,,,,,,,,,,,,,,,,,,,,,,,,,,,,,,,,,,,,,,,,,,,,,,,,,919.8605154000106,919.8792562000453,919.8792562000453,931.3858683000435,1.0,1.0,03,001,male,21,2024-11-18_22h16.54.233,solo project,2024.2.1post4,60.07936484378405,2024-11-18 22h18.31.876505 +0530,
,,15,15,0,,,,,,,,,,,,,,16,Speaking up at a meeting,1.0,1.0,,,,,,,,,,,,,,,,,0,15,15,15,931.4090760000399,,,,,,,,,,,,,,,,,,,,,,,,,,,,,,,,,,,,,,,,,,,,,,,,,,,,,,,,,931.3899443999981,931.4090760000399,931.4090760000399,940.7260691000265,1.0,1.0,03,001,male,21,2024-11-18_22h16.54.233,solo project,2024.2.1post4,60.07936484378405,2024-11-18 22h18.31.876505 +0530,
,,16,16,0,,,,,,,,,,,,,,17,Taking a test,2.0,2.0,,,,,,,,,,,,,,,,,0,16,16,16,940.7456931000343,,,,,,,,,,,,,,,,,,,,,,,,,,,,,,,,,,,,,,,,,,,,,,,,,,,,,,,,,940.7291466000024,940.7456931000343,940.7456931000343,948.3029604000039,2.0,2.0,03,001,male,21,2024-11-18_22h16.54.233,solo project,2024.2.1post4,60.07936484378405,2024-11-18 22h18.31.876505 +0530,
,,17,17,0,,,,,,,,,,,,,,18,Expressing a disagreement or disapproval to people you don’t know very well,1.0,1.0,,,,,,,,,,,,,,,,,0,17,17,17,948.3263493000413,,,,,,,,,,,,,,,,,,,,,,,,,,,,,,,,,,,,,,,,,,,,,,,,,,,,,,,,,948.3095491999993,948.3263493000413,948.3263493000413,957.1926991000073,1.0,1.0,03,001,male,21,2024-11-18_22h16.54.233,solo project,2024.2.1post4,60.07936484378405,2024-11-18 22h18.31.876505 +0530,
,,18,18,0,,,,,,,,,,,,,,19,Looking at people you don't know very well in the eyes,1.0,1.0,,,,,,,,,,,,,,,,,0,18,18,18,957.2155278000282,,,,,,,,,,,,,,,,,,,,,,,,,,,,,,,,,,,,,,,,,,,,,,,,,,,,,,,,,957.198307899991,957.2155278000282,957.2155278000282,962.8691347000422,1.0,1.0,03,001,male,21,2024-11-18_22h16.54.233,solo project,2024.2.1post4,60.07936484378405,2024-11-18 22h18.31.876505 +0530,
,,19,19,0,,,,,,,,,,,,,,20,Giving a report to a group,1.0,1.0,,,,,,,,,,,,,,,,,0,19,19,19,962.89077550004,,,,,,,,,,,,,,,,,,,,,,,,,,,,,,,,,,,,,,,,,,,,,,,,,,,,,,,,,962.872419500025,962.89077550004,962.89077550004,974.2835091000306,1.0,1.0,03,001,male,21,2024-11-18_22h16.54.233,solo project,2024.2.1post4,60.07936484378405,2024-11-18 22h18.31.876505 +0530,
,,20,20,0,,,,,,,,,,,,,,21,Trying to pick up someone,1.0,1.0,,,,,,,,,,,,,,,,,0,20,20,20,974.3038252000115,,,,,,,,,,,,,,,,,,,,,,,,,,,,,,,,,,,,,,,,,,,,,,,,,,,,,,,,,974.2867536999984,974.3038252000115,974.3038252000115,984.7849822000135,1.0,1.0,03,001,male,21,2024-11-18_22h16.54.233,solo project,2024.2.1post4,60.07936484378405,2024-11-18 22h18.31.876505 +0530,
,,21,21,0,,,,,,,,,,,,,,22,Returning goods to a store,1.0,1.0,,,,,,,,,,,,,,,,,0,21,21,21,984.8064490000252,,,,,,,,,,,,,,,,,,,,,,,,,,,,,,,,,,,,,,,,,,,,,,,,,,,,,,,,,984.7895772000193,984.8064490000252,984.8064490000252,989.7570779999951,1.0,1.0,03,001,male,21,2024-11-18_22h16.54.233,solo project,2024.2.1post4,60.07936484378405,2024-11-18 22h18.31.876505 +0530,
,,22,22,0,,,,,,,,,,,,,,23,Giving a party,1.0,3.0,,,,,,,,,,,,,,,,,0,22,22,22,989.7800765000284,,,,,,,,,,,,,,,,,,,,,,,,,,,,,,,,,,,,,,,,,,,,,,,,,,,,,,,,,989.7602859000326,989.7800765000284,989.7800765000284,1000.2659737000358,1.0,3.0,03,001,male,21,2024-11-18_22h16.54.233,solo project,2024.2.1post4,60.07936484378405,2024-11-18 22h18.31.876505 +0530,
,,23,23,0,,,,,,,,,,,,,,24,Resisting a high pressure salesperson,1.0,2.0,,,,,,,,,,,,,,,,,0,23,23,23,1000.2872889999999,,,,,,,,,,,,,,,,,,,,,,,,,,,,,,,,,,,,,,,,,,,,,,,,,,,,,,,,,1000.2698239000165,1000.2872889999999,1000.2872889999999,1010.3741688000155,1.0,2.0,03,001,male,21,2024-11-18_22h16.54.233,solo project,2024.2.1post4,60.07936484378405,2024-11-18 22h18.31.876505 +0530,
