﻿no_per,dsr_per,thisN,thisTrialN,thisRepN,slider.response,slider.rt,no_exp,dsr_exp,slider_2.response,imagefile,type,subtype,study_word,test_word,old_new,slider_3.response,slider_3.rt,lsas_no,lsas_situation,slider_4.response,slider_5.response,trials.thisRepN,trials.thisTrialN,trials.thisN,trials.thisIndex,trials_2.thisRepN,trials_2.thisTrialN,trials_2.thisN,trials_2.thisIndex,trials_3.thisRepN,trials_3.thisTrialN,trials_3.thisN,trials_3.thisIndex,trials_4.thisRepN,trials_4.thisTrialN,trials_4.thisN,trials_4.thisIndex,trials_5.thisRepN,trials_5.thisTrialN,trials_5.thisN,trials_5.thisIndex,thisRow.t,notes,consent.started,consent.stopped,button.numClicks,button.timesOn,button.timesOff,dsr_personal.started,text.started,question.started,slider.started,dsr_personal.stopped,trials.slider.response,trials.slider.rt,dsr_experience.started,dsr_experience.stopped,trials_2.slider_2.response,instr.started,instr.stopped,key_resp.keys,key_resp.rt,key_resp.duration,encoding.started,fixation.started,study_image.started,studyword.started,fixation.stopped,study_image.stopped,studyword.stopped,encoding.stopped,test_instruction.started,key_resp_2.started,test_instruction.stopped,key_resp_2.keys,key_resp_2.rt,key_resp_2.duration,testing.started,t_word.started,slider_3.started,testing.stopped,trials_4.slider_3.response,trials_4.slider_3.rt,end.started,end.stopped,button_2.numClicks,button_2.timesOn,button_2.timesOff,brk.started,brk.stopped,key_resp_3.keys,key_resp_3.rt,key_resp_3.duration,lsas_instr.started,lsas_instr.stopped,key_resp_4.keys,key_resp_4.rt,key_resp_4.duration,lsas.started,text_2.started,text_3.started,lsas.stopped,trials_5.slider_4.response,trials_5.slider_5.response,participant,session,sex,age,date,expName,psychopyVersion,frameRate,expStart,
,,,,,,,,,,,,,,,,,,,,,,,,,,,,,,,,,,,,,,,,,,,,0.009786899958271533,3.7638695999630727,1,[3.744721799972467],[3.7447302999789827],,,,,,,,,,,,,,,,,,,,,,,,,,,,,,,,,,,,,,,,,,,,,,,,,,,,,,,,,04,001,male,18,2024-11-18_22h35.56.826,solo project,2024.2.1post4,60.03399123908839,2024-11-18 22h36.18.910496 +0530,
1,"I might be willing to try eating monkey meat, under some circumstances.",0,0,0,0.0,13.209709300019313,,,,,,,,,,,,,,,,0,0,0,0,,,,,,,,,,,,,,,,,3.8151050999877043,,,,,,,3.7901359999668784,3.8151050999877043,3.8151050999877043,3.8151050999877043,17.017967799969483,0.0,13.209709300019313,,,,,,,,,,,,,,,,,,,,,,,,,,,,,,,,,,,,,,,,,,,,,,,,,,04,001,male,18,2024-11-18_22h35.56.826,solo project,2024.2.1post4,60.03399123908839,2024-11-18 22h36.18.910496 +0530,
2,It would bother me to be in a science class and to see a human preserved in a jar.,1,1,0,3.0,11.016061700007413,,,,,,,,,,,,,,,,0,1,1,1,,,,,,,,,,,,,,,,,17.044625799986534,,,,,,,17.02727199997753,17.044625799986534,17.044625799986534,17.044625799986534,28.058979899971746,3.0,11.016061700007413,,,,,,,,,,,,,,,,,,,,,,,,,,,,,,,,,,,,,,,,,,,,,,,,,,04,001,male,18,2024-11-18_22h35.56.826,solo project,2024.2.1post4,60.03399123908839,2024-11-18 22h36.18.910496 +0530,
3,It bothers me to hear someone clear a throat full of mucous.,2,2,0,3.0,9.906328100012615,,,,,,,,,,,,,,,,0,2,2,2,,,,,,,,,,,,,,,,,28.08088709996082,,,,,,,28.06539000000339,28.08088709996082,28.08088709996082,28.08088709996082,37.98693269997602,3.0,9.906328100012615,,,,,,,,,,,,,,,,,,,,,,,,,,,,,,,,,,,,,,,,,,,,,,,,,,04,001,male,18,2024-11-18_22h35.56.826,solo project,2024.2.1post4,60.03399123908839,2024-11-18 22h36.18.910496 +0530,
4,I never let any part of my body touch the toilet seat in public restrooms.,3,3,0,3.0,16.90686780004762,,,,,,,,,,,,,,,,0,3,3,3,,,,,,,,,,,,,,,,,38.005774899967946,,,,,,,37.99192739999853,38.005774899967946,38.005774899967946,38.005774899967946,54.91660769999726,3.0,16.90686780004762,,,,,,,,,,,,,,,,,,,,,,,,,,,,,,,,,,,,,,,,,,,,,,,,,,04,001,male,18,2024-11-18_22h35.56.826,solo project,2024.2.1post4,60.03399123908839,2024-11-18 22h36.18.910496 +0530,
5,I would go out of my way to avoid walking through a graveyard.,4,4,0,4.0,16.1021008999669,,,,,,,,,,,,,,,,0,4,4,4,,,,,,,,,,,,,,,,,54.94011099997442,,,,,,,54.922708400001284,54.94011099997442,54.94011099997442,54.94011099997442,71.04144979995908,4.0,16.1021008999669,,,,,,,,,,,,,,,,,,,,,,,,,,,,,,,,,,,,,,,,,,,,,,,,,,04,001,male,18,2024-11-18_22h35.56.826,solo project,2024.2.1post4,60.03399123908839,2024-11-18 22h36.18.910496 +0530,
6,Seeing a cockroach in someone else's house doesn't bother me.,5,5,0,3.0,4.899976400018204,,,,,,,,,,,,,,,,0,5,5,5,,,,,,,,,,,,,,,,,71.06717659998685,,,,,,,71.05080470000394,71.06717659998685,71.06717659998685,71.06717659998685,75.96715240000049,3.0,4.899976400018204,,,,,,,,,,,,,,,,,,,,,,,,,,,,,,,,,,,,,,,,,,,,,,,,,,04,001,male,18,2024-11-18_22h35.56.826,solo project,2024.2.1post4,60.03399123908839,2024-11-18 22h36.18.910496 +0530,
7,It would bother me tremendously to touch a dead body.,6,6,0,4.0,9.164226899971254,,,,,,,,,,,,,,,,0,6,6,6,,,,,,,,,,,,,,,,,75.98886679997668,,,,,,,75.9723881999962,75.98886679997668,75.98886679997668,75.98886679997668,85.1530919999932,4.0,9.164226899971254,,,,,,,,,,,,,,,,,,,,,,,,,,,,,,,,,,,,,,,,,,,,,,,,,,04,001,male,18,2024-11-18_22h35.56.826,solo project,2024.2.1post4,60.03399123908839,2024-11-18 22h36.18.910496 +0530,
8,"If I see someone vomit, it makes me sick to my stomach.",7,7,0,3.0,3.7782588000409305,,,,,,,,,,,,,,,,0,7,7,7,,,,,,,,,,,,,,,,,85.17471900000237,,,,,,,85.15841390000423,85.17471900000237,85.17471900000237,85.17471900000237,88.95247949997429,3.0,3.7782588000409305,,,,,,,,,,,,,,,,,,,,,,,,,,,,,,,,,,,,,,,,,,,,,,,,,,04,001,male,18,2024-11-18_22h35.56.826,solo project,2024.2.1post4,60.03399123908839,2024-11-18 22h36.18.910496 +0530,
9,I probably would not go to my favorite restaurant if I found out that the cook had a cold.,8,8,0,2.0,8.716591899981722,,,,,,,,,,,,,,,,0,8,8,8,,,,,,,,,,,,,,,,,88.97252309997566,,,,,,,88.9583597999881,88.97252309997566,88.97252309997566,88.97252309997566,97.691342599981,2.0,8.716591899981722,,,,,,,,,,,,,,,,,,,,,,,,,,,,,,,,,,,,,,,,,,,,,,,,,,04,001,male,18,2024-11-18_22h35.56.826,solo project,2024.2.1post4,60.03399123908839,2024-11-18 22h36.18.910496 +0530,
10,It would not upset me at all to watch a person with a glass eye take the eye out of the socket.,9,9,0,1.0,13.603573700005654,,,,,,,,,,,,,,,,0,9,9,9,,,,,,,,,,,,,,,,,97.71347049996257,,,,,,,97.69775489997119,97.71347049996257,97.71347049996257,97.71347049996257,111.318833599973,1.0,13.603573700005654,,,,,,,,,,,,,,,,,,,,,,,,,,,,,,,,,,,,,,,,,,,,,,,,,,04,001,male,18,2024-11-18_22h35.56.826,solo project,2024.2.1post4,60.03399123908839,2024-11-18 22h36.18.910496 +0530,
11,It would bother me to see a rat run across my path in a park.,10,10,0,0.0,9.539097299973946,,,,,,,,,,,,,,,,0,10,10,10,,,,,,,,,,,,,,,,,111.34236169996439,,,,,,,111.32494099996984,111.34236169996439,111.34236169996439,111.34236169996439,120.8792619999731,0.0,9.539097299973946,,,,,,,,,,,,,,,,,,,,,,,,,,,,,,,,,,,,,,,,,,,,,,,,,,04,001,male,18,2024-11-18_22h35.56.826,solo project,2024.2.1post4,60.03399123908839,2024-11-18 22h36.18.910496 +0530,
12,I would rather eat a piece of fruit than a piece of paper.,11,11,0,4.0,10.868221200013068,,,,,,,,,,,,,,,,0,11,11,11,,,,,,,,,,,,,,,,,120.89835969998967,,,,,,,120.8837583999848,120.89835969998967,120.89835969998967,120.89835969998967,131.76934329996584,4.0,10.868221200013068,,,,,,,,,,,,,,,,,,,,,,,,,,,,,,,,,,,,,,,,,,,,,,,,,,04,001,male,18,2024-11-18_22h35.56.826,solo project,2024.2.1post4,60.03399123908839,2024-11-18 22h36.18.910496 +0530,
13,"Even if I was hungry, I would not drink a bowl of my favorite soup if It had been stirred by a used but thoroughly washed flyswatter.",12,12,0,3.0,15.018849499989301,,,,,,,,,,,,,,,,0,12,12,12,,,,,,,,,,,,,,,,,131.79775949998293,,,,,,,131.78011839999817,131.79775949998293,131.79775949998293,131.79775949998293,146.81484929996077,3.0,15.018849499989301,,,,,,,,,,,,,,,,,,,,,,,,,,,,,,,,,,,,,,,,,,,,,,,,,,04,001,male,18,2024-11-18_22h35.56.826,solo project,2024.2.1post4,60.03399123908839,2024-11-18 22h36.18.910496 +0530,
14,It would bother me to sleep in a nice hotel room if I knew that a man had died of a heart attack in that room the night before.,13,13,0,3.0,6.018481099978089,,,,,,,,,,,,,,,,0,13,13,13,,,,,,,,,,,,,,,,,146.83800180000253,,,,,,,146.8224316999549,146.83800180000253,146.83800180000253,146.83800180000253,152.85592439997708,3.0,6.018481099978089,,,,,,,,,,,,,,,,,,,,,,,,,,,,,,,,,,,,,,,,,,,,,,,,,,04,001,male,18,2024-11-18_22h35.56.826,solo project,2024.2.1post4,60.03399123908839,2024-11-18 22h36.18.910496 +0530,
,,0,0,0,,,15,You see maggots on a piece of meat in an outdoor or garbage pail.,1.0,,,,,,,,,,,,,,,,,0,0,0,0,,,,,,,,,,,,,152.88804879999952,,,,,,,,,,,,,,152.86867269995855,162.3075300999917,1.0,,,,,,,,,,,,,,,,,,,,,,,,,,,,,,,,,,,,,,,,,,,,,,,04,001,male,18,2024-11-18_22h35.56.826,solo project,2024.2.1post4,60.03399123908839,2024-11-18 22h36.18.910496 +0530,
,,1,1,0,,,16,You see person eating apple with a knife and fork.,1.0,,,,,,,,,,,,,,,,,0,1,1,1,,,,,,,,,,,,,162.32592199998908,,,,,,,,,,,,,,162.31181579997065,170.2036341999774,1.0,,,,,,,,,,,,,,,,,,,,,,,,,,,,,,,,,,,,,,,,,,,,,,,04,001,male,18,2024-11-18_22h35.56.826,solo project,2024.2.1post4,60.03399123908839,2024-11-18 22h36.18.910496 +0530,
,,2,2,0,,,17,"While you are walking through a tunner under a railroad track, you smell urine.",1.0,,,,,,,,,,,,,,,,,0,2,2,2,,,,,,,,,,,,,170.22718200000236,,,,,,,,,,,,,,170.21175149996998,180.14802570000757,1.0,,,,,,,,,,,,,,,,,,,,,,,,,,,,,,,,,,,,,,,,,,,,,,,04,001,male,18,2024-11-18_22h35.56.826,solo project,2024.2.1post4,60.03399123908839,2024-11-18 22h36.18.910496 +0530,
,,3,3,0,,,18,"You take a sip of soda, an then realize that you drank from the glass that an acquaintance of yours had been drinking from.",1.0,,,,,,,,,,,,,,,,,0,3,3,3,,,,,,,,,,,,,180.17080629995326,,,,,,,,,,,,,,180.15649480000138,185.44897019997006,1.0,,,,,,,,,,,,,,,,,,,,,,,,,,,,,,,,,,,,,,,,,,,,,,,04,001,male,18,2024-11-18_22h35.56.826,solo project,2024.2.1post4,60.03399123908839,2024-11-18 22h36.18.910496 +0530,
,,4,4,0,,,19,"Your friend's pet cat dies, and you have to pick up the dead body with your bare hands.",4.0,,,,,,,,,,,,,,,,,0,4,4,4,,,,,,,,,,,,,185.46499089995632,,,,,,,,,,,,,,185.4535379000008,189.5753997999709,4.0,,,,,,,,,,,,,,,,,,,,,,,,,,,,,,,,,,,,,,,,,,,,,,,04,001,male,18,2024-11-18_22h35.56.826,solo project,2024.2.1post4,60.03399123908839,2024-11-18 22h36.18.910496 +0530,
,,5,5,0,,,20,You see someone put ketchup on vanilla ice cream and eat it.,3.0,,,,,,,,,,,,,,,,,0,5,5,5,,,,,,,,,,,,,189.59922899998492,,,,,,,,,,,,,,189.58135509997373,193.96754959999816,3.0,,,,,,,,,,,,,,,,,,,,,,,,,,,,,,,,,,,,,,,,,,,,,,,04,001,male,18,2024-11-18_22h35.56.826,solo project,2024.2.1post4,60.03399123908839,2024-11-18 22h36.18.910496 +0530,
,,6,6,0,,,21,You see a man with his intestines exposed after an accident.,4.0,,,,,,,,,,,,,,,,,0,6,6,6,,,,,,,,,,,,,193.9864584999741,,,,,,,,,,,,,,193.97313999995822,198.01148960000137,4.0,,,,,,,,,,,,,,,,,,,,,,,,,,,,,,,,,,,,,,,,,,,,,,,04,001,male,18,2024-11-18_22h35.56.826,solo project,2024.2.1post4,60.03399123908839,2024-11-18 22h36.18.910496 +0530,
,,7,7,0,,,22,You discover that a friend of yours changes underwear only once a week.,3.0,,,,,,,,,,,,,,,,,0,7,7,7,,,,,,,,,,,,,198.02990729996236,,,,,,,,,,,,,,198.01662189996568,203.47519939998165,3.0,,,,,,,,,,,,,,,,,,,,,,,,,,,,,,,,,,,,,,,,,,,,,,,04,001,male,18,2024-11-18_22h35.56.826,solo project,2024.2.1post4,60.03399123908839,2024-11-18 22h36.18.910496 +0530,
,,8,8,0,,,23,A friend offers you a piece of chocolate shaped like dog-doo.,1.0,,,,,,,,,,,,,,,,,0,8,8,8,,,,,,,,,,,,,203.49767589999828,,,,,,,,,,,,,,203.4823819999583,208.4209811000037,1.0,,,,,,,,,,,,,,,,,,,,,,,,,,,,,,,,,,,,,,,,,,,,,,,04,001,male,18,2024-11-18_22h35.56.826,solo project,2024.2.1post4,60.03399123908839,2024-11-18 22h36.18.910496 +0530,
,,9,9,0,,,24,You accidentally touch the ashes of a person who has been cremated.,2.0,,,,,,,,,,,,,,,,,0,9,9,9,,,,,,,,,,,,,208.44392009999137,,,,,,,,,,,,,,208.42705150000984,232.52998599997954,2.0,,,,,,,,,,,,,,,,,,,,,,,,,,,,,,,,,,,,,,,,,,,,,,,04,001,male,18,2024-11-18_22h35.56.826,solo project,2024.2.1post4,60.03399123908839,2024-11-18 22h36.18.910496 +0530,
,,10,10,0,,,25,You are about to drink a glass of milk when you smell that it is spoiled.,3.0,,,,,,,,,,,,,,,,,0,10,10,10,,,,,,,,,,,,,232.54830099997343,,,,,,,,,,,,,,232.53493359999266,238.30076109996298,3.0,,,,,,,,,,,,,,,,,,,,,,,,,,,,,,,,,,,,,,,,,,,,,,,04,001,male,18,2024-11-18_22h35.56.826,solo project,2024.2.1post4,60.03399123908839,2024-11-18 22h36.18.910496 +0530,
,,11,11,0,,,26,"As a part of a sex education class, you are required to inflate a new unlubricated condom using your mouth.",4.0,,,,,,,,,,,,,,,,,0,11,11,11,,,,,,,,,,,,,238.32265039999038,,,,,,,,,,,,,,238.30778499995358,241.61712650000118,4.0,,,,,,,,,,,,,,,,,,,,,,,,,,,,,,,,,,,,,,,,,,,,,,,04,001,male,18,2024-11-18_22h35.56.826,solo project,2024.2.1post4,60.03399123908839,2024-11-18 22h36.18.910496 +0530,
,,12,12,0,,,27,"You are walking barefoot on concrete, and you step on an earthworm.",4.0,,,,,,,,,,,,,,,,,0,12,12,12,,,,,,,,,,,,,241.63622539996868,,,,,,,,,,,,,,241.62224269995932,246.16728419996798,4.0,,,,,,,,,,,,,,,,,,,,,,,,,,,,,,,,,,,,,,,,,,,,,,,04,001,male,18,2024-11-18_22h35.56.826,solo project,2024.2.1post4,60.03399123908839,2024-11-18 22h36.18.910496 +0530,
,,,,,,,,,,,,,,,,,,,,,,,,,,,,,,,,,,,,,,,,,,,,,,,,,,,,,,,,,,,246.16737689997535,263.505077299953,space,17.326866500021424,None,,,,,,,,,,,,,,,,,,,,,,,,,,,,,,,,,,,,,,,,,,04,001,male,18,2024-11-18_22h35.56.826,solo project,2024.2.1post4,60.03399123908839,2024-11-18 22h36.18.910496 +0530,
,,0,0,0,,,,,,images/1223_death_lum.jpg,disgust,death,mischief,,,,,,,,,,,,,,,,,0,0,0,12,,,,,,,,,263.5466876999708,,,,,,,,,,,,,,,,,,,,,,263.54082150000613,263.5466876999708,264.50467509997543,264.50467509997543,264.5545436999528,266.51257009996334,266.51257009996334,266.48884849995375,,,,,,,,,,,,,,,,,,,,,,,,,,,,,,,,,,04,001,male,18,2024-11-18_22h35.56.826,solo project,2024.2.1post4,60.03399123908839,2024-11-18 22h36.18.910496 +0530,
,,1,1,0,,,,,,images/1299_hygiene neutral_lum.jpg,neutral,hygeine,rancid,,,,,,,,,,,,,,,,,0,1,1,29,,,,,,,,,266.51257009996334,,,,,,,,,,,,,,,,,,,,,,266.50584860000527,266.51257009996334,267.52127049997216,267.52127049997216,267.52127049997216,269.52865409996593,269.52865409996593,269.5053261999856,,,,,,,,,,,,,,,,,,,,,,,,,,,,,,,,,,04,001,male,18,2024-11-18_22h35.56.826,solo project,2024.2.1post4,60.03399123908839,2024-11-18 22h36.18.910496 +0530,
,,2,2,0,,,,,,images/1153_injuries_infections_lum.jpg,disgust,injury/infection,elevator,,,,,,,,,,,,,,,,,0,2,2,9,,,,,,,,,269.52865409996593,,,,,,,,,,,,,,,,,,,,,,269.52346579998266,269.52865409996593,270.5042826999561,270.5042826999561,270.53750639996724,272.5129883000045,272.5129883000045,272.488438099972,,,,,,,,,,,,,,,,,,,,,,,,,,,,,,,,,,04,001,male,18,2024-11-18_22h35.56.826,solo project,2024.2.1post4,60.03399123908839,2024-11-18 22h36.18.910496 +0530,
,,3,3,0,,,,,,images/1049_food_neutral_lum.jpg,neutral,food,privacy,,,,,,,,,,,,,,,,,0,3,3,17,,,,,,,,,272.5129883000045,,,,,,,,,,,,,,,,,,,,,,272.5062499999767,272.5129883000045,273.52095509995706,273.52095509995706,273.52095509995706,275.52730819996214,275.52730819996214,275.5051974999951,,,,,,,,,,,,,,,,,,,,,,,,,,,,,,,,,,04,001,male,18,2024-11-18_22h35.56.826,solo project,2024.2.1post4,60.03399123908839,2024-11-18 22h36.18.910496 +0530,
,,4,4,0,,,,,,images/1013_food_lum.jpg,disgust,food,stiff,,,,,,,,,,,,,,,,,0,4,4,1,,,,,,,,,275.52730819996214,,,,,,,,,,,,,,,,,,,,,,275.52139680000255,275.52730819996214,276.5205503999605,276.5205503999605,276.53712239995366,278.52799509995384,278.52799509995384,278.5048176999553,,,,,,,,,,,,,,,,,,,,,,,,,,,,,,,,,,04,001,male,18,2024-11-18_22h35.56.826,solo project,2024.2.1post4,60.03399123908839,2024-11-18 22h36.18.910496 +0530,
,,5,5,0,,,,,,images/1032_food_lum.jpg,disgust,food,rattle,,,,,,,,,,,,,,,,,0,5,5,2,,,,,,,,,278.52799509995384,,,,,,,,,,,,,,,,,,,,,,278.52215149998665,278.52799509995384,279.52091709995875,279.52091709995875,279.52091709995875,281.52750249998644,281.52750249998644,281.504640500003,,,,,,,,,,,,,,,,,,,,,,,,,,,,,,,,,,04,001,male,18,2024-11-18_22h35.56.826,solo project,2024.2.1post4,60.03399123908839,2024-11-18 22h36.18.910496 +0530,
,,6,6,0,,,,,,images/1247_death neutral_lum.jpg,neutral,death,wine,,,,,,,,,,,,,,,,,0,6,6,26,,,,,,,,,281.52750249998644,,,,,,,,,,,,,,,,,,,,,,281.52155929995934,281.52750249998644,282.50431899999967,282.50431899999967,282.53747250000015,284.51197449996835,284.51197449996835,284.48834659997374,,,,,,,,,,,,,,,,,,,,,,,,,,,,,,,,,,04,001,male,18,2024-11-18_22h35.56.826,solo project,2024.2.1post4,60.03399123908839,2024-11-18 22h36.18.910496 +0530,
,,7,7,0,,,,,,images/1093_animals_neutral_lum.jpg,neutral,animal,lighthouse,,,,,,,,,,,,,,,,,0,7,7,18,,,,,,,,,284.51197449996835,,,,,,,,,,,,,,,,,,,,,,284.50530560000334,284.51197449996835,285.5049744999851,285.5049744999851,285.5206321000005,287.51071349997073,287.51071349997073,287.488500699983,,,,,,,,,,,,,,,,,,,,,,,,,,,,,,,,,,04,001,male,18,2024-11-18_22h35.56.826,solo project,2024.2.1post4,60.03399123908839,2024-11-18 22h36.18.910496 +0530,
,,8,8,0,,,,,,images/1044_food_neutral_lum.jpg,neutral,food,custom,,,,,,,,,,,,,,,,,0,8,8,16,,,,,,,,,287.51071349997073,,,,,,,,,,,,,,,,,,,,,,287.5043304999708,287.51071349997073,288.50458710000385,288.50458710000385,288.5207577999681,290.5092450999655,290.5092450999655,290.4881613999605,,,,,,,,,,,,,,,,,,,,,,,,,,,,,,,,,,04,001,male,18,2024-11-18_22h35.56.826,solo project,2024.2.1post4,60.03399123908839,2024-11-18 22h36.18.910496 +0530,
,,9,9,0,,,,,,images/1146_body products neutral_lum.jpg,neutral,body product,reptile,,,,,,,,,,,,,,,,,0,9,9,22,,,,,,,,,290.5092450999655,,,,,,,,,,,,,,,,,,,,,,290.50293869996676,290.5206890999689,291.520804699976,291.520804699976,291.520804699976,293.5259268999798,293.5259268999798,293.5049496999709,,,,,,,,,,,,,,,,,,,,,,,,,,,,,,,,,,04,001,male,18,2024-11-18_22h35.56.826,solo project,2024.2.1post4,60.03399123908839,2024-11-18 22h36.18.910496 +0530,
,,10,10,0,,,,,,images/1100_animals_neutral_lum.jpg,neutral,animal,nursery,,,,,,,,,,,,,,,,,0,10,10,20,,,,,,,,,293.5259268999798,,,,,,,,,,,,,,,,,,,,,,293.52006539999275,293.5259268999798,294.5210470999591,294.5210470999591,294.5374386999756,296.52804040000774,296.52804040000774,296.5047848999966,,,,,,,,,,,,,,,,,,,,,,,,,,,,,,,,,,04,001,male,18,2024-11-18_22h35.56.826,solo project,2024.2.1post4,60.03399123908839,2024-11-18 22h36.18.910496 +0530,
,,11,11,0,,,,,,images/1149_body products neutral_lum.jpg,neutral,body product,skeptical,,,,,,,,,,,,,,,,,0,11,11,23,,,,,,,,,296.52804040000774,,,,,,,,,,,,,,,,,,,,,,296.52226479997626,296.52804040000774,297.520554799994,297.520554799994,297.5374663999537,299.5276506000082,299.5276506000082,299.50433589995373,,,,,,,,,,,,,,,,,,,,,,,,,,,,,,,,,,04,001,male,18,2024-11-18_22h35.56.826,solo project,2024.2.1post4,60.03399123908839,2024-11-18 22h36.18.910496 +0530,
,,12,12,0,,,,,,images/1291_hygiene neutral_lum.jpg,neutral,hygeine,hard,,,,,,,,,,,,,,,,,0,12,12,28,,,,,,,,,299.5276506000082,,,,,,,,,,,,,,,,,,,,,,299.522193999961,299.5276506000082,300.5206144999829,300.5206144999829,300.53768619999755,302.5298124999972,302.5298124999972,302.50477880000835,,,,,,,,,,,,,,,,,,,,,,,,,,,,,,,,,,04,001,male,18,2024-11-18_22h35.56.826,solo project,2024.2.1post4,60.03399123908839,2024-11-18 22h36.18.910496 +0530,
,,13,13,0,,,,,,images/1104_body products_lum.jpg,disgust,body product,material,,,,,,,,,,,,,,,,,0,13,13,6,,,,,,,,,302.5298124999972,,,,,,,,,,,,,,,,,,,,,,302.5243818999734,302.5298124999972,303.52068680000957,303.52068680000957,303.53688909998164,305.52811899996595,305.52811899996595,305.504575799976,,,,,,,,,,,,,,,,,,,,,,,,,,,,,,,,,,04,001,male,18,2024-11-18_22h35.56.826,solo project,2024.2.1post4,60.03399123908839,2024-11-18 22h36.18.910496 +0530,
,,14,14,0,,,,,,images/1001_food_lum.jpg,disgust,food,radiator,,,,,,,,,,,,,,,,,0,14,14,0,,,,,,,,,305.52811899996595,,,,,,,,,,,,,,,,,,,,,,305.52225109998835,305.52811899996595,306.5204198999563,306.5204198999563,306.53715839999495,308.52845719998004,308.52845719998004,308.50502949999645,,,,,,,,,,,,,,,,,,,,,,,,,,,,,,,,,,04,001,male,18,2024-11-18_22h35.56.826,solo project,2024.2.1post4,60.03399123908839,2024-11-18 22h36.18.910496 +0530,
,,15,15,0,,,,,,images/1250_death neutral_lum.jpg,neutral,death,neurotic,,,,,,,,,,,,,,,,,0,15,15,27,,,,,,,,,308.52845719998004,,,,,,,,,,,,,,,,,,,,,,308.5230609999853,308.52845719998004,309.52079389995197,309.52079389995197,309.53782559995307,311.52746700000716,311.52746700000716,311.5046538999886,,,,,,,,,,,,,,,,,,,,,,,,,,,,,,,,,,04,001,male,18,2024-11-18_22h35.56.826,solo project,2024.2.1post4,60.03399123908839,2024-11-18 22h36.18.910496 +0530,
,,16,16,0,,,,,,images/1041_food_neutral_lum.jpg,neutral,food,trumpet,,,,,,,,,,,,,,,,,0,16,16,15,,,,,,,,,311.52746700000716,,,,,,,,,,,,,,,,,,,,,,311.5210356999887,311.52746700000716,312.5208239000058,312.5208239000058,312.53748149995226,314.5276704999851,314.5276704999851,314.50469139998313,,,,,,,,,,,,,,,,,,,,,,,,,,,,,,,,,,04,001,male,18,2024-11-18_22h35.56.826,solo project,2024.2.1post4,60.03399123908839,2024-11-18 22h36.18.910496 +0530,
,,17,17,0,,,,,,images/1099_animals_neutral_lum.jpg,neutral,animal,coast,,,,,,,,,,,,,,,,,0,17,17,19,,,,,,,,,314.5276704999851,,,,,,,,,,,,,,,,,,,,,,314.5219948999584,314.5276704999851,315.5205019999994,315.5205019999994,315.53731799998786,317.5268480000086,317.5268480000086,317.50451229995815,,,,,,,,,,,,,,,,,,,,,,,,,,,,,,,,,,04,001,male,18,2024-11-18_22h35.56.826,solo project,2024.2.1post4,60.03399123908839,2024-11-18 22h36.18.910496 +0530,
,,18,18,0,,,,,,images/1073_animals_lum.jpg,disgust,animal,journal,,,,,,,,,,,,,,,,,0,18,18,5,,,,,,,,,317.5268480000086,,,,,,,,,,,,,,,,,,,,,,317.5230004999903,317.5268480000086,318.52025989996037,318.52025989996037,318.53724479995435,320.5269274999737,320.5269274999737,320.50466079998296,,,,,,,,,,,,,,,,,,,,,,,,,,,,,,,,,,04,001,male,18,2024-11-18_22h35.56.826,solo project,2024.2.1post4,60.03399123908839,2024-11-18 22h36.18.910496 +0530,
,,19,19,0,,,,,,images/1062_animals_lum.jpg,disgust,animal,ennui,,,,,,,,,,,,,,,,,0,19,19,4,,,,,,,,,320.5269274999737,,,,,,,,,,,,,,,,,,,,,,320.52168730000267,320.5269274999737,321.5202486999915,321.5202486999915,321.5368893999839,323.5286810999969,323.5286810999969,323.50454029999673,,,,,,,,,,,,,,,,,,,,,,,,,,,,,,,,,,04,001,male,18,2024-11-18_22h35.56.826,solo project,2024.2.1post4,60.03399123908839,2024-11-18 22h36.18.910496 +0530,
,,20,20,0,,,,,,images/1165_injuries_infections_lum.jpg,disgust,injury/infection,glacier,,,,,,,,,,,,,,,,,0,20,20,10,,,,,,,,,323.5286810999969,,,,,,,,,,,,,,,,,,,,,,323.52284639998106,323.5286810999969,324.5204330999986,324.5204330999986,324.5369039999787,326.52737749996595,326.52737749996595,326.5041877999902,,,,,,,,,,,,,,,,,,,,,,,,,,,,,,,,,,04,001,male,18,2024-11-18_22h35.56.826,solo project,2024.2.1post4,60.03399123908839,2024-11-18 22h36.18.910496 +0530,
,,21,21,0,,,,,,images/1054_animals_lum.jpg,disgust,animal,serious,,,,,,,,,,,,,,,,,0,21,21,3,,,,,,,,,326.52737749996595,,,,,,,,,,,,,,,,,,,,,,326.52138619998004,326.52737749996595,327.5202675999608,327.5202675999608,327.5373127000057,329.5269287999836,329.5269287999836,329.504734099959,,,,,,,,,,,,,,,,,,,,,,,,,,,,,,,,,,04,001,male,18,2024-11-18_22h35.56.826,solo project,2024.2.1post4,60.03399123908839,2024-11-18 22h36.18.910496 +0530,
,,22,22,0,,,,,,images/1271_hygiene_lum.jpg,disgust,hygeine,limber,,,,,,,,,,,,,,,,,0,22,22,14,,,,,,,,,329.5269287999836,,,,,,,,,,,,,,,,,,,,,,329.5231949999579,329.5269287999836,330.5236946999794,330.5236946999794,330.53652939997846,,,332.52091560000554,,,,,,,,,,,,,,,,,,,,,,,,,,,,,,,,,,04,001,male,18,2024-11-18_22h35.56.826,solo project,2024.2.1post4,60.03399123908839,2024-11-18 22h36.18.910496 +0530,
,,23,23,0,,,,,,images/1118_body products_lum.jpg,disgust,body product,reverent,,,,,,,,,,,,,,,,,0,23,23,8,,,,,,,,,332.54343089996837,,,,,,,,,,,,,,,,,,,,,,332.53718069999013,332.54343089996837,333.52099269995233,333.52099269995233,333.55320460000075,335.52617669996107,335.52617669996107,335.50397259998135,,,,,,,,,,,,,,,,,,,,,,,,,,,,,,,,,,04,001,male,18,2024-11-18_22h35.56.826,solo project,2024.2.1post4,60.03399123908839,2024-11-18 22h36.18.910496 +0530,
,,24,24,0,,,,,,images/1107_body products_lum.jpg,disgust,body product,passage,,,,,,,,,,,,,,,,,0,24,24,7,,,,,,,,,335.52617669996107,,,,,,,,,,,,,,,,,,,,,,335.5203510999563,335.52617669996107,336.5202794999932,336.5202794999932,336.5368184999679,338.52590899995994,338.52590899995994,338.50442559999647,,,,,,,,,,,,,,,,,,,,,,,,,,,,,,,,,,04,001,male,18,2024-11-18_22h35.56.826,solo project,2024.2.1post4,60.03399123908839,2024-11-18 22h36.18.910496 +0530,
,,25,25,0,,,,,,images/1143_body products neutral_lum.jpg,neutral,body product,invest,,,,,,,,,,,,,,,,,0,25,25,21,,,,,,,,,338.52590899995994,,,,,,,,,,,,,,,,,,,,,,338.5201429000008,338.52590899995994,339.5200518000056,339.5200518000056,339.53659639996476,341.5281415999634,341.5281415999634,341.50432659999933,,,,,,,,,,,,,,,,,,,,,,,,,,,,,,,,,,04,001,male,18,2024-11-18_22h35.56.826,solo project,2024.2.1post4,60.03399123908839,2024-11-18 22h36.18.910496 +0530,
,,26,26,0,,,,,,images/1253_hygiene_lum.jpg,disgust,hygeine,manner,,,,,,,,,,,,,,,,,0,26,26,13,,,,,,,,,341.5281415999634,,,,,,,,,,,,,,,,,,,,,,341.52183709997917,341.5281415999634,342.51990680000745,342.51990680000745,342.53686529997503,344.52634779998334,344.52634779998334,344.5044984999695,,,,,,,,,,,,,,,,,,,,,,,,,,,,,,,,,,04,001,male,18,2024-11-18_22h35.56.826,solo project,2024.2.1post4,60.03399123908839,2024-11-18 22h36.18.910496 +0530,
,,27,27,0,,,,,,images/1192_injuries_infections neutral_lum.jpg,neutral,injury/infection,stove,,,,,,,,,,,,,,,,,0,27,27,24,,,,,,,,,344.52634779998334,,,,,,,,,,,,,,,,,,,,,,344.5210603000014,344.52634779998334,345.5205788000021,345.5205788000021,345.53679129999364,347.52675729995826,347.52675729995826,347.5043256999925,,,,,,,,,,,,,,,,,,,,,,,,,,,,,,,,,,04,001,male,18,2024-11-18_22h35.56.826,solo project,2024.2.1post4,60.03399123908839,2024-11-18 22h36.18.910496 +0530,
,,28,28,0,,,,,,images/1200_injuries_infections neutral_lum.jpg,neutral,injury/infection,village,,,,,,,,,,,,,,,,,0,28,28,25,,,,,,,,,347.52675729995826,,,,,,,,,,,,,,,,,,,,,,347.5212896000012,347.52675729995826,348.52007239998784,348.52007239998784,348.53699769999366,350.52952729997924,350.52952729997924,350.50435760000255,,,,,,,,,,,,,,,,,,,,,,,,,,,,,,,,,,04,001,male,18,2024-11-18_22h35.56.826,solo project,2024.2.1post4,60.03399123908839,2024-11-18 22h36.18.910496 +0530,
,,29,29,0,,,,,,images/1202_death_lum.jpg,disgust,death,lantern,,,,,,,,,,,,,,,,,0,29,29,11,,,,,,,,,350.52952729997924,,,,,,,,,,,,,,,,,,,,,,350.52357089996804,350.52952729997924,351.52044339996064,351.52044339996064,351.53647170000477,353.5200127999997,353.5200127999997,353.5043147999677,,,,,,,,,,,,,,,,,,,,,,,,,,,,,,,,,,04,001,male,18,2024-11-18_22h35.56.826,solo project,2024.2.1post4,60.03399123908839,2024-11-18 22h36.18.910496 +0530,
,,,,,,,,,,,,,,,,,,,,,,,,,,,,,,,,,,,,,,,,,,,,,,,,,,,,,,,,,,,,,,,,,,,,,,,,353.5044327999931,2.014930499950424,369.10372069996083,space,13.578889600001276,None,,,,,,,,,,,,,,,,,,,,,,,,,,,,04,001,male,18,2024-11-18_22h35.56.826,solo project,2024.2.1post4,60.03399123908839,2024-11-18 22h36.18.910496 +0530,
,,0,0,0,,,,,,,,,,contents,new,2.0,17.7619899000274,,,,,,,,,,,,,,,,,0,0,0,32,,,,,369.14089370000875,,,,,,,,,,,,,,,,,,,,,,,,,,,,,,,,,,,,369.1266016999725,369.14089370000875,369.14089370000875,386.90345199999865,2.0,17.7619899000274,,,,,,,,,,,,,,,,,,,,,,04,001,male,18,2024-11-18_22h35.56.826,solo project,2024.2.1post4,60.03399123908839,2024-11-18 22h36.18.910496 +0530,
,,1,1,0,,,,,,,,,,lantern,old,1.0,1.7908927000244148,,,,,,,,,,,,,,,,,0,1,1,8,,,,,386.9243731999886,,,,,,,,,,,,,,,,,,,,,,,,,,,,,,,,,,,,386.91357420000713,386.9243731999886,386.9243731999886,388.7200163999805,1.0,1.7908927000244148,,,,,,,,,,,,,,,,,,,,,,04,001,male,18,2024-11-18_22h35.56.826,solo project,2024.2.1post4,60.03399123908839,2024-11-18 22h36.18.910496 +0530,
,,2,2,0,,,,,,,,,,mischief,old,1.0,1.5417790000210516,,,,,,,,,,,,,,,,,0,2,2,13,,,,,388.7408449999639,,,,,,,,,,,,,,,,,,,,,,,,,,,,,,,,,,,,388.7298584000091,388.7408449999639,388.7408449999639,390.2866752999835,1.0,1.5417790000210516,,,,,,,,,,,,,,,,,,,,,,04,001,male,18,2024-11-18_22h35.56.826,solo project,2024.2.1post4,60.03399123908839,2024-11-18 22h36.18.910496 +0530,
,,3,3,0,,,,,,,,,,trunk,new,1.0,4.34529470000416,,,,,,,,,,,,,,,,,0,3,3,57,,,,,390.30438439996215,,,,,,,,,,,,,,,,,,,,,,,,,,,,,,,,,,,,390.2934934999794,390.30438439996215,390.30438439996215,394.6535450000083,1.0,4.34529470000416,,,,,,,,,,,,,,,,,,,,,,04,001,male,18,2024-11-18_22h35.56.826,solo project,2024.2.1post4,60.03399123908839,2024-11-18 22h36.18.910496 +0530,
,,4,4,0,,,,,,,,,,market,new,2.0,1.8305978000280447,,,,,,,,,,,,,,,,,0,4,4,41,,,,,394.66841959999874,,,,,,,,,,,,,,,,,,,,,,,,,,,,,,,,,,,,394.65705009998055,394.66841959999874,394.66841959999874,396.50334489997476,2.0,1.8305978000280447,,,,,,,,,,,,,,,,,,,,,,04,001,male,18,2024-11-18_22h35.56.826,solo project,2024.2.1post4,60.03399123908839,2024-11-18 22h36.18.910496 +0530,
,,5,5,0,,,,,,,,,,hand,new,2.0,1.5799306000117213,,,,,,,,,,,,,,,,,0,5,5,35,,,,,396.5184895999846,,,,,,,,,,,,,,,,,,,,,,,,,,,,,,,,,,,,396.50814869999886,396.5184895999846,396.5184895999846,398.1033412999823,2.0,1.5799306000117213,,,,,,,,,,,,,,,,,,,,,,04,001,male,18,2024-11-18_22h35.56.826,solo project,2024.2.1post4,60.03399123908839,2024-11-18 22h36.18.910496 +0530,
,,6,6,0,,,,,,,,,,invest,old,1.0,1.9118659000378102,,,,,,,,,,,,,,,,,0,6,6,6,,,,,398.1206331999856,,,,,,,,,,,,,,,,,,,,,,,,,,,,,,,,,,,,398.10957979998784,398.1206331999856,398.1206331999856,400.03701329999603,1.0,1.9118659000378102,,,,,,,,,,,,,,,,,,,,,,04,001,male,18,2024-11-18_22h35.56.826,solo project,2024.2.1post4,60.03399123908839,2024-11-18 22h36.18.910496 +0530,
,,7,7,0,,,,,,,,,,truck,new,2.0,3.8464751000283286,,,,,,,,,,,,,,,,,0,7,7,56,,,,,400.05296549998457,,,,,,,,,,,,,,,,,,,,,,,,,,,,,,,,,,,,400.04150890000165,400.05296549998457,400.05296549998457,403.90294030000223,2.0,3.8464751000283286,,,,,,,,,,,,,,,,,,,,,,04,001,male,18,2024-11-18_22h35.56.826,solo project,2024.2.1post4,60.03399123908839,2024-11-18 22h36.18.910496 +0530,
,,8,8,0,,,,,,,,,,fabric,new,2.0,1.7454949000384659,,,,,,,,,,,,,,,,,0,8,8,34,,,,,403.9211993999779,,,,,,,,,,,,,,,,,,,,,,,,,,,,,,,,,,,,403.9093590999837,403.9211993999779,403.9211993999779,405.67012659995817,2.0,1.7454949000384659,,,,,,,,,,,,,,,,,,,,,,04,001,male,18,2024-11-18_22h35.56.826,solo project,2024.2.1post4,60.03399123908839,2024-11-18 22h36.18.910496 +0530,
,,9,9,0,,,,,,,,,,highway,new,2.0,1.4591211000224575,,,,,,,,,,,,,,,,,0,9,9,37,,,,,405.6900026999647,,,,,,,,,,,,,,,,,,,,,,,,,,,,,,,,,,,,405.6786858999985,405.6900026999647,405.6900026999647,407.15338109998265,2.0,1.4591211000224575,,,,,,,,,,,,,,,,,,,,,,04,001,male,18,2024-11-18_22h35.56.826,solo project,2024.2.1post4,60.03399123908839,2024-11-18 22h36.18.910496 +0530,
,,10,10,0,,,,,,,,,,reverent,old,1.0,1.563653899997007,,,,,,,,,,,,,,,,,0,10,10,22,,,,,407.1685974999564,,,,,,,,,,,,,,,,,,,,,,,,,,,,,,,,,,,,407.1576795000001,407.1685974999564,407.1685974999564,408.73678569996264,1.0,1.563653899997007,,,,,,,,,,,,,,,,,,,,,,04,001,male,18,2024-11-18_22h35.56.826,solo project,2024.2.1post4,60.03399123908839,2024-11-18 22h36.18.910496 +0530,
,,11,11,0,,,,,,,,,,material,old,1.0,2.8631663999985904,,,,,,,,,,,,,,,,,0,11,11,12,,,,,408.7516068999539,,,,,,,,,,,,,,,,,,,,,,,,,,,,,,,,,,,,408.7408774999785,408.7516068999539,408.7516068999539,411.619988499966,1.0,2.8631663999985904,,,,,,,,,,,,,,,,,,,,,,04,001,male,18,2024-11-18_22h35.56.826,solo project,2024.2.1post4,60.03399123908839,2024-11-18 22h36.18.910496 +0530,
,,12,12,0,,,,,,,,,,poetry,new,2.0,1.4116572000202723,,,,,,,,,,,,,,,,,0,12,12,44,,,,,411.6375595999998,,,,,,,,,,,,,,,,,,,,,,,,,,,,,,,,,,,,411.6264501999831,411.6375595999998,411.6375595999998,413.05274789995747,2.0,1.4116572000202723,,,,,,,,,,,,,,,,,,,,,,04,001,male,18,2024-11-18_22h35.56.826,solo project,2024.2.1post4,60.03399123908839,2024-11-18 22h36.18.910496 +0530,
,,13,13,0,,,,,,,,,,glacier,old,1.0,1.3978190999478102,,,,,,,,,,,,,,,,,0,13,13,4,,,,,413.0681398999877,,,,,,,,,,,,,,,,,,,,,,,,,,,,,,,,,,,,413.0569080999703,413.0681398999877,413.0681398999877,414.46985960000893,1.0,1.3978190999478102,,,,,,,,,,,,,,,,,,,,,,04,001,male,18,2024-11-18_22h35.56.826,solo project,2024.2.1post4,60.03399123908839,2024-11-18 22h36.18.910496 +0530,
,,14,14,0,,,,,,,,,,rancid,old,1.0,1.3975928999716416,,,,,,,,,,,,,,,,,0,14,14,19,,,,,414.48479560000123,,,,,,,,,,,,,,,,,,,,,,,,,,,,,,,,,,,,414.47366099996725,414.48479560000123,414.48479560000123,415.88641929998994,1.0,1.3975928999716416,,,,,,,,,,,,,,,,,,,,,,04,001,male,18,2024-11-18_22h35.56.826,solo project,2024.2.1post4,60.03399123908839,2024-11-18 22h36.18.910496 +0530,
,,15,15,0,,,,,,,,,,serious,old,1.0,1.2148748000035994,,,,,,,,,,,,,,,,,0,15,15,23,,,,,415.9015273999539,,,,,,,,,,,,,,,,,,,,,,,,,,,,,,,,,,,,415.88972929999,415.9015273999539,415.9015273999539,417.1201379999984,1.0,1.2148748000035994,,,,,,,,,,,,,,,,,,,,,,04,001,male,18,2024-11-18_22h35.56.826,solo project,2024.2.1post4,60.03399123908839,2024-11-18 22h36.18.910496 +0530,
,,16,16,0,,,,,,,,,,privacy,old,2.0,1.8636601000325754,,,,,,,,,,,,,,,,,0,16,16,17,,,,,417.13468039996224,,,,,,,,,,,,,,,,,,,,,,,,,,,,,,,,,,,,417.1239917000057,417.13468039996224,417.13468039996224,419.0029748000088,2.0,1.8636601000325754,,,,,,,,,,,,,,,,,,,,,,04,001,male,18,2024-11-18_22h35.56.826,solo project,2024.2.1post4,60.03399123908839,2024-11-18 22h36.18.910496 +0530,
,,17,17,0,,,,,,,,,,scissors,new,1.0,1.1309277000254951,,,,,,,,,,,,,,,,,0,17,17,48,,,,,419.0182584999711,,,,,,,,,,,,,,,,,,,,,,,,,,,,,,,,,,,,419.0062675999943,419.0182584999711,419.0182584999711,420.15312239999184,1.0,1.1309277000254951,,,,,,,,,,,,,,,,,,,,,,04,001,male,18,2024-11-18_22h35.56.826,solo project,2024.2.1post4,60.03399123908839,2024-11-18 22h36.18.910496 +0530,
,,18,18,0,,,,,,,,,,watch,new,2.0,1.4147886999999173,,,,,,,,,,,,,,,,,0,18,18,58,,,,,420.16822529997444,,,,,,,,,,,,,,,,,,,,,,,,,,,,,,,,,,,,420.1563775999821,420.16822529997444,420.16822529997444,421.5863260999904,2.0,1.4147886999999173,,,,,,,,,,,,,,,,,,,,,,04,001,male,18,2024-11-18_22h35.56.826,solo project,2024.2.1post4,60.03399123908839,2024-11-18 22h36.18.910496 +0530,
,,19,19,0,,,,,,,,,,lawn,new,2.0,1.5146819000365213,,,,,,,,,,,,,,,,,0,19,19,39,,,,,421.6015561000095,,,,,,,,,,,,,,,,,,,,,,,,,,,,,,,,,,,,421.5894661999773,421.6015561000095,421.6015561000095,423.11947709997185,2.0,1.5146819000365213,,,,,,,,,,,,,,,,,,,,,,04,001,male,18,2024-11-18_22h35.56.826,solo project,2024.2.1post4,60.03399123908839,2024-11-18 22h36.18.910496 +0530,
,,20,20,0,,,,,,,,,,village,old,1.0,1.431751299998723,,,,,,,,,,,,,,,,,0,20,20,28,,,,,423.13473289995454,,,,,,,,,,,,,,,,,,,,,,,,,,,,,,,,,,,,423.1226464000065,423.13473289995454,423.13473289995454,424.56947879999643,1.0,1.431751299998723,,,,,,,,,,,,,,,,,,,,,,04,001,male,18,2024-11-18_22h35.56.826,solo project,2024.2.1post4,60.03399123908839,2024-11-18 22h36.18.910496 +0530,
,,21,21,0,,,,,,,,,,hard,old,2.0,2.6317731000017375,,,,,,,,,,,,,,,,,0,21,21,5,,,,,424.5848251999705,,,,,,,,,,,,,,,,,,,,,,,,,,,,,,,,,,,,424.57243499998003,424.5848251999705,424.5848251999705,427.2195180999697,2.0,2.6317731000017375,,,,,,,,,,,,,,,,,,,,,,04,001,male,18,2024-11-18_22h35.56.826,solo project,2024.2.1post4,60.03399123908839,2024-11-18 22h36.18.910496 +0530,
,,22,22,0,,,,,,,,,,concentrate,new,1.0,1.7811156999669038,,,,,,,,,,,,,,,,,0,22,22,31,,,,,427.2349004999851,,,,,,,,,,,,,,,,,,,,,,,,,,,,,,,,,,,,427.2230492999661,427.2349004999851,427.2349004999851,429.0199645999819,1.0,1.7811156999669038,,,,,,,,,,,,,,,,,,,,,,04,001,male,18,2024-11-18_22h35.56.826,solo project,2024.2.1post4,60.03399123908839,2024-11-18 22h36.18.910496 +0530,
,,23,23,0,,,,,,,,,,neurotic,old,1.0,2.672502200002782,,,,,,,,,,,,,,,,,0,23,23,14,,,,,429.03455350000877,,,,,,,,,,,,,,,,,,,,,,,,,,,,,,,,,,,,429.023512499989,429.03455350000877,429.03455350000877,431.7112484999816,1.0,2.672502200002782,,,,,,,,,,,,,,,,,,,,,,04,001,male,18,2024-11-18_22h35.56.826,solo project,2024.2.1post4,60.03399123908839,2024-11-18 22h36.18.910496 +0530,
,,24,24,0,,,,,,,,,,repentant,new,1.0,1.2480107999872416,,,,,,,,,,,,,,,,,0,24,24,45,,,,,431.72632849996444,,,,,,,,,,,,,,,,,,,,,,,,,,,,,,,,,,,,431.71488399995724,431.72632849996444,431.72632849996444,432.9777665999718,1.0,1.2480107999872416,,,,,,,,,,,,,,,,,,,,,,04,001,male,18,2024-11-18_22h35.56.826,solo project,2024.2.1post4,60.03399123908839,2024-11-18 22h36.18.910496 +0530,
,,25,25,0,,,,,,,,,,skyscraper,new,2.0,1.5808660999755375,,,,,,,,,,,,,,,,,0,25,25,51,,,,,432.9928307000082,,,,,,,,,,,,,,,,,,,,,,,,,,,,,,,,,,,,432.981587999966,432.9928307000082,432.9928307000082,434.57794869999634,2.0,1.5808660999755375,,,,,,,,,,,,,,,,,,,,,,04,001,male,18,2024-11-18_22h35.56.826,solo project,2024.2.1post4,60.03399123908839,2024-11-18 22h36.18.910496 +0530,
,,26,26,0,,,,,,,,,,lightbulb,new,2.0,1.4809375000186265,,,,,,,,,,,,,,,,,0,26,26,40,,,,,434.5928133999696,,,,,,,,,,,,,,,,,,,,,,,,,,,,,,,,,,,,434.58190799999284,434.5928133999696,434.5928133999696,436.07779239997035,2.0,1.4809375000186265,,,,,,,,,,,,,,,,,,,,,,04,001,male,18,2024-11-18_22h35.56.826,solo project,2024.2.1post4,60.03399123908839,2024-11-18 22h36.18.910496 +0530,
,,27,27,0,,,,,,,,,,industry,new,2.0,1.71380590001354,,,,,,,,,,,,,,,,,0,27,27,38,,,,,436.09340680000605,,,,,,,,,,,,,,,,,,,,,,,,,,,,,,,,,,,,436.082331899961,436.09340680000605,436.09340680000605,437.81079590000445,2.0,1.71380590001354,,,,,,,,,,,,,,,,,,,,,,04,001,male,18,2024-11-18_22h35.56.826,solo project,2024.2.1post4,60.03399123908839,2024-11-18 22h36.18.910496 +0530,
,,28,28,0,,,,,,,,,,tease,new,2.0,1.5651171999634244,,,,,,,,,,,,,,,,,0,28,28,54,,,,,437.8261832999997,,,,,,,,,,,,,,,,,,,,,,,,,,,,,,,,,,,,437.8142818000051,437.8261832999997,437.8261832999997,439.3941263000015,2.0,1.5651171999634244,,,,,,,,,,,,,,,,,,,,,,04,001,male,18,2024-11-18_22h35.56.826,solo project,2024.2.1post4,60.03399123908839,2024-11-18 22h36.18.910496 +0530,
,,29,29,0,,,,,,,,,,hawk,new,1.0,1.181348500016611,,,,,,,,,,,,,,,,,0,29,29,36,,,,,439.40976029995363,,,,,,,,,,,,,,,,,,,,,,,,,,,,,,,,,,,,439.39792279998073,439.40976029995363,439.40976029995363,440.5941367999767,1.0,1.181348500016611,,,,,,,,,,,,,,,,,,,,,,04,001,male,18,2024-11-18_22h35.56.826,solo project,2024.2.1post4,60.03399123908839,2024-11-18 22h36.18.910496 +0530,
,,30,30,0,,,,,,,,,,stiff,old,1.0,2.9804713999619707,,,,,,,,,,,,,,,,,0,30,30,25,,,,,440.60953109996626,,,,,,,,,,,,,,,,,,,,,,,,,,,,,,,,,,,,440.5982251999667,440.60953109996626,440.60953109996626,443.594176899991,1.0,2.9804713999619707,,,,,,,,,,,,,,,,,,,,,,04,001,male,18,2024-11-18_22h35.56.826,solo project,2024.2.1post4,60.03399123908839,2024-11-18 22h36.18.910496 +0530,
,,31,31,0,,,,,,,,,,journal,old,1.0,2.0942436000332236,,,,,,,,,,,,,,,,,0,31,31,7,,,,,443.6126310999971,,,,,,,,,,,,,,,,,,,,,,,,,,,,,,,,,,,,443.6012237999821,443.6126310999971,443.6126310999971,445.7113550999784,1.0,2.0942436000332236,,,,,,,,,,,,,,,,,,,,,,04,001,male,18,2024-11-18_22h35.56.826,solo project,2024.2.1post4,60.03399123908839,2024-11-18 22h36.18.910496 +0530,
,,32,32,0,,,,,,,,,,elevator,old,1.0,1.231146100035403,,,,,,,,,,,,,,,,,0,32,32,2,,,,,445.72608190000756,,,,,,,,,,,,,,,,,,,,,,,,,,,,,,,,,,,,445.71469459997024,445.72608190000756,445.72608190000756,446.9608042999753,1.0,1.231146100035403,,,,,,,,,,,,,,,,,,,,,,04,001,male,18,2024-11-18_22h35.56.826,solo project,2024.2.1post4,60.03399123908839,2024-11-18 22h36.18.910496 +0530,
,,33,33,0,,,,,,,,,,coast,old,1.0,2.397709999990184,,,,,,,,,,,,,,,,,0,33,33,0,,,,,446.97612299997127,,,,,,,,,,,,,,,,,,,,,,,,,,,,,,,,,,,,446.96370520000346,446.97612299997127,446.97612299997127,449.3779724999913,1.0,2.397709999990184,,,,,,,,,,,,,,,,,,,,,,04,001,male,18,2024-11-18_22h35.56.826,solo project,2024.2.1post4,60.03399123908839,2024-11-18 22h36.18.910496 +0530,
,,34,34,0,,,,,,,,,,lighthouse,old,1.0,1.3637057000305504,,,,,,,,,,,,,,,,,0,34,34,9,,,,,449.39264529995853,,,,,,,,,,,,,,,,,,,,,,,,,,,,,,,,,,,,449.3818567999988,449.39264529995853,449.39264529995853,450.76091839995934,1.0,1.3637057000305504,,,,,,,,,,,,,,,,,,,,,,04,001,male,18,2024-11-18_22h35.56.826,solo project,2024.2.1post4,60.03399123908839,2024-11-18 22h36.18.910496 +0530,
,,35,35,0,,,,,,,,,,stove,old,1.0,1.4474065999966115,,,,,,,,,,,,,,,,,0,35,35,26,,,,,450.7761194999912,,,,,,,,,,,,,,,,,,,,,,,,,,,,,,,,,,,,450.7642449999694,450.7761194999912,450.7761194999912,452.22770439996384,1.0,1.4474065999966115,,,,,,,,,,,,,,,,,,,,,,04,001,male,18,2024-11-18_22h35.56.826,solo project,2024.2.1post4,60.03399123908839,2024-11-18 22h36.18.910496 +0530,
,,36,36,0,,,,,,,,,,theory,new,2.0,1.9644375999923795,,,,,,,,,,,,,,,,,0,36,36,55,,,,,452.2427123999805,,,,,,,,,,,,,,,,,,,,,,,,,,,,,,,,,,,,452.23103259998607,452.2427123999805,452.2427123999805,454.2109446999966,2.0,1.9644375999923795,,,,,,,,,,,,,,,,,,,,,,04,001,male,18,2024-11-18_22h35.56.826,solo project,2024.2.1post4,60.03399123908839,2024-11-18 22h36.18.910496 +0530,
,,37,37,0,,,,,,,,,,manner,old,2.0,1.8313065000111237,,,,,,,,,,,,,,,,,0,37,37,11,,,,,454.22589870000957,,,,,,,,,,,,,,,,,,,,,,,,,,,,,,,,,,,,454.21409570000833,454.22589870000957,454.22589870000957,456.06079949997365,2.0,1.8313065000111237,,,,,,,,,,,,,,,,,,,,,,04,001,male,18,2024-11-18_22h35.56.826,solo project,2024.2.1post4,60.03399123908839,2024-11-18 22h36.18.910496 +0530,
,,38,38,0,,,,,,,,,,paint,new,2.0,1.3148594999802299,,,,,,,,,,,,,,,,,0,38,38,43,,,,,456.07601439999416,,,,,,,,,,,,,,,,,,,,,,,,,,,,,,,,,,,,456.06420849997085,456.07601439999416,456.07601439999416,457.39438929996686,2.0,1.3148594999802299,,,,,,,,,,,,,,,,,,,,,,04,001,male,18,2024-11-18_22h35.56.826,solo project,2024.2.1post4,60.03399123908839,2024-11-18 22h36.18.910496 +0530,
,,39,39,0,,,,,,,,,,limber,old,1.0,1.2475443000439554,,,,,,,,,,,,,,,,,0,39,39,10,,,,,457.40932099998463,,,,,,,,,,,,,,,,,,,,,,,,,,,,,,,,,,,,457.3980459999875,457.40932099998463,457.40932099998463,458.66098089999286,1.0,1.2475443000439554,,,,,,,,,,,,,,,,,,,,,,04,001,male,18,2024-11-18_22h35.56.826,solo project,2024.2.1post4,60.03399123908839,2024-11-18 22h36.18.910496 +0530,
,,40,40,0,,,,,,,,,,rattle,old,1.0,2.181275099981576,,,,,,,,,,,,,,,,,0,40,40,20,,,,,458.6758935999824,,,,,,,,,,,,,,,,,,,,,,,,,,,,,,,,,,,,458.66435699997237,458.6758935999824,458.6758935999824,460.86036809999496,1.0,2.181275099981576,,,,,,,,,,,,,,,,,,,,,,04,001,male,18,2024-11-18_22h35.56.826,solo project,2024.2.1post4,60.03399123908839,2024-11-18 22h36.18.910496 +0530,
,,41,41,0,,,,,,,,,,reptile,old,1.0,4.580925500020385,,,,,,,,,,,,,,,,,0,41,41,21,,,,,460.8758320999914,,,,,,,,,,,,,,,,,,,,,,,,,,,,,,,,,,,,460.86390019999817,460.8758320999914,460.8758320999914,465.4608681999962,1.0,4.580925500020385,,,,,,,,,,,,,,,,,,,,,,04,001,male,18,2024-11-18_22h35.56.826,solo project,2024.2.1post4,60.03399123908839,2024-11-18 22h36.18.910496 +0530,
,,42,42,0,,,,,,,,,,passage,old,1.0,1.4476893999963067,,,,,,,,,,,,,,,,,0,42,42,16,,,,,465.47604589996627,,,,,,,,,,,,,,,,,,,,,,,,,,,,,,,,,,,,465.46437090000836,465.47604589996627,465.47604589996627,466.9274254000047,1.0,1.4476893999963067,,,,,,,,,,,,,,,,,,,,,,04,001,male,18,2024-11-18_22h35.56.826,solo project,2024.2.1post4,60.03399123908839,2024-11-18 22h36.18.910496 +0530,
,,43,43,0,,,,,,,,,,storm,new,1.0,2.0310055000009015,,,,,,,,,,,,,,,,,0,43,43,52,,,,,466.942311199964,,,,,,,,,,,,,,,,,,,,,,,,,,,,,,,,,,,,466.9311927999952,466.942311199964,466.942311199964,468.97706429997925,1.0,2.0310055000009015,,,,,,,,,,,,,,,,,,,,,,04,001,male,18,2024-11-18_22h35.56.826,solo project,2024.2.1post4,60.03399123908839,2024-11-18 22h36.18.910496 +0530,
,,44,44,0,,,,,,,,,,radiator,old,1.0,1.446216700016521,,,,,,,,,,,,,,,,,0,44,44,18,,,,,468.9925670999801,,,,,,,,,,,,,,,,,,,,,,,,,,,,,,,,,,,,468.9816601999919,468.9925670999801,468.9925670999801,470.44447099999525,1.0,1.446216700016521,,,,,,,,,,,,,,,,,,,,,,04,001,male,18,2024-11-18_22h35.56.826,solo project,2024.2.1post4,60.03399123908839,2024-11-18 22h36.18.910496 +0530,
,,45,45,0,,,,,,,,,,detail,new,2.0,1.4641278000199236,,,,,,,,,,,,,,,,,0,45,45,33,,,,,470.458979499992,,,,,,,,,,,,,,,,,,,,,,,,,,,,,,,,,,,,470.4478560999851,470.458979499992,470.458979499992,471.92732239997713,2.0,1.4641278000199236,,,,,,,,,,,,,,,,,,,,,,04,001,male,18,2024-11-18_22h35.56.826,solo project,2024.2.1post4,60.03399123908839,2024-11-18 22h36.18.910496 +0530,
,,46,46,0,,,,,,,,,,medicine,new,2.0,1.6313485000282526,,,,,,,,,,,,,,,,,0,46,46,42,,,,,471.94275769998785,,,,,,,,,,,,,,,,,,,,,,,,,,,,,,,,,,,,471.93080349999946,471.94275769998785,471.94275769998785,473.57763949997025,2.0,1.6313485000282526,,,,,,,,,,,,,,,,,,,,,,04,001,male,18,2024-11-18_22h35.56.826,solo project,2024.2.1post4,60.03399123908839,2024-11-18 22h36.18.910496 +0530,
,,47,47,0,,,,,,,,,,wine,old,1.0,2.131053899996914,,,,,,,,,,,,,,,,,0,47,47,29,,,,,473.59247899998445,,,,,,,,,,,,,,,,,,,,,,,,,,,,,,,,,,,,473.5807235999964,473.59247899998445,473.59247899998445,475.7277973999735,1.0,2.131053899996914,,,,,,,,,,,,,,,,,,,,,,04,001,male,18,2024-11-18_22h35.56.826,solo project,2024.2.1post4,60.03399123908839,2024-11-18 22h36.18.910496 +0530,
,,48,48,0,,,,,,,,,,salute,new,2.0,1.8644579999963753,,,,,,,,,,,,,,,,,0,48,48,47,,,,,475.74217599997064,,,,,,,,,,,,,,,,,,,,,,,,,,,,,,,,,,,,475.73095399996964,475.74217599997064,475.74217599997064,477.6105319999624,2.0,1.8644579999963753,,,,,,,,,,,,,,,,,,,,,,04,001,male,18,2024-11-18_22h35.56.826,solo project,2024.2.1post4,60.03399123908839,2024-11-18 22h36.18.910496 +0530,
,,49,49,0,,,,,,,,,,trumpet,old,1.0,1.6977174000348896,,,,,,,,,,,,,,,,,0,49,49,27,,,,,477.62568860000465,,,,,,,,,,,,,,,,,,,,,,,,,,,,,,,,,,,,477.61400349996984,477.62568860000465,477.62568860000465,479.327408299956,1.0,1.6977174000348896,,,,,,,,,,,,,,,,,,,,,,04,001,male,18,2024-11-18_22h35.56.826,solo project,2024.2.1post4,60.03399123908839,2024-11-18 22h36.18.910496 +0530,
,,50,50,0,,,,,,,,,,ennui,old,1.0,1.4308229999733157,,,,,,,,,,,,,,,,,0,50,50,3,,,,,479.34240159997717,,,,,,,,,,,,,,,,,,,,,,,,,,,,,,,,,,,,479.3307667999761,479.34240159997717,479.34240159997717,480.77702999999747,1.0,1.4308229999733157,,,,,,,,,,,,,,,,,,,,,,04,001,male,18,2024-11-18_22h35.56.826,solo project,2024.2.1post4,60.03399123908839,2024-11-18 22h36.18.910496 +0530,
,,51,51,0,,,,,,,,,,shadow,new,1.0,3.298152300005313,,,,,,,,,,,,,,,,,0,51,51,50,,,,,480.79231689998414,,,,,,,,,,,,,,,,,,,,,,,,,,,,,,,,,,,,480.7804364999756,480.79231689998414,480.79231689998414,484.09384169999976,1.0,3.298152300005313,,,,,,,,,,,,,,,,,,,,,,04,001,male,18,2024-11-18_22h35.56.826,solo project,2024.2.1post4,60.03399123908839,2024-11-18 22h36.18.910496 +0530,
,,52,52,0,,,,,,,,,,sentiment,new,2.0,5.83117650001077,,,,,,,,,,,,,,,,,0,52,52,49,,,,,484.1088719999534,,,,,,,,,,,,,,,,,,,,,,,,,,,,,,,,,,,,484.09711609996157,484.1088719999534,484.1088719999534,489.9441112999921,2.0,5.83117650001077,,,,,,,,,,,,,,,,,,,,,,04,001,male,18,2024-11-18_22h35.56.826,solo project,2024.2.1post4,60.03399123908839,2024-11-18 22h36.18.910496 +0530,
,,53,53,0,,,,,,,,,,clock,new,2.0,1.847775999980513,,,,,,,,,,,,,,,,,0,53,53,30,,,,,489.95894179999596,,,,,,,,,,,,,,,,,,,,,,,,,,,,,,,,,,,,489.94743000000017,489.95894179999596,489.95894179999596,491.81037239998113,2.0,1.847775999980513,,,,,,,,,,,,,,,,,,,,,,04,001,male,18,2024-11-18_22h35.56.826,solo project,2024.2.1post4,60.03399123908839,2024-11-18 22h36.18.910496 +0530,
,,54,54,0,,,,,,,,,,skeptical,old,1.0,1.1143857999704778,,,,,,,,,,,,,,,,,0,54,54,24,,,,,491.8254514999571,,,,,,,,,,,,,,,,,,,,,,,,,,,,,,,,,,,,491.8140929999645,491.8254514999571,491.8254514999571,492.94324439996853,1.0,1.1143857999704778,,,,,,,,,,,,,,,,,,,,,,04,001,male,18,2024-11-18_22h35.56.826,solo project,2024.2.1post4,60.03399123908839,2024-11-18 22h36.18.910496 +0530,
,,55,55,0,,,,,,,,,,teacher,new,2.0,1.447706000006292,,,,,,,,,,,,,,,,,0,55,55,53,,,,,492.9586996999569,,,,,,,,,,,,,,,,,,,,,,,,,,,,,,,,,,,,492.94749339995906,492.9586996999569,492.9586996999569,494.41003349999664,2.0,1.447706000006292,,,,,,,,,,,,,,,,,,,,,,04,001,male,18,2024-11-18_22h35.56.826,solo project,2024.2.1post4,60.03399123908839,2024-11-18 22h36.18.910496 +0530,
,,56,56,0,,,,,,,,,,nursery,old,1.0,1.298180100042373,,,,,,,,,,,,,,,,,0,56,56,15,,,,,494.4252914999961,,,,,,,,,,,,,,,,,,,,,,,,,,,,,,,,,,,,494.4143480999628,494.4252914999961,494.4252914999961,495.72783839999465,1.0,1.298180100042373,,,,,,,,,,,,,,,,,,,,,,04,001,male,18,2024-11-18_22h35.56.826,solo project,2024.2.1post4,60.03399123908839,2024-11-18 22h36.18.910496 +0530,
,,57,57,0,,,,,,,,,,custom,old,1.0,1.2972005000337958,,,,,,,,,,,,,,,,,0,57,57,1,,,,,495.7425657999702,,,,,,,,,,,,,,,,,,,,,,,,,,,,,,,,,,,,495.73187919997144,495.7425657999702,495.7425657999702,497.0437050999608,1.0,1.2972005000337958,,,,,,,,,,,,,,,,,,,,,,04,001,male,18,2024-11-18_22h35.56.826,solo project,2024.2.1post4,60.03399123908839,2024-11-18 22h36.18.910496 +0530,
,,58,58,0,,,,,,,,,,whistle,new,1.0,1.447562100016512,,,,,,,,,,,,,,,,,0,58,58,59,,,,,497.0587403999525,,,,,,,,,,,,,,,,,,,,,,,,,,,,,,,,,,,,497.04776099999435,497.0587403999525,497.0587403999525,498.51004979998106,1.0,1.447562100016512,,,,,,,,,,,,,,,,,,,,,,04,001,male,18,2024-11-18_22h35.56.826,solo project,2024.2.1post4,60.03399123908839,2024-11-18 22h36.18.910496 +0530,
,,59,59,0,,,,,,,,,,rough,new,2.0,4.530138700036332,,,,,,,,,,,,,,,,,0,59,59,46,,,,,498.5253005999839,,,,,,,,,,,,,,,,,,,,,,,,,,,,,,,,,,,,498.51410659996327,498.5253005999839,498.5253005999839,503.0598941000062,2.0,4.530138700036332,,,,,,,,,,,,,,,,,,,,,,04,001,male,18,2024-11-18_22h35.56.826,solo project,2024.2.1post4,60.03399123908839,2024-11-18 22h36.18.910496 +0530,
,,,,,,,,,,,,,,,,,,,,,,,,,,,,,,,,,,,,,,,,,,,,,,,,,,,,,,,,,,,,,,,,,,,,,,,,,,,,,,,,,,,,503.0604909999529,505.694448299997,1,[2.6183493999997154],[2.618357599945739],,,,,,,,,,,,,,,,,04,001,male,18,2024-11-18_22h35.56.826,solo project,2024.2.1post4,60.03399123908839,2024-11-18 22h36.18.910496 +0530,
,,,,,,,,,,,,,,,,,,,,,,,,,,,,,,,,,,,,,,,,,,,,,,,,,,,,,,,,,,,,,,,,,,,,,,,,,,,,,,,,,,,,,,,,,505.6945693999878,516.4100123999524,space,10.71283289999701,None,,,,,,,,,,,,04,001,male,18,2024-11-18_22h35.56.826,solo project,2024.2.1post4,60.03399123908839,2024-11-18 22h36.18.910496 +0530,
,,,,,,,,,,,,,,,,,,,,,,,,,,,,,,,,,,,,,,,,,,,,,,,,,,,,,,,,,,,,,,,,,,,,,,,,,,,,,,,,,,,,,,,,,,,,,,516.4100870999973,519.6098171999911,space,3.1913894999888726,None,,,,,,,04,001,male,18,2024-11-18_22h35.56.826,solo project,2024.2.1post4,60.03399123908839,2024-11-18 22h36.18.910496 +0530,
,,0,0,0,,,,,,,,,,,,,,1,Telephoning in public,1.0,1.0,,,,,,,,,,,,,,,,,0,0,0,0,519.6562476999825,,,,,,,,,,,,,,,,,,,,,,,,,,,,,,,,,,,,,,,,,,,,,,,,,,,,,,,,,519.6241186999832,519.6562476999825,519.6562476999825,527.0920516999904,1.0,1.0,04,001,male,18,2024-11-18_22h35.56.826,solo project,2024.2.1post4,60.03399123908839,2024-11-18 22h36.18.910496 +0530,
,,1,1,0,,,,,,,,,,,,,,2,Participating in small groups,1.0,1.0,,,,,,,,,,,,,,,,,0,1,1,1,527.1244119000039,,,,,,,,,,,,,,,,,,,,,,,,,,,,,,,,,,,,,,,,,,,,,,,,,,,,,,,,,527.0991979999817,527.1244119000039,527.1244119000039,536.9228571999702,1.0,1.0,04,001,male,18,2024-11-18_22h35.56.826,solo project,2024.2.1post4,60.03399123908839,2024-11-18 22h36.18.910496 +0530,
,,2,2,0,,,,,,,,,,,,,,3,Eating in public places,1.0,1.0,,,,,,,,,,,,,,,,,0,2,2,2,536.947755799978,,,,,,,,,,,,,,,,,,,,,,,,,,,,,,,,,,,,,,,,,,,,,,,,,,,,,,,,,536.9280484999763,536.947755799978,536.947755799978,542.2288092999952,1.0,1.0,04,001,male,18,2024-11-18_22h35.56.826,solo project,2024.2.1post4,60.03399123908839,2024-11-18 22h36.18.910496 +0530,
,,3,3,0,,,,,,,,,,,,,,4,Drinking with others in public places,2.0,2.0,,,,,,,,,,,,,,,,,0,3,3,3,542.253702899965,,,,,,,,,,,,,,,,,,,,,,,,,,,,,,,,,,,,,,,,,,,,,,,,,,,,,,,,,542.2345603999565,542.253702899965,542.253702899965,549.7465612000087,2.0,2.0,04,001,male,18,2024-11-18_22h35.56.826,solo project,2024.2.1post4,60.03399123908839,2024-11-18 22h36.18.910496 +0530,
,,4,4,0,,,,,,,,,,,,,,5,Talking to people in authority,1.0,1.0,,,,,,,,,,,,,,,,,0,4,4,4,549.7691969999578,,,,,,,,,,,,,,,,,,,,,,,,,,,,,,,,,,,,,,,,,,,,,,,,,,,,,,,,,549.7506150999689,549.7691969999578,549.7691969999578,556.8496978000039,1.0,1.0,04,001,male,18,2024-11-18_22h35.56.826,solo project,2024.2.1post4,60.03399123908839,2024-11-18 22h36.18.910496 +0530,
,,5,5,0,,,,,,,,,,,,,,6,"Acting, performing, or giving a talk in front of an audience",2.0,3.0,,,,,,,,,,,,,,,,,0,5,5,5,556.8747512999689,,,,,,,,,,,,,,,,,,,,,,,,,,,,,,,,,,,,,,,,,,,,,,,,,,,,,,,,,556.8556456000078,556.8747512999689,556.8747512999689,562.8613947999547,2.0,3.0,04,001,male,18,2024-11-18_22h35.56.826,solo project,2024.2.1post4,60.03399123908839,2024-11-18 22h36.18.910496 +0530,
,,6,6,0,,,,,,,,,,,,,,7,Going to a party,2.0,2.0,,,,,,,,,,,,,,,,,0,6,6,6,562.8855100999936,,,,,,,,,,,,,,,,,,,,,,,,,,,,,,,,,,,,,,,,,,,,,,,,,,,,,,,,,562.8664410999627,562.8855100999936,562.8855100999936,566.898296099971,2.0,2.0,04,001,male,18,2024-11-18_22h35.56.826,solo project,2024.2.1post4,60.03399123908839,2024-11-18 22h36.18.910496 +0530,
,,7,7,0,,,,,,,,,,,,,,8,Working while being observed,2.0,2.0,,,,,,,,,,,,,,,,,0,7,7,7,566.9217980999965,,,,,,,,,,,,,,,,,,,,,,,,,,,,,,,,,,,,,,,,,,,,,,,,,,,,,,,,,566.902917200001,566.9217980999965,566.9217980999965,572.9078986999812,2.0,2.0,04,001,male,18,2024-11-18_22h35.56.826,solo project,2024.2.1post4,60.03399123908839,2024-11-18 22h36.18.910496 +0530,
,,8,8,0,,,,,,,,,,,,,,9,Writing while being observed,1.0,2.0,,,,,,,,,,,,,,,,,0,8,8,8,572.9313566999626,,,,,,,,,,,,,,,,,,,,,,,,,,,,,,,,,,,,,,,,,,,,,,,,,,,,,,,,,572.9118238000083,572.9313566999626,572.9313566999626,577.1372551000095,1.0,2.0,04,001,male,18,2024-11-18_22h35.56.826,solo project,2024.2.1post4,60.03399123908839,2024-11-18 22h36.18.910496 +0530,
,,9,9,0,,,,,,,,,,,,,,10,Calling someone you don't know very well,1.0,1.0,,,,,,,,,,,,,,,,,0,9,9,9,577.1624414999969,,,,,,,,,,,,,,,,,,,,,,,,,,,,,,,,,,,,,,,,,,,,,,,,,,,,,,,,,577.143285099999,577.1624414999969,577.1624414999969,580.8189449000056,1.0,1.0,04,001,male,18,2024-11-18_22h35.56.826,solo project,2024.2.1post4,60.03399123908839,2024-11-18 22h36.18.910496 +0530,
,,10,10,0,,,,,,,,,,,,,,11,Talking with people you don't know very well,1.0,1.0,,,,,,,,,,,,,,,,,0,10,10,10,580.8427949000034,,,,,,,,,,,,,,,,,,,,,,,,,,,,,,,,,,,,,,,,,,,,,,,,,,,,,,,,,580.8235129999812,580.8427949000034,580.8427949000034,584.1639798999531,1.0,1.0,04,001,male,18,2024-11-18_22h35.56.826,solo project,2024.2.1post4,60.03399123908839,2024-11-18 22h36.18.910496 +0530,
,,11,11,0,,,,,,,,,,,,,,12,Meeting strangers,1.0,1.0,,,,,,,,,,,,,,,,,0,11,11,11,584.1898281999747,,,,,,,,,,,,,,,,,,,,,,,,,,,,,,,,,,,,,,,,,,,,,,,,,,,,,,,,,584.1690416999627,584.1898281999747,584.1898281999747,586.1803111999761,1.0,1.0,04,001,male,18,2024-11-18_22h35.56.826,solo project,2024.2.1post4,60.03399123908839,2024-11-18 22h36.18.910496 +0530,
,,12,12,0,,,,,,,,,,,,,,13,Urinating in a public bathroom,1.0,1.0,,,,,,,,,,,,,,,,,0,12,12,12,586.2055850999895,,,,,,,,,,,,,,,,,,,,,,,,,,,,,,,,,,,,,,,,,,,,,,,,,,,,,,,,,586.1856491999933,586.2055850999895,586.2055850999895,589.0839451999636,1.0,1.0,04,001,male,18,2024-11-18_22h35.56.826,solo project,2024.2.1post4,60.03399123908839,2024-11-18 22h36.18.910496 +0530,
,,13,13,0,,,,,,,,,,,,,,14,Entering a room when others are already seated,1.0,1.0,,,,,,,,,,,,,,,,,0,13,13,13,589.1070972000016,,,,,,,,,,,,,,,,,,,,,,,,,,,,,,,,,,,,,,,,,,,,,,,,,,,,,,,,,589.0883612000034,589.1070972000016,589.1070972000016,594.189880299964,1.0,1.0,04,001,male,18,2024-11-18_22h35.56.826,solo project,2024.2.1post4,60.03399123908839,2024-11-18 22h36.18.910496 +0530,
,,14,14,0,,,,,,,,,,,,,,15,Being the center of attention,2.0,2.0,,,,,,,,,,,,,,,,,0,14,14,14,594.215086399985,,,,,,,,,,,,,,,,,,,,,,,,,,,,,,,,,,,,,,,,,,,,,,,,,,,,,,,,,594.1952030999819,594.215086399985,594.215086399985,596.8661106000072,2.0,2.0,04,001,male,18,2024-11-18_22h35.56.826,solo project,2024.2.1post4,60.03399123908839,2024-11-18 22h36.18.910496 +0530,
,,15,15,0,,,,,,,,,,,,,,16,Speaking up at a meeting,2.0,3.0,,,,,,,,,,,,,,,,,0,15,15,15,596.8902951999917,,,,,,,,,,,,,,,,,,,,,,,,,,,,,,,,,,,,,,,,,,,,,,,,,,,,,,,,,596.8707251999876,596.8902951999917,596.8902951999917,602.5737905999995,2.0,3.0,04,001,male,18,2024-11-18_22h35.56.826,solo project,2024.2.1post4,60.03399123908839,2024-11-18 22h36.18.910496 +0530,
,,16,16,0,,,,,,,,,,,,,,17,Taking a test,2.0,2.0,,,,,,,,,,,,,,,,,0,16,16,16,602.5989702999941,,,,,,,,,,,,,,,,,,,,,,,,,,,,,,,,,,,,,,,,,,,,,,,,,,,,,,,,,602.5774848999572,602.5989702999941,602.5989702999941,608.4404000999639,2.0,2.0,04,001,male,18,2024-11-18_22h35.56.826,solo project,2024.2.1post4,60.03399123908839,2024-11-18 22h36.18.910496 +0530,
,,17,17,0,,,,,,,,,,,,,,18,Expressing a disagreement or disapproval to people you don’t know very well,1.0,1.0,,,,,,,,,,,,,,,,,0,17,17,17,608.4665985999745,,,,,,,,,,,,,,,,,,,,,,,,,,,,,,,,,,,,,,,,,,,,,,,,,,,,,,,,,608.447611599986,608.4665985999745,608.4665985999745,620.3360206999932,1.0,1.0,04,001,male,18,2024-11-18_22h35.56.826,solo project,2024.2.1post4,60.03399123908839,2024-11-18 22h36.18.910496 +0530,
,,18,18,0,,,,,,,,,,,,,,19,Looking at people you don't know very well in the eyes,1.0,1.0,,,,,,,,,,,,,,,,,0,18,18,18,620.3613356999704,,,,,,,,,,,,,,,,,,,,,,,,,,,,,,,,,,,,,,,,,,,,,,,,,,,,,,,,,620.3423224999569,620.3613356999704,620.3613356999704,626.5656816999544,1.0,1.0,04,001,male,18,2024-11-18_22h35.56.826,solo project,2024.2.1post4,60.03399123908839,2024-11-18 22h36.18.910496 +0530,
,,19,19,0,,,,,,,,,,,,,,20,Giving a report to a group,1.0,1.0,,,,,,,,,,,,,,,,,0,19,19,19,626.5890828999691,,,,,,,,,,,,,,,,,,,,,,,,,,,,,,,,,,,,,,,,,,,,,,,,,,,,,,,,,626.5700306000072,626.5890828999691,626.5890828999691,629.1963254999719,1.0,1.0,04,001,male,18,2024-11-18_22h35.56.826,solo project,2024.2.1post4,60.03399123908839,2024-11-18 22h36.18.910496 +0530,
,,20,20,0,,,,,,,,,,,,,,21,Trying to pick up someone,1.0,1.0,,,,,,,,,,,,,,,,,0,20,20,20,629.2195776999579,,,,,,,,,,,,,,,,,,,,,,,,,,,,,,,,,,,,,,,,,,,,,,,,,,,,,,,,,629.2002057000063,629.2195776999579,629.2195776999579,634.3016926999553,1.0,1.0,04,001,male,18,2024-11-18_22h35.56.826,solo project,2024.2.1post4,60.03399123908839,2024-11-18 22h36.18.910496 +0530,
,,21,21,0,,,,,,,,,,,,,,22,Returning goods to a store,2.0,2.0,,,,,,,,,,,,,,,,,0,21,21,21,634.3261211999925,,,,,,,,,,,,,,,,,,,,,,,,,,,,,,,,,,,,,,,,,,,,,,,,,,,,,,,,,634.3071403999929,634.3261211999925,634.3261211999925,638.0959612999577,2.0,2.0,04,001,male,18,2024-11-18_22h35.56.826,solo project,2024.2.1post4,60.03399123908839,2024-11-18 22h36.18.910496 +0530,
,,22,22,0,,,,,,,,,,,,,,23,Giving a party,1.0,2.0,,,,,,,,,,,,,,,,,0,22,22,22,638.1188534999965,,,,,,,,,,,,,,,,,,,,,,,,,,,,,,,,,,,,,,,,,,,,,,,,,,,,,,,,,638.0995976999984,638.1188534999965,638.1188534999965,641.8474609999685,1.0,2.0,04,001,male,18,2024-11-18_22h35.56.826,solo project,2024.2.1post4,60.03399123908839,2024-11-18 22h36.18.910496 +0530,
,,23,23,0,,,,,,,,,,,,,,24,Resisting a high pressure salesperson,2.0,2.0,,,,,,,,,,,,,,,,,0,23,23,23,641.8710622999934,,,,,,,,,,,,,,,,,,,,,,,,,,,,,,,,,,,,,,,,,,,,,,,,,,,,,,,,,641.8520280999946,641.8710622999934,641.8710622999934,652.8423221999547,2.0,2.0,04,001,male,18,2024-11-18_22h35.56.826,solo project,2024.2.1post4,60.03399123908839,2024-11-18 22h36.18.910496 +0530,
