﻿no_per,dsr_per,thisN,thisTrialN,thisRepN,slider.response,slider.rt,no_exp,dsr_exp,slider_2.response,imagefile,type,subtype,study_word,test_word,old_new,slider_3.response,slider_3.rt,lsas_no,lsas_situation,slider_4.response,slider_5.response,trials.thisRepN,trials.thisTrialN,trials.thisN,trials.thisIndex,trials_2.thisRepN,trials_2.thisTrialN,trials_2.thisN,trials_2.thisIndex,trials_3.thisRepN,trials_3.thisTrialN,trials_3.thisN,trials_3.thisIndex,trials_4.thisRepN,trials_4.thisTrialN,trials_4.thisN,trials_4.thisIndex,trials_5.thisRepN,trials_5.thisTrialN,trials_5.thisN,trials_5.thisIndex,thisRow.t,notes,consent.started,consent.stopped,button.numClicks,button.timesOn,button.timesOff,dsr_personal.started,text.started,question.started,slider.started,dsr_personal.stopped,trials.slider.response,trials.slider.rt,dsr_experience.started,dsr_experience.stopped,trials_2.slider_2.response,instr.started,instr.stopped,key_resp.keys,key_resp.rt,key_resp.duration,encoding.started,fixation.started,study_image.started,studyword.started,fixation.stopped,study_image.stopped,studyword.stopped,encoding.stopped,test_instruction.started,key_resp_2.started,test_instruction.stopped,key_resp_2.keys,key_resp_2.rt,key_resp_2.duration,testing.started,t_word.started,slider_3.started,testing.stopped,trials_4.slider_3.response,trials_4.slider_3.rt,end.started,end.stopped,button_2.numClicks,button_2.timesOn,button_2.timesOff,brk.started,brk.stopped,key_resp_3.keys,key_resp_3.rt,key_resp_3.duration,lsas_instr.started,lsas_instr.stopped,key_resp_4.keys,key_resp_4.rt,key_resp_4.duration,lsas.started,text_2.started,text_3.started,lsas.stopped,trials_5.slider_4.response,trials_5.slider_5.response,participant,session,sex,age,date,expName,psychopyVersion,frameRate,expStart
,,,,,,,,,,,,,,,,,,,,,,,,,,,,,,,,,,,,,,,,,,,,0.0099898,5.2123957,1,[5.1850732999737374],[5.185082199983299],,,,,,,,,,,,,,,,,,,,,,,,,,,,,,,,,,,,,,,,,,,,,,,,,,,,,,,,,5,1,male,19,2024-11-18_22h48.44.243,solo project,2024.2.1post4,59.97666909,2024-11-18 22h49.20.088187 +0530
1,"I might be willing to try eating monkey meat, under some circumstances.",0,0,0,0,19.9951594,,,,,,,,,,,,,,,,0,0,0,0,,,,,,,,,,,,,,,,,5.2604447,,,,,,,5.2394482,5.2604447,5.2604447,5.2604447,25.2526017,0,19.9951594,,,,,,,,,,,,,,,,,,,,,,,,,,,,,,,,,,,,,,,,,,,,,,,,,,5,1,male,19,2024-11-18_22h48.44.243,solo project,2024.2.1post4,59.97666909,2024-11-18 22h49.20.088187 +0530
2,It would bother me to be in a science class and to see a human preserved in a jar.,1,1,0,1,16.313035,,,,,,,,,,,,,,,,0,1,1,1,,,,,,,,,,,,,,,,,25.2766575,,,,,,,25.261294,25.2766575,25.2766575,25.2766575,41.5901314,1,16.313035,,,,,,,,,,,,,,,,,,,,,,,,,,,,,,,,,,,,,,,,,,,,,,,,,,5,1,male,19,2024-11-18_22h48.44.243,solo project,2024.2.1post4,59.97666909,2024-11-18 22h49.20.088187 +0530
3,It bothers me to hear someone clear a throat full of mucous.,2,2,0,2,29.2345317,,,,,,,,,,,,,,,,0,2,2,2,,,,,,,,,,,,,,,,,41.6111357,,,,,,,41.5963498,41.6111357,41.6111357,41.6111357,70.8474903,2,29.2345317,,,,,,,,,,,,,,,,,,,,,,,,,,,,,,,,,,,,,,,,,,,,,,,,,,5,1,male,19,2024-11-18_22h48.44.243,solo project,2024.2.1post4,59.97666909,2024-11-18 22h49.20.088187 +0530
4,I never let any part of my body touch the toilet seat in public restrooms.,3,3,0,2,9.7897375,,,,,,,,,,,,,,,,0,3,3,3,,,,,,,,,,,,,,,,,70.8665574,,,,,,,70.8524511,70.8665574,70.8665574,70.8665574,80.6577496,2,9.7897375,,,,,,,,,,,,,,,,,,,,,,,,,,,,,,,,,,,,,,,,,,,,,,,,,,5,1,male,19,2024-11-18_22h48.44.243,solo project,2024.2.1post4,59.97666909,2024-11-18 22h49.20.088187 +0530
5,I would go out of my way to avoid walking through a graveyard.,4,4,0,1,30.6100229,,,,,,,,,,,,,,,,0,4,4,4,,,,,,,,,,,,,,,,,80.6761558,,,,,,,80.6621765,80.6761558,80.6761558,80.6761558,111.2877672,1,30.6100229,,,,,,,,,,,,,,,,,,,,,,,,,,,,,,,,,,,,,,,,,,,,,,,,,,5,1,male,19,2024-11-18_22h48.44.243,solo project,2024.2.1post4,59.97666909,2024-11-18 22h49.20.088187 +0530
6,Seeing a cockroach in someone else's house doesn't bother me.,5,5,0,4,11.9574922,,,,,,,,,,,,,,,,0,5,5,5,,,,,,,,,,,,,,,,,111.309068,,,,,,,111.2951176,111.309068,111.309068,111.309068,123.2679407,4,11.9574922,,,,,,,,,,,,,,,,,,,,,,,,,,,,,,,,,,,,,,,,,,,,,,,,,,5,1,male,19,2024-11-18_22h48.44.243,solo project,2024.2.1post4,59.97666909,2024-11-18 22h49.20.088187 +0530
7,It would bother me tremendously to touch a dead body.,6,6,0,0,10.6536506,,,,,,,,,,,,,,,,0,6,6,6,,,,,,,,,,,,,,,,,123.2891971,,,,,,,123.2725886,123.2891971,123.2891971,123.2891971,133.941949,0,10.6536506,,,,,,,,,,,,,,,,,,,,,,,,,,,,,,,,,,,,,,,,,,,,,,,,,,5,1,male,19,2024-11-18_22h48.44.243,solo project,2024.2.1post4,59.97666909,2024-11-18 22h49.20.088187 +0530
8,"If I see someone vomit, it makes me sick to my stomach.",7,7,0,3,35.0808648,,,,,,,,,,,,,,,,0,7,7,7,,,,,,,,,,,,,,,,,133.9605428,,,,,,,133.9463518,133.9605428,133.9605428,133.9605428,169.0454644,3,35.0808648,,,,,,,,,,,,,,,,,,,,,,,,,,,,,,,,,,,,,,,,,,,,,,,,,,5,1,male,19,2024-11-18_22h48.44.243,solo project,2024.2.1post4,59.97666909,2024-11-18 22h49.20.088187 +0530
9,I probably would not go to my favorite restaurant if I found out that the cook had a cold.,8,8,0,2,11.1285761,,,,,,,,,,,,,,,,0,8,8,8,,,,,,,,,,,,,,,,,169.0661141,,,,,,,169.0511481,169.0661141,169.0661141,169.0661141,180.1953485,2,11.1285761,,,,,,,,,,,,,,,,,,,,,,,,,,,,,,,,,,,,,,,,,,,,,,,,,,5,1,male,19,2024-11-18_22h48.44.243,solo project,2024.2.1post4,59.97666909,2024-11-18 22h49.20.088187 +0530
10,It would not upset me at all to watch a person with a glass eye take the eye out of the socket.,9,9,0,2,39.4700584,,,,,,,,,,,,,,,,0,9,9,9,,,,,,,,,,,,,,,,,180.2143209,,,,,,,180.2004516,180.2143209,180.2143209,180.2143209,219.686976,2,39.4700584,,,,,,,,,,,,,,,,,,,,,,,,,,,,,,,,,,,,,,,,,,,,,,,,,,5,1,male,19,2024-11-18_22h48.44.243,solo project,2024.2.1post4,59.97666909,2024-11-18 22h49.20.088187 +0530
11,It would bother me to see a rat run across my path in a park.,10,10,0,0,6.4453148,,,,,,,,,,,,,,,,0,10,10,10,,,,,,,,,,,,,,,,,219.7081497,,,,,,,219.6919373,219.7081497,219.7081497,219.7081497,226.1537235,0,6.4453148,,,,,,,,,,,,,,,,,,,,,,,,,,,,,,,,,,,,,,,,,,,,,,,,,,5,1,male,19,2024-11-18_22h48.44.243,solo project,2024.2.1post4,59.97666909,2024-11-18 22h49.20.088187 +0530
12,I would rather eat a piece of fruit than a piece of paper.,11,11,0,2,3.7557092,,,,,,,,,,,,,,,,0,11,11,11,,,,,,,,,,,,,,,,,226.1707437,,,,,,,226.157831,226.1707437,226.1707437,226.1707437,229.9294774,2,3.7557092,,,,,,,,,,,,,,,,,,,,,,,,,,,,,,,,,,,,,,,,,,,,,,,,,,5,1,male,19,2024-11-18_22h48.44.243,solo project,2024.2.1post4,59.97666909,2024-11-18 22h49.20.088187 +0530
13,"Even if I was hungry, I would not drink a bowl of my favorite soup if It had been stirred by a used but thoroughly washed flyswatter.",12,12,0,4,56.2759055,,,,,,,,,,,,,,,,0,12,12,12,,,,,,,,,,,,,,,,,229.9540772,,,,,,,229.9389634,229.9540772,229.9540772,229.9540772,286.2310346,4,56.2759055,,,,,,,,,,,,,,,,,,,,,,,,,,,,,,,,,,,,,,,,,,,,,,,,,,5,1,male,19,2024-11-18_22h48.44.243,solo project,2024.2.1post4,59.97666909,2024-11-18 22h49.20.088187 +0530
14,It would bother me to sleep in a nice hotel room if I knew that a man had died of a heart attack in that room the night before.,13,13,0,3,17.836483,,,,,,,,,,,,,,,,0,13,13,13,,,,,,,,,,,,,,,,,286.2499866,,,,,,,286.2369836,286.2499866,286.2499866,286.2499866,304.0896262,3,17.836483,,,,,,,,,,,,,,,,,,,,,,,,,,,,,,,,,,,,,,,,,,,,,,,,,,5,1,male,19,2024-11-18_22h48.44.243,solo project,2024.2.1post4,59.97666909,2024-11-18 22h49.20.088187 +0530
,,0,0,0,,,15,You see maggots on a piece of meat in an outdoor or garbage pail.,3,,,,,,,,,,,,,,,,,0,0,0,0,,,,,,,,,,,,,304.1243253,,,,,,,,,,,,,,304.1040675,313.7588941,3,,,,,,,,,,,,,,,,,,,,,,,,,,,,,,,,,,,,,,,,,,,,,,,5,1,male,19,2024-11-18_22h48.44.243,solo project,2024.2.1post4,59.97666909,2024-11-18 22h49.20.088187 +0530
,,1,1,0,,,16,You see person eating apple with a knife and fork.,2,,,,,,,,,,,,,,,,,0,1,1,1,,,,,,,,,,,,,313.7788722,,,,,,,,,,,,,,313.7636564,317.4142656,2,,,,,,,,,,,,,,,,,,,,,,,,,,,,,,,,,,,,,,,,,,,,,,,5,1,male,19,2024-11-18_22h48.44.243,solo project,2024.2.1post4,59.97666909,2024-11-18 22h49.20.088187 +0530
,,2,2,0,,,17,"While you are walking through a tunner under a railroad track, you smell urine.",0,,,,,,,,,,,,,,,,,0,2,2,2,,,,,,,,,,,,,317.4332632,,,,,,,,,,,,,,317.4204529,328.6975551,0,,,,,,,,,,,,,,,,,,,,,,,,,,,,,,,,,,,,,,,,,,,,,,,5,1,male,19,2024-11-18_22h48.44.243,solo project,2024.2.1post4,59.97666909,2024-11-18 22h49.20.088187 +0530
,,3,3,0,,,18,"You take a sip of soda, an then realize that you drank from the glass that an acquaintance of yours had been drinking from.",3,,,,,,,,,,,,,,,,,0,3,3,3,,,,,,,,,,,,,328.7234554,,,,,,,,,,,,,,328.708192,360.786881,3,,,,,,,,,,,,,,,,,,,,,,,,,,,,,,,,,,,,,,,,,,,,,,,5,1,male,19,2024-11-18_22h48.44.243,solo project,2024.2.1post4,59.97666909,2024-11-18 22h49.20.088187 +0530
,,4,4,0,,,19,"Your friend's pet cat dies, and you have to pick up the dead body with your bare hands.",3,,,,,,,,,,,,,,,,,0,4,4,4,,,,,,,,,,,,,360.80916,,,,,,,,,,,,,,360.7931563,387.8427573,3,,,,,,,,,,,,,,,,,,,,,,,,,,,,,,,,,,,,,,,,,,,,,,,5,1,male,19,2024-11-18_22h48.44.243,solo project,2024.2.1post4,59.97666909,2024-11-18 22h49.20.088187 +0530
,,5,5,0,,,20,You see someone put ketchup on vanilla ice cream and eat it.,4,,,,,,,,,,,,,,,,,0,5,5,5,,,,,,,,,,,,,387.8643146,,,,,,,,,,,,,,387.8475152,398.9724745,4,,,,,,,,,,,,,,,,,,,,,,,,,,,,,,,,,,,,,,,,,,,,,,,5,1,male,19,2024-11-18_22h48.44.243,solo project,2024.2.1post4,59.97666909,2024-11-18 22h49.20.088187 +0530
,,6,6,0,,,21,You see a man with his intestines exposed after an accident.,4,,,,,,,,,,,,,,,,,0,6,6,6,,,,,,,,,,,,,398.9904273,,,,,,,,,,,,,,398.9778142,404.1848127,4,,,,,,,,,,,,,,,,,,,,,,,,,,,,,,,,,,,,,,,,,,,,,,,5,1,male,19,2024-11-18_22h48.44.243,solo project,2024.2.1post4,59.97666909,2024-11-18 22h49.20.088187 +0530
,,7,7,0,,,22,You discover that a friend of yours changes underwear only once a week.,4,,,,,,,,,,,,,,,,,0,7,7,7,,,,,,,,,,,,,404.2048093,,,,,,,,,,,,,,404.1899763,412.415983,4,,,,,,,,,,,,,,,,,,,,,,,,,,,,,,,,,,,,,,,,,,,,,,,5,1,male,19,2024-11-18_22h48.44.243,solo project,2024.2.1post4,59.97666909,2024-11-18 22h49.20.088187 +0530
,,8,8,0,,,23,A friend offers you a piece of chocolate shaped like dog-doo.,4,,,,,,,,,,,,,,,,,0,8,8,8,,,,,,,,,,,,,412.4370606,,,,,,,,,,,,,,412.4228478,418.6187784,4,,,,,,,,,,,,,,,,,,,,,,,,,,,,,,,,,,,,,,,,,,,,,,,5,1,male,19,2024-11-18_22h48.44.243,solo project,2024.2.1post4,59.97666909,2024-11-18 22h49.20.088187 +0530
,,9,9,0,,,24,You accidentally touch the ashes of a person who has been cremated.,4,,,,,,,,,,,,,,,,,0,9,9,9,,,,,,,,,,,,,418.6369114,,,,,,,,,,,,,,418.6234504,425.1329169,4,,,,,,,,,,,,,,,,,,,,,,,,,,,,,,,,,,,,,,,,,,,,,,,5,1,male,19,2024-11-18_22h48.44.243,solo project,2024.2.1post4,59.97666909,2024-11-18 22h49.20.088187 +0530
,,10,10,0,,,25,You are about to drink a glass of milk when you smell that it is spoiled.,3,,,,,,,,,,,,,,,,,0,10,10,10,,,,,,,,,,,,,425.1529678,,,,,,,,,,,,,,425.1376043,431.310012,3,,,,,,,,,,,,,,,,,,,,,,,,,,,,,,,,,,,,,,,,,,,,,,,5,1,male,19,2024-11-18_22h48.44.243,solo project,2024.2.1post4,59.97666909,2024-11-18 22h49.20.088187 +0530
,,11,11,0,,,26,"As a part of a sex education class, you are required to inflate a new unlubricated condom using your mouth.",3,,,,,,,,,,,,,,,,,0,11,11,11,,,,,,,,,,,,,431.331142,,,,,,,,,,,,,,431.3167641,438.9409697,3,,,,,,,,,,,,,,,,,,,,,,,,,,,,,,,,,,,,,,,,,,,,,,,5,1,male,19,2024-11-18_22h48.44.243,solo project,2024.2.1post4,59.97666909,2024-11-18 22h49.20.088187 +0530
,,12,12,0,,,27,"You are walking barefoot on concrete, and you step on an earthworm.",2,,,,,,,,,,,,,,,,,0,12,12,12,,,,,,,,,,,,,438.959226,,,,,,,,,,,,,,438.9458365,446.4085549,2,,,,,,,,,,,,,,,,,,,,,,,,,,,,,,,,,,,,,,,,,,,,,,,5,1,male,19,2024-11-18_22h48.44.243,solo project,2024.2.1post4,59.97666909,2024-11-18 22h49.20.088187 +0530
,,,,,,,,,,,,,,,,,,,,,,,,,,,,,,,,,,,,,,,,,,,,,,,,,,,,,,,,,,,446.4087438,457.4132398,space,10.990353,None,,,,,,,,,,,,,,,,,,,,,,,,,,,,,,,,,,,,,,,,,,5,1,male,19,2024-11-18_22h48.44.243,solo project,2024.2.1post4,59.97666909,2024-11-18 22h49.20.088187 +0530
,,0,0,0,,,,,,images/1146_body products neutral_lum.jpg,neutral,body product,reptile,,,,,,,,,,,,,,,,,0,0,0,22,,,,,,,,,457.4540623,,,,,,,,,,,,,,,,,,,,,,457.4480047,457.4540623,458.4290226,458.4290226,458.4623354,460.4356973,460.4356973,460.4128691,,,,,,,,,,,,,,,,,,,,,,,,,,,,,,,,,,5,1,male,19,2024-11-18_22h48.44.243,solo project,2024.2.1post4,59.97666909,2024-11-18 22h49.20.088187 +0530
,,1,1,0,,,,,,images/1153_injuries_infections_lum.jpg,disgust,injury/infection,elevator,,,,,,,,,,,,,,,,,0,1,1,9,,,,,,,,,460.4356973,,,,,,,,,,,,,,,,,,,,,,460.4319809,460.4356973,461.4123927,461.4123927,461.4458753,463.4194534,463.4194534,463.3965753,,,,,,,,,,,,,,,,,,,,,,,,,,,,,,,,,,5,1,male,19,2024-11-18_22h48.44.243,solo project,2024.2.1post4,59.97666909,2024-11-18 22h49.20.088187 +0530
,,2,2,0,,,,,,images/1143_body products neutral_lum.jpg,neutral,body product,invest,,,,,,,,,,,,,,,,,0,2,2,21,,,,,,,,,463.4194534,,,,,,,,,,,,,,,,,,,,,,463.4155975,463.4194534,464.4292346,464.4292346,464.4292346,466.4349688,466.4349688,466.4126739,,,,,,,,,,,,,,,,,,,,,,,,,,,,,,,,,,5,1,male,19,2024-11-18_22h48.44.243,solo project,2024.2.1post4,59.97666909,2024-11-18 22h49.20.088187 +0530
,,3,3,0,,,,,,images/1013_food_lum.jpg,disgust,food,stiff,,,,,,,,,,,,,,,,,0,3,3,1,,,,,,,,,466.4349688,,,,,,,,,,,,,,,,,,,,,,466.4309338,466.4349688,467.4285353,467.4285353,467.4458992,469.4362753,469.4362753,469.4130728,,,,,,,,,,,,,,,,,,,,,,,,,,,,,,,,,,5,1,male,19,2024-11-18_22h48.44.243,solo project,2024.2.1post4,59.97666909,2024-11-18 22h49.20.088187 +0530
,,4,4,0,,,,,,images/1291_hygiene neutral_lum.jpg,neutral,hygeine,hard,,,,,,,,,,,,,,,,,0,4,4,28,,,,,,,,,469.4362753,,,,,,,,,,,,,,,,,,,,,,469.4323853,469.4362753,470.4288102,470.4288102,470.44511,472.4346722,472.4346722,472.4124936,,,,,,,,,,,,,,,,,,,,,,,,,,,,,,,,,,5,1,male,19,2024-11-18_22h48.44.243,solo project,2024.2.1post4,59.97666909,2024-11-18 22h49.20.088187 +0530
,,5,5,0,,,,,,images/1299_hygiene neutral_lum.jpg,neutral,hygeine,rancid,,,,,,,,,,,,,,,,,0,5,5,29,,,,,,,,,472.4346722,,,,,,,,,,,,,,,,,,,,,,472.4306507,472.4346722,473.4285378,473.4285378,473.4456762,475.4348636,475.4348636,475.4125565,,,,,,,,,,,,,,,,,,,,,,,,,,,,,,,,,,5,1,male,19,2024-11-18_22h48.44.243,solo project,2024.2.1post4,59.97666909,2024-11-18 22h49.20.088187 +0530
,,6,6,0,,,,,,images/1200_injuries_infections neutral_lum.jpg,neutral,injury/infection,village,,,,,,,,,,,,,,,,,0,6,6,25,,,,,,,,,475.4348636,,,,,,,,,,,,,,,,,,,,,,475.431064,475.4348636,476.4289307,476.4289307,476.4453754,478.4352573,478.4352573,478.4126105,,,,,,,,,,,,,,,,,,,,,,,,,,,,,,,,,,5,1,male,19,2024-11-18_22h48.44.243,solo project,2024.2.1post4,59.97666909,2024-11-18 22h49.20.088187 +0530
,,7,7,0,,,,,,images/1165_injuries_infections_lum.jpg,disgust,injury/infection,glacier,,,,,,,,,,,,,,,,,0,7,7,10,,,,,,,,,478.4352573,,,,,,,,,,,,,,,,,,,,,,478.4300536,478.4352573,479.4287289,479.4287289,479.4450423,481.4351991,481.4351991,481.4124614,,,,,,,,,,,,,,,,,,,,,,,,,,,,,,,,,,5,1,male,19,2024-11-18_22h48.44.243,solo project,2024.2.1post4,59.97666909,2024-11-18 22h49.20.088187 +0530
,,8,8,0,,,,,,images/1223_death_lum.jpg,disgust,death,mischief,,,,,,,,,,,,,,,,,0,8,8,12,,,,,,,,,481.4351991,,,,,,,,,,,,,,,,,,,,,,481.431082,481.4351991,482.4284606,482.4284606,482.4455525,484.4355582,484.4355582,484.4124912,,,,,,,,,,,,,,,,,,,,,,,,,,,,,,,,,,5,1,male,19,2024-11-18_22h48.44.243,solo project,2024.2.1post4,59.97666909,2024-11-18 22h49.20.088187 +0530
,,9,9,0,,,,,,images/1049_food_neutral_lum.jpg,neutral,food,privacy,,,,,,,,,,,,,,,,,0,9,9,17,,,,,,,,,484.4355582,,,,,,,,,,,,,,,,,,,,,,484.4315363,484.4355582,485.4284598,485.4284598,485.4450658,487.4352907,487.4352907,487.4127424,,,,,,,,,,,,,,,,,,,,,,,,,,,,,,,,,,5,1,male,19,2024-11-18_22h48.44.243,solo project,2024.2.1post4,59.97666909,2024-11-18 22h49.20.088187 +0530
,,10,10,0,,,,,,images/1032_food_lum.jpg,disgust,food,rattle,,,,,,,,,,,,,,,,,0,10,10,2,,,,,,,,,487.4352907,,,,,,,,,,,,,,,,,,,,,,487.429411,487.4352907,488.4287294,488.4287294,488.4451324,490.4342225,490.4342225,490.4123392,,,,,,,,,,,,,,,,,,,,,,,,,,,,,,,,,,5,1,male,19,2024-11-18_22h48.44.243,solo project,2024.2.1post4,59.97666909,2024-11-18 22h49.20.088187 +0530
,,11,11,0,,,,,,images/1062_animals_lum.jpg,disgust,animal,ennui,,,,,,,,,,,,,,,,,0,11,11,4,,,,,,,,,490.4342225,,,,,,,,,,,,,,,,,,,,,,490.430306,490.4342225,491.4290723,491.4290723,491.4452554,493.4344388,493.4344388,493.4127465,,,,,,,,,,,,,,,,,,,,,,,,,,,,,,,,,,5,1,male,19,2024-11-18_22h48.44.243,solo project,2024.2.1post4,59.97666909,2024-11-18 22h49.20.088187 +0530
,,12,12,0,,,,,,images/1192_injuries_infections neutral_lum.jpg,neutral,injury/infection,stove,,,,,,,,,,,,,,,,,0,12,12,24,,,,,,,,,493.4344388,,,,,,,,,,,,,,,,,,,,,,493.4289633,493.4344388,494.4289497,494.4289497,494.4453425,496.4353484,496.4353484,496.4127216,,,,,,,,,,,,,,,,,,,,,,,,,,,,,,,,,,5,1,male,19,2024-11-18_22h48.44.243,solo project,2024.2.1post4,59.97666909,2024-11-18 22h49.20.088187 +0530
,,13,13,0,,,,,,images/1093_animals_neutral_lum.jpg,neutral,animal,lighthouse,,,,,,,,,,,,,,,,,0,13,13,18,,,,,,,,,496.4353484,,,,,,,,,,,,,,,,,,,,,,496.4297656,496.4353484,497.4285081,497.4285081,497.4452191,499.4353526,499.4353526,499.4124708,,,,,,,,,,,,,,,,,,,,,,,,,,,,,,,,,,5,1,male,19,2024-11-18_22h48.44.243,solo project,2024.2.1post4,59.97666909,2024-11-18 22h49.20.088187 +0530
,,14,14,0,,,,,,images/1054_animals_lum.jpg,disgust,animal,serious,,,,,,,,,,,,,,,,,0,14,14,3,,,,,,,,,499.4353526,,,,,,,,,,,,,,,,,,,,,,499.4294618,499.4353526,500.4283751,500.4283751,500.4453176,502.4377147,502.4377147,502.4125712,,,,,,,,,,,,,,,,,,,,,,,,,,,,,,,,,,5,1,male,19,2024-11-18_22h48.44.243,solo project,2024.2.1post4,59.97666909,2024-11-18 22h49.20.088187 +0530
,,15,15,0,,,,,,images/1104_body products_lum.jpg,disgust,body product,material,,,,,,,,,,,,,,,,,0,15,15,6,,,,,,,,,502.4377147,,,,,,,,,,,,,,,,,,,,,,502.4319079,502.4377147,503.4280313,503.4280313,503.4457365,505.4366271,505.4366271,505.4125388,,,,,,,,,,,,,,,,,,,,,,,,,,,,,,,,,,5,1,male,19,2024-11-18_22h48.44.243,solo project,2024.2.1post4,59.97666909,2024-11-18 22h49.20.088187 +0530
,,16,16,0,,,,,,images/1271_hygiene_lum.jpg,disgust,hygeine,limber,,,,,,,,,,,,,,,,,0,16,16,14,,,,,,,,,505.4366271,,,,,,,,,,,,,,,,,,,,,,505.4326454,505.4366271,506.4286734,506.4286734,506.4449997,508.4334159,508.4334159,508.4119847,,,,,,,,,,,,,,,,,,,,,,,,,,,,,,,,,,5,1,male,19,2024-11-18_22h48.44.243,solo project,2024.2.1post4,59.97666909,2024-11-18 22h49.20.088187 +0530
,,17,17,0,,,,,,images/1100_animals_neutral_lum.jpg,neutral,animal,nursery,,,,,,,,,,,,,,,,,0,17,17,20,,,,,,,,,508.4334159,,,,,,,,,,,,,,,,,,,,,,508.4280207,508.4334159,509.4284931,509.4284931,509.4453483,511.4343207,511.4343207,511.412224,,,,,,,,,,,,,,,,,,,,,,,,,,,,,,,,,,5,1,male,19,2024-11-18_22h48.44.243,solo project,2024.2.1post4,59.97666909,2024-11-18 22h49.20.088187 +0530
,,18,18,0,,,,,,images/1149_body products neutral_lum.jpg,neutral,body product,skeptical,,,,,,,,,,,,,,,,,0,18,18,23,,,,,,,,,511.4343207,,,,,,,,,,,,,,,,,,,,,,511.4304104,511.4343207,512.4285138,512.4285138,512.4448717,514.4362,514.4362,514.4122741,,,,,,,,,,,,,,,,,,,,,,,,,,,,,,,,,,5,1,male,19,2024-11-18_22h48.44.243,solo project,2024.2.1post4,59.97666909,2024-11-18 22h49.20.088187 +0530
,,19,19,0,,,,,,images/1001_food_lum.jpg,disgust,food,radiator,,,,,,,,,,,,,,,,,0,19,19,0,,,,,,,,,514.4362,,,,,,,,,,,,,,,,,,,,,,514.4307918,514.4362,515.4280524,515.4280524,515.4448706,517.435828,517.435828,517.4122443,,,,,,,,,,,,,,,,,,,,,,,,,,,,,,,,,,5,1,male,19,2024-11-18_22h48.44.243,solo project,2024.2.1post4,59.97666909,2024-11-18 22h49.20.088187 +0530
,,20,20,0,,,,,,images/1250_death neutral_lum.jpg,neutral,death,neurotic,,,,,,,,,,,,,,,,,0,20,20,27,,,,,,,,,517.435828,,,,,,,,,,,,,,,,,,,,,,517.4303487,517.435828,518.4278004,518.4278004,518.4446556,520.4343308,520.4343308,520.4122922,,,,,,,,,,,,,,,,,,,,,,,,,,,,,,,,,,5,1,male,19,2024-11-18_22h48.44.243,solo project,2024.2.1post4,59.97666909,2024-11-18 22h49.20.088187 +0530
,,21,21,0,,,,,,images/1247_death neutral_lum.jpg,neutral,death,wine,,,,,,,,,,,,,,,,,0,21,21,26,,,,,,,,,520.4343308,,,,,,,,,,,,,,,,,,,,,,520.430417,520.4343308,521.4283489,521.4283489,521.4444868,523.4358983,523.4358983,523.4121783,,,,,,,,,,,,,,,,,,,,,,,,,,,,,,,,,,5,1,male,19,2024-11-18_22h48.44.243,solo project,2024.2.1post4,59.97666909,2024-11-18 22h49.20.088187 +0530
,,22,22,0,,,,,,images/1118_body products_lum.jpg,disgust,body product,reverent,,,,,,,,,,,,,,,,,0,22,22,8,,,,,,,,,523.4358983,,,,,,,,,,,,,,,,,,,,,,523.430215,523.4358983,524.4284016,524.4284016,524.4448272,526.4373432,526.4373432,526.4124842,,,,,,,,,,,,,,,,,,,,,,,,,,,,,,,,,,5,1,male,19,2024-11-18_22h48.44.243,solo project,2024.2.1post4,59.97666909,2024-11-18 22h49.20.088187 +0530
,,23,23,0,,,,,,images/1202_death_lum.jpg,disgust,death,lantern,,,,,,,,,,,,,,,,,0,23,23,11,,,,,,,,,526.4373432,,,,,,,,,,,,,,,,,,,,,,526.431624,526.4373432,527.4279194,527.4279194,527.4446087,529.4346339,529.4346339,529.4121251,,,,,,,,,,,,,,,,,,,,,,,,,,,,,,,,,,5,1,male,19,2024-11-18_22h48.44.243,solo project,2024.2.1post4,59.97666909,2024-11-18 22h49.20.088187 +0530
,,24,24,0,,,,,,images/1044_food_neutral_lum.jpg,neutral,food,custom,,,,,,,,,,,,,,,,,0,24,24,16,,,,,,,,,529.4346339,,,,,,,,,,,,,,,,,,,,,,529.4290021,529.4346339,530.428429,530.428429,530.44467,532.4350703,532.4350703,532.4123504,,,,,,,,,,,,,,,,,,,,,,,,,,,,,,,,,,5,1,male,19,2024-11-18_22h48.44.243,solo project,2024.2.1post4,59.97666909,2024-11-18 22h49.20.088187 +0530
,,25,25,0,,,,,,images/1099_animals_neutral_lum.jpg,neutral,animal,coast,,,,,,,,,,,,,,,,,0,25,25,19,,,,,,,,,532.4350703,,,,,,,,,,,,,,,,,,,,,,532.4291778,532.4350703,533.4280841,533.4280841,533.444795,535.4358214,535.4358214,535.4118489,,,,,,,,,,,,,,,,,,,,,,,,,,,,,,,,,,5,1,male,19,2024-11-18_22h48.44.243,solo project,2024.2.1post4,59.97666909,2024-11-18 22h49.20.088187 +0530
,,26,26,0,,,,,,images/1253_hygiene_lum.jpg,disgust,hygeine,manner,,,,,,,,,,,,,,,,,0,26,26,13,,,,,,,,,535.4358214,,,,,,,,,,,,,,,,,,,,,,535.4299905,535.4358214,536.4279841,536.4279841,536.4447748,538.4345464,538.4345464,538.4116807,,,,,,,,,,,,,,,,,,,,,,,,,,,,,,,,,,5,1,male,19,2024-11-18_22h48.44.243,solo project,2024.2.1post4,59.97666909,2024-11-18 22h49.20.088187 +0530
,,27,27,0,,,,,,images/1107_body products_lum.jpg,disgust,body product,passage,,,,,,,,,,,,,,,,,0,27,27,7,,,,,,,,,538.4345464,,,,,,,,,,,,,,,,,,,,,,538.4289551,538.4345464,539.4277269,539.4277269,539.4444253,541.4354923,541.4354923,541.4120115,,,,,,,,,,,,,,,,,,,,,,,,,,,,,,,,,,5,1,male,19,2024-11-18_22h48.44.243,solo project,2024.2.1post4,59.97666909,2024-11-18 22h49.20.088187 +0530
,,28,28,0,,,,,,images/1041_food_neutral_lum.jpg,neutral,food,trumpet,,,,,,,,,,,,,,,,,0,28,28,15,,,,,,,,,541.4354923,,,,,,,,,,,,,,,,,,,,,,541.4297748,541.4354923,542.4277764,542.4277764,542.4448085,544.436333,544.436333,544.4118432,,,,,,,,,,,,,,,,,,,,,,,,,,,,,,,,,,5,1,male,19,2024-11-18_22h48.44.243,solo project,2024.2.1post4,59.97666909,2024-11-18 22h49.20.088187 +0530
,,29,29,0,,,,,,images/1073_animals_lum.jpg,disgust,animal,journal,,,,,,,,,,,,,,,,,0,29,29,5,,,,,,,,,544.436333,,,,,,,,,,,,,,,,,,,,,,544.4305686,544.436333,545.4280032,545.4280032,545.4453025,547.4273275,547.4273275,547.4118228,,,,,,,,,,,,,,,,,,,,,,,,,,,,,,,,,,5,1,male,19,2024-11-18_22h48.44.243,solo project,2024.2.1post4,59.97666909,2024-11-18 22h49.20.088187 +0530
,,,,,,,,,,,,,,,,,,,,,,,,,,,,,,,,,,,,,,,,,,,,,,,,,,,,,,,,,,,,,,,,,,,,,,,,547.4119259,2.0145487,566.0947522,space,16.662278,None,,,,,,,,,,,,,,,,,,,,,,,,,,,,5,1,male,19,2024-11-18_22h48.44.243,solo project,2024.2.1post4,59.97666909,2024-11-18 22h49.20.088187 +0530
,,0,0,0,,,,,,,,,,storm,new,2,6.131395,,,,,,,,,,,,,,,,,0,0,0,52,,,,,566.1336007,,,,,,,,,,,,,,,,,,,,,,,,,,,,,,,,,,,,566.1188232,566.1336007,566.1336007,572.2658915,2,6.131395,,,,,,,,,,,,,,,,,,,,,,5,1,male,19,2024-11-18_22h48.44.243,solo project,2024.2.1post4,59.97666909,2024-11-18 22h49.20.088187 +0530
,,1,1,0,,,,,,,,,,watch,new,2,2.8079089,,,,,,,,,,,,,,,,,0,1,1,58,,,,,572.28558,,,,,,,,,,,,,,,,,,,,,,,,,,,,,,,,,,,,572.2756062,572.28558,572.28558,575.0989795,2,2.8079089,,,,,,,,,,,,,,,,,,,,,,5,1,male,19,2024-11-18_22h48.44.243,solo project,2024.2.1post4,59.97666909,2024-11-18 22h49.20.088187 +0530
,,2,2,0,,,,,,,,,,ennui,old,2,1.3256057,,,,,,,,,,,,,,,,,0,2,2,3,,,,,575.117438,,,,,,,,,,,,,,,,,,,,,,,,,,,,,,,,,,,,575.1080482,575.117438,575.117438,576.4487233,2,1.3256057,,,,,,,,,,,,,,,,,,,,,,5,1,male,19,2024-11-18_22h48.44.243,solo project,2024.2.1post4,59.97666909,2024-11-18 22h49.20.088187 +0530
,,3,3,0,,,,,,,,,,hand,new,2,1.72883,,,,,,,,,,,,,,,,,0,3,3,35,,,,,576.4660137,,,,,,,,,,,,,,,,,,,,,,,,,,,,,,,,,,,,576.454689,576.4660137,576.4660137,578.1989782,2,1.72883,,,,,,,,,,,,,,,,,,,,,,5,1,male,19,2024-11-18_22h48.44.243,solo project,2024.2.1post4,59.97666909,2024-11-18 22h49.20.088187 +0530
,,4,4,0,,,,,,,,,,nursery,old,2,11.244508,,,,,,,,,,,,,,,,,0,4,4,15,,,,,578.214928,,,,,,,,,,,,,,,,,,,,,,,,,,,,,,,,,,,,578.2054619,578.214928,578.214928,589.4652844,2,11.244508,,,,,,,,,,,,,,,,,,,,,,5,1,male,19,2024-11-18_22h48.44.243,solo project,2024.2.1post4,59.97666909,2024-11-18 22h49.20.088187 +0530
,,5,5,0,,,,,,,,,,contents,new,2,4.6128754,,,,,,,,,,,,,,,,,0,5,5,32,,,,,589.4807618,,,,,,,,,,,,,,,,,,,,,,,,,,,,,,,,,,,,589.4695859,589.4807618,589.4807618,594.0991744,2,4.6128754,,,,,,,,,,,,,,,,,,,,,,5,1,male,19,2024-11-18_22h48.44.243,solo project,2024.2.1post4,59.97666909,2024-11-18 22h49.20.088187 +0530
,,6,6,0,,,,,,,,,,coast,old,2,2.8975112,,,,,,,,,,,,,,,,,0,6,6,0,,,,,594.114042,,,,,,,,,,,,,,,,,,,,,,,,,,,,,,,,,,,,594.1023206,594.114042,594.114042,597.0159581,2,2.8975112,,,,,,,,,,,,,,,,,,,,,,5,1,male,19,2024-11-18_22h48.44.243,solo project,2024.2.1post4,59.97666909,2024-11-18 22h49.20.088187 +0530
,,7,7,0,,,,,,,,,,hawk,new,2,2.0114921,,,,,,,,,,,,,,,,,0,7,7,36,,,,,597.0307933,,,,,,,,,,,,,,,,,,,,,,,,,,,,,,,,,,,,597.0210616,597.0307933,597.0307933,599.0487593,2,2.0114921,,,,,,,,,,,,,,,,,,,,,,5,1,male,19,2024-11-18_22h48.44.243,solo project,2024.2.1post4,59.97666909,2024-11-18 22h49.20.088187 +0530
,,8,8,0,,,,,,,,,,passage,old,1,6.043277,,,,,,,,,,,,,,,,,0,8,8,16,,,,,599.0658673,,,,,,,,,,,,,,,,,,,,,,,,,,,,,,,,,,,,599.0561861,599.0658673,599.0658673,605.1153449,1,6.043277,,,,,,,,,,,,,,,,,,,,,,5,1,male,19,2024-11-18_22h48.44.243,solo project,2024.2.1post4,59.97666909,2024-11-18 22h49.20.088187 +0530
,,9,9,0,,,,,,,,,,manner,old,1,3.5801008,,,,,,,,,,,,,,,,,0,9,9,11,,,,,605.1303895,,,,,,,,,,,,,,,,,,,,,,,,,,,,,,,,,,,,605.1199226,605.1303895,605.1303895,608.7150783,1,3.5801008,,,,,,,,,,,,,,,,,,,,,,5,1,male,19,2024-11-18_22h48.44.243,solo project,2024.2.1post4,59.97666909,2024-11-18 22h49.20.088187 +0530
,,10,10,0,,,,,,,,,,lantern,old,1,4.2286237,,,,,,,,,,,,,,,,,0,10,10,8,,,,,608.7303688,,,,,,,,,,,,,,,,,,,,,,,,,,,,,,,,,,,,608.7208126,608.7303688,608.7303688,612.9658276,1,4.2286237,,,,,,,,,,,,,,,,,,,,,,5,1,male,19,2024-11-18_22h48.44.243,solo project,2024.2.1post4,59.97666909,2024-11-18 22h49.20.088187 +0530
,,11,11,0,,,,,,,,,,whistle,new,2,2.7292756,,,,,,,,,,,,,,,,,0,11,11,59,,,,,612.9803196,,,,,,,,,,,,,,,,,,,,,,,,,,,,,,,,,,,,612.9695874,612.9803196,612.9803196,615.7154654,2,2.7292756,,,,,,,,,,,,,,,,,,,,,,5,1,male,19,2024-11-18_22h48.44.243,solo project,2024.2.1post4,59.97666909,2024-11-18 22h49.20.088187 +0530
,,12,12,0,,,,,,,,,,hard,old,2,2.8819165,,,,,,,,,,,,,,,,,0,12,12,5,,,,,615.7306463,,,,,,,,,,,,,,,,,,,,,,,,,,,,,,,,,,,,615.7184887,615.7306463,615.7306463,618.6148491,2,2.8819165,,,,,,,,,,,,,,,,,,,,,,5,1,male,19,2024-11-18_22h48.44.243,solo project,2024.2.1post4,59.97666909,2024-11-18 22h49.20.088187 +0530
,,13,13,0,,,,,,,,,,repentant,new,2,4.648064,,,,,,,,,,,,,,,,,0,13,13,45,,,,,618.630538,,,,,,,,,,,,,,,,,,,,,,,,,,,,,,,,,,,,618.6186661,618.630538,618.630538,623.281778,2,4.648064,,,,,,,,,,,,,,,,,,,,,,5,1,male,19,2024-11-18_22h48.44.243,solo project,2024.2.1post4,59.97666909,2024-11-18 22h49.20.088187 +0530
,,14,14,0,,,,,,,,,,rattle,old,1,3.7485108,,,,,,,,,,,,,,,,,0,14,14,20,,,,,623.2970911,,,,,,,,,,,,,,,,,,,,,,,,,,,,,,,,,,,,623.2852661,623.2970911,623.2970911,627.0479829,1,3.7485108,,,,,,,,,,,,,,,,,,,,,,5,1,male,19,2024-11-18_22h48.44.243,solo project,2024.2.1post4,59.97666909,2024-11-18 22h49.20.088187 +0530
,,15,15,0,,,,,,,,,,invest,old,2,13.9294424,,,,,,,,,,,,,,,,,0,15,15,6,,,,,627.0632078,,,,,,,,,,,,,,,,,,,,,,,,,,,,,,,,,,,,627.0531886,627.0632078,627.0632078,640.9977325,2,13.9294424,,,,,,,,,,,,,,,,,,,,,,5,1,male,19,2024-11-18_22h48.44.243,solo project,2024.2.1post4,59.97666909,2024-11-18 22h49.20.088187 +0530
,,16,16,0,,,,,,,,,,trunk,new,2,4.7483205,,,,,,,,,,,,,,,,,0,16,16,57,,,,,641.0135457,,,,,,,,,,,,,,,,,,,,,,,,,,,,,,,,,,,,641.0008949,641.0135457,641.0135457,645.7645495,2,4.7483205,,,,,,,,,,,,,,,,,,,,,,5,1,male,19,2024-11-18_22h48.44.243,solo project,2024.2.1post4,59.97666909,2024-11-18 22h49.20.088187 +0530
,,17,17,0,,,,,,,,,,wine,old,2,7.0152117,,,,,,,,,,,,,,,,,0,17,17,29,,,,,645.7796474,,,,,,,,,,,,,,,,,,,,,,,,,,,,,,,,,,,,645.7675038,645.7796474,645.7796474,652.7978642,2,7.0152117,,,,,,,,,,,,,,,,,,,,,,5,1,male,19,2024-11-18_22h48.44.243,solo project,2024.2.1post4,59.97666909,2024-11-18 22h49.20.088187 +0530
,,18,18,0,,,,,,,,,,theory,new,2,5.9639996,,,,,,,,,,,,,,,,,0,18,18,55,,,,,652.8130828,,,,,,,,,,,,,,,,,,,,,,,,,,,,,,,,,,,,652.8012091,652.8130828,652.8130828,658.7811979,2,5.9639996,,,,,,,,,,,,,,,,,,,,,,5,1,male,19,2024-11-18_22h48.44.243,solo project,2024.2.1post4,59.97666909,2024-11-18 22h49.20.088187 +0530
,,19,19,0,,,,,,,,,,fabric,new,2,1.9101748,,,,,,,,,,,,,,,,,0,19,19,34,,,,,658.797747,,,,,,,,,,,,,,,,,,,,,,,,,,,,,,,,,,,,658.7882065,658.797747,658.797747,660.7141793,2,1.9101748,,,,,,,,,,,,,,,,,,,,,,5,1,male,19,2024-11-18_22h48.44.243,solo project,2024.2.1post4,59.97666909,2024-11-18 22h49.20.088187 +0530
,,20,20,0,,,,,,,,,,serious,old,2,1.4815463,,,,,,,,,,,,,,,,,0,20,20,23,,,,,660.7297949,,,,,,,,,,,,,,,,,,,,,,,,,,,,,,,,,,,,660.7178359,660.7297949,660.7297949,662.2140201,2,1.4815463,,,,,,,,,,,,,,,,,,,,,,5,1,male,19,2024-11-18_22h48.44.243,solo project,2024.2.1post4,59.97666909,2024-11-18 22h49.20.088187 +0530
,,21,21,0,,,,,,,,,,teacher,new,2,1.3823222,,,,,,,,,,,,,,,,,0,21,21,53,,,,,662.2295131,,,,,,,,,,,,,,,,,,,,,,,,,,,,,,,,,,,,662.2172635,662.2295131,662.2295131,663.614446,2,1.3823222,,,,,,,,,,,,,,,,,,,,,,5,1,male,19,2024-11-18_22h48.44.243,solo project,2024.2.1post4,59.97666909,2024-11-18 22h49.20.088187 +0530
,,22,22,0,,,,,,,,,,poetry,new,2,3.831118,,,,,,,,,,,,,,,,,0,22,22,44,,,,,663.629403,,,,,,,,,,,,,,,,,,,,,,,,,,,,,,,,,,,,663.6182047,663.629403,663.629403,667.4644274,2,3.831118,,,,,,,,,,,,,,,,,,,,,,5,1,male,19,2024-11-18_22h48.44.243,solo project,2024.2.1post4,59.97666909,2024-11-18 22h49.20.088187 +0530
,,23,23,0,,,,,,,,,,skeptical,old,1,2.3306677,,,,,,,,,,,,,,,,,0,23,23,24,,,,,667.4794806,,,,,,,,,,,,,,,,,,,,,,,,,,,,,,,,,,,,667.4683352,667.4794806,667.4794806,669.8145568,1,2.3306677,,,,,,,,,,,,,,,,,,,,,,5,1,male,19,2024-11-18_22h48.44.243,solo project,2024.2.1post4,59.97666909,2024-11-18 22h49.20.088187 +0530
,,24,24,0,,,,,,,,,,clock,new,2,4.11455,,,,,,,,,,,,,,,,,0,24,24,30,,,,,669.8297438,,,,,,,,,,,,,,,,,,,,,,,,,,,,,,,,,,,,669.8178585,669.8297438,669.8297438,673.9474332,2,4.11455,,,,,,,,,,,,,,,,,,,,,,5,1,male,19,2024-11-18_22h48.44.243,solo project,2024.2.1post4,59.97666909,2024-11-18 22h49.20.088187 +0530
,,25,25,0,,,,,,,,,,market,new,2,6.931761,,,,,,,,,,,,,,,,,0,25,25,41,,,,,673.9627387,,,,,,,,,,,,,,,,,,,,,,,,,,,,,,,,,,,,673.9509333,673.9627387,673.9627387,680.897387,2,6.931761,,,,,,,,,,,,,,,,,,,,,,5,1,male,19,2024-11-18_22h48.44.243,solo project,2024.2.1post4,59.97666909,2024-11-18 22h49.20.088187 +0530
,,26,26,0,,,,,,,,,,skyscraper,new,2,4.6304844,,,,,,,,,,,,,,,,,0,26,26,51,,,,,680.9127002,,,,,,,,,,,,,,,,,,,,,,,,,,,,,,,,,,,,680.9016046,680.9127002,680.9127002,685.5472584,2,4.6304844,,,,,,,,,,,,,,,,,,,,,,5,1,male,19,2024-11-18_22h48.44.243,solo project,2024.2.1post4,59.97666909,2024-11-18 22h49.20.088187 +0530
,,27,27,0,,,,,,,,,,reverent,old,1,2.1319005,,,,,,,,,,,,,,,,,0,27,27,22,,,,,685.5632749,,,,,,,,,,,,,,,,,,,,,,,,,,,,,,,,,,,,685.5506863,685.5632749,685.5632749,687.6970838,1,2.1319005,,,,,,,,,,,,,,,,,,,,,,5,1,male,19,2024-11-18_22h48.44.243,solo project,2024.2.1post4,59.97666909,2024-11-18 22h49.20.088187 +0530
,,28,28,0,,,,,,,,,,stove,old,2,4.1157257,,,,,,,,,,,,,,,,,0,28,28,26,,,,,687.7127392,,,,,,,,,,,,,,,,,,,,,,,,,,,,,,,,,,,,687.7001593,687.7127392,687.7127392,691.8304794,2,4.1157257,,,,,,,,,,,,,,,,,,,,,,5,1,male,19,2024-11-18_22h48.44.243,solo project,2024.2.1post4,59.97666909,2024-11-18 22h49.20.088187 +0530
,,29,29,0,,,,,,,,,,truck,new,2,3.7815408,,,,,,,,,,,,,,,,,0,29,29,56,,,,,691.8458072,,,,,,,,,,,,,,,,,,,,,,,,,,,,,,,,,,,,691.8337731,691.8458072,691.8458072,695.6304127,2,3.7815408,,,,,,,,,,,,,,,,,,,,,,5,1,male,19,2024-11-18_22h48.44.243,solo project,2024.2.1post4,59.97666909,2024-11-18 22h49.20.088187 +0530
,,30,30,0,,,,,,,,,,scissors,new,2,2.8323616,,,,,,,,,,,,,,,,,0,30,30,48,,,,,695.6459819,,,,,,,,,,,,,,,,,,,,,,,,,,,,,,,,,,,,695.6336914,695.6459819,695.6459819,698.4806492,2,2.8323616,,,,,,,,,,,,,,,,,,,,,,5,1,male,19,2024-11-18_22h48.44.243,solo project,2024.2.1post4,59.97666909,2024-11-18 22h49.20.088187 +0530
,,31,31,0,,,,,,,,,,stiff,old,1,5.747268,,,,,,,,,,,,,,,,,0,31,31,25,,,,,698.4962862,,,,,,,,,,,,,,,,,,,,,,,,,,,,,,,,,,,,698.4847419,698.4962862,698.4962862,704.2470144,1,5.747268,,,,,,,,,,,,,,,,,,,,,,5,1,male,19,2024-11-18_22h48.44.243,solo project,2024.2.1post4,59.97666909,2024-11-18 22h49.20.088187 +0530
,,32,32,0,,,,,,,,,,material,old,1,2.0966753,,,,,,,,,,,,,,,,,0,32,32,12,,,,,704.2620979,,,,,,,,,,,,,,,,,,,,,,,,,,,,,,,,,,,,704.2518923,704.2620979,704.2620979,706.3637617,1,2.0966753,,,,,,,,,,,,,,,,,,,,,,5,1,male,19,2024-11-18_22h48.44.243,solo project,2024.2.1post4,59.97666909,2024-11-18 22h49.20.088187 +0530
,,33,33,0,,,,,,,,,,tease,new,2,2.9314765,,,,,,,,,,,,,,,,,0,33,33,54,,,,,706.3794182,,,,,,,,,,,,,,,,,,,,,,,,,,,,,,,,,,,,706.3672509,706.3794182,706.3794182,709.314394,2,2.9314765,,,,,,,,,,,,,,,,,,,,,,5,1,male,19,2024-11-18_22h48.44.243,solo project,2024.2.1post4,59.97666909,2024-11-18 22h49.20.088187 +0530
,,34,34,0,,,,,,,,,,lighthouse,old,1,1.7796727,,,,,,,,,,,,,,,,,0,34,34,9,,,,,709.3292011,,,,,,,,,,,,,,,,,,,,,,,,,,,,,,,,,,,,709.3181757,709.3292011,709.3292011,711.1135616,1,1.7796727,,,,,,,,,,,,,,,,,,,,,,5,1,male,19,2024-11-18_22h48.44.243,solo project,2024.2.1post4,59.97666909,2024-11-18 22h49.20.088187 +0530
,,35,35,0,,,,,,,,,,highway,new,2,2.8975092,,,,,,,,,,,,,,,,,0,35,35,37,,,,,711.1293907,,,,,,,,,,,,,,,,,,,,,,,,,,,,,,,,,,,,711.1176939,711.1293907,711.1293907,714.0301255,2,2.8975092,,,,,,,,,,,,,,,,,,,,,,5,1,male,19,2024-11-18_22h48.44.243,solo project,2024.2.1post4,59.97666909,2024-11-18 22h49.20.088187 +0530
,,36,36,0,,,,,,,,,,custom,old,1,1.8978276,,,,,,,,,,,,,,,,,0,36,36,1,,,,,714.0459979,,,,,,,,,,,,,,,,,,,,,,,,,,,,,,,,,,,,714.033787,714.0459979,714.0459979,715.9470042,1,1.8978276,,,,,,,,,,,,,,,,,,,,,,5,1,male,19,2024-11-18_22h48.44.243,solo project,2024.2.1post4,59.97666909,2024-11-18 22h49.20.088187 +0530
,,37,37,0,,,,,,,,,,lightbulb,new,2,2.8134628,,,,,,,,,,,,,,,,,0,37,37,40,,,,,715.9626798,,,,,,,,,,,,,,,,,,,,,,,,,,,,,,,,,,,,715.9508375,715.9626798,715.9626798,718.7802175,2,2.8134628,,,,,,,,,,,,,,,,,,,,,,5,1,male,19,2024-11-18_22h48.44.243,solo project,2024.2.1post4,59.97666909,2024-11-18 22h49.20.088187 +0530
,,38,38,0,,,,,,,,,,journal,old,1,2.6945865,,,,,,,,,,,,,,,,,0,38,38,7,,,,,718.7956448,,,,,,,,,,,,,,,,,,,,,,,,,,,,,,,,,,,,718.7861979,718.7956448,718.7956448,721.4973299,1,2.6945865,,,,,,,,,,,,,,,,,,,,,,5,1,male,19,2024-11-18_22h48.44.243,solo project,2024.2.1post4,59.97666909,2024-11-18 22h49.20.088187 +0530
,,39,39,0,,,,,,,,,,shadow,new,2,2.7979395,,,,,,,,,,,,,,,,,0,39,39,50,,,,,721.5122358,,,,,,,,,,,,,,,,,,,,,,,,,,,,,,,,,,,,721.5008013,721.5122358,721.5122358,724.3134066,2,2.7979395,,,,,,,,,,,,,,,,,,,,,,5,1,male,19,2024-11-18_22h48.44.243,solo project,2024.2.1post4,59.97666909,2024-11-18 22h49.20.088187 +0530
,,40,40,0,,,,,,,,,,medicine,new,2,4.0810251,,,,,,,,,,,,,,,,,0,40,40,42,,,,,724.3288261,,,,,,,,,,,,,,,,,,,,,,,,,,,,,,,,,,,,724.3170536,724.3288261,724.3288261,728.4135021,2,4.0810251,,,,,,,,,,,,,,,,,,,,,,5,1,male,19,2024-11-18_22h48.44.243,solo project,2024.2.1post4,59.97666909,2024-11-18 22h49.20.088187 +0530
,,41,41,0,,,,,,,,,,reptile,old,1,22.414093,,,,,,,,,,,,,,,,,0,41,41,21,,,,,728.4285001,,,,,,,,,,,,,,,,,,,,,,,,,,,,,,,,,,,,728.4171619,728.4285001,728.4285001,750.8464203,1,22.414093,,,,,,,,,,,,,,,,,,,,,,5,1,male,19,2024-11-18_22h48.44.243,solo project,2024.2.1post4,59.97666909,2024-11-18 22h49.20.088187 +0530
,,42,42,0,,,,,,,,,,neurotic,old,1,1.3322163,,,,,,,,,,,,,,,,,0,42,42,14,,,,,750.862012,,,,,,,,,,,,,,,,,,,,,,,,,,,,,,,,,,,,750.8496257,750.862012,750.862012,752.1964734,1,1.3322163,,,,,,,,,,,,,,,,,,,,,,5,1,male,19,2024-11-18_22h48.44.243,solo project,2024.2.1post4,59.97666909,2024-11-18 22h49.20.088187 +0530
,,43,43,0,,,,,,,,,,paint,new,2,12.8808958,,,,,,,,,,,,,,,,,0,43,43,43,,,,,752.2120295,,,,,,,,,,,,,,,,,,,,,,,,,,,,,,,,,,,,752.1998383,752.2120295,752.2120295,765.0962392,2,12.8808958,,,,,,,,,,,,,,,,,,,,,,5,1,male,19,2024-11-18_22h48.44.243,solo project,2024.2.1post4,59.97666909,2024-11-18 22h49.20.088187 +0530
,,44,44,0,,,,,,,,,,industry,new,2,4.2143196,,,,,,,,,,,,,,,,,0,44,44,38,,,,,765.1118556,,,,,,,,,,,,,,,,,,,,,,,,,,,,,,,,,,,,765.1000034,765.1118556,765.1118556,769.3292016,2,4.2143196,,,,,,,,,,,,,,,,,,,,,,5,1,male,19,2024-11-18_22h48.44.243,solo project,2024.2.1post4,59.97666909,2024-11-18 22h49.20.088187 +0530
,,45,45,0,,,,,,,,,,sentiment,new,2,2.2974133,,,,,,,,,,,,,,,,,0,45,45,49,,,,,769.3449177,,,,,,,,,,,,,,,,,,,,,,,,,,,,,,,,,,,,769.3327008,769.3449177,769.3449177,771.6462408,2,2.2974133,,,,,,,,,,,,,,,,,,,,,,5,1,male,19,2024-11-18_22h48.44.243,solo project,2024.2.1post4,59.97666909,2024-11-18 22h49.20.088187 +0530
,,46,46,0,,,,,,,,,,detail,new,2,2.5478883,,,,,,,,,,,,,,,,,0,46,46,33,,,,,771.6616862,,,,,,,,,,,,,,,,,,,,,,,,,,,,,,,,,,,,771.6499045,771.6616862,771.6616862,774.2125732,2,2.5478883,,,,,,,,,,,,,,,,,,,,,,5,1,male,19,2024-11-18_22h48.44.243,solo project,2024.2.1post4,59.97666909,2024-11-18 22h49.20.088187 +0530
,,47,47,0,,,,,,,,,,village,old,1,6.1488416,,,,,,,,,,,,,,,,,0,47,47,28,,,,,774.2279871,,,,,,,,,,,,,,,,,,,,,,,,,,,,,,,,,,,,774.216082,774.2279871,774.2279871,780.3794558,1,6.1488416,,,,,,,,,,,,,,,,,,,,,,5,1,male,19,2024-11-18_22h48.44.243,solo project,2024.2.1post4,59.97666909,2024-11-18 22h49.20.088187 +0530
,,48,48,0,,,,,,,,,,salute,new,2,3.3806934,,,,,,,,,,,,,,,,,0,48,48,47,,,,,780.3953639,,,,,,,,,,,,,,,,,,,,,,,,,,,,,,,,,,,,780.3834144,780.3953639,780.3953639,783.779386,2,3.3806934,,,,,,,,,,,,,,,,,,,,,,5,1,male,19,2024-11-18_22h48.44.243,solo project,2024.2.1post4,59.97666909,2024-11-18 22h49.20.088187 +0530
,,49,49,0,,,,,,,,,,rancid,old,2,2.0821542,,,,,,,,,,,,,,,,,0,49,49,19,,,,,783.7948627,,,,,,,,,,,,,,,,,,,,,,,,,,,,,,,,,,,,783.7827593,783.7948627,783.7948627,785.8797869,2,2.0821542,,,,,,,,,,,,,,,,,,,,,,5,1,male,19,2024-11-18_22h48.44.243,solo project,2024.2.1post4,59.97666909,2024-11-18 22h49.20.088187 +0530
,,50,50,0,,,,,,,,,,mischief,old,1,5.0139875,,,,,,,,,,,,,,,,,0,50,50,13,,,,,785.8945663,,,,,,,,,,,,,,,,,,,,,,,,,,,,,,,,,,,,785.8835537,785.8945663,785.8945663,790.9122534,1,5.0139875,,,,,,,,,,,,,,,,,,,,,,5,1,male,19,2024-11-18_22h48.44.243,solo project,2024.2.1post4,59.97666909,2024-11-18 22h49.20.088187 +0530
,,51,51,0,,,,,,,,,,rough,new,2,1.7990916,,,,,,,,,,,,,,,,,0,51,51,46,,,,,790.9280891,,,,,,,,,,,,,,,,,,,,,,,,,,,,,,,,,,,,790.9156955,790.9280891,790.9280891,792.7293674,2,1.7990916,,,,,,,,,,,,,,,,,,,,,,5,1,male,19,2024-11-18_22h48.44.243,solo project,2024.2.1post4,59.97666909,2024-11-18 22h49.20.088187 +0530
,,52,52,0,,,,,,,,,,lawn,new,2,1.8312305,,,,,,,,,,,,,,,,,0,52,52,39,,,,,792.7443404,,,,,,,,,,,,,,,,,,,,,,,,,,,,,,,,,,,,792.7328348,792.7443404,792.7443404,794.579259,2,1.8312305,,,,,,,,,,,,,,,,,,,,,,5,1,male,19,2024-11-18_22h48.44.243,solo project,2024.2.1post4,59.97666909,2024-11-18 22h49.20.088187 +0530
,,53,53,0,,,,,,,,,,radiator,old,1,7.7813265,,,,,,,,,,,,,,,,,0,53,53,18,,,,,794.594757,,,,,,,,,,,,,,,,,,,,,,,,,,,,,,,,,,,,794.5826772,794.594757,794.594757,802.3793592,1,7.7813265,,,,,,,,,,,,,,,,,,,,,,5,1,male,19,2024-11-18_22h48.44.243,solo project,2024.2.1post4,59.97666909,2024-11-18 22h49.20.088187 +0530
,,54,54,0,,,,,,,,,,glacier,old,2,5.5307938,,,,,,,,,,,,,,,,,0,54,54,4,,,,,802.3943119,,,,,,,,,,,,,,,,,,,,,,,,,,,,,,,,,,,,802.3826627,802.3943119,802.3943119,807.9289969,2,5.5307938,,,,,,,,,,,,,,,,,,,,,,5,1,male,19,2024-11-18_22h48.44.243,solo project,2024.2.1post4,59.97666909,2024-11-18 22h49.20.088187 +0530
,,55,55,0,,,,,,,,,,elevator,old,1,5.2965299,,,,,,,,,,,,,,,,,0,55,55,2,,,,,807.9443066,,,,,,,,,,,,,,,,,,,,,,,,,,,,,,,,,,,,807.9333396,807.9443066,807.9443066,813.2458336,1,5.2965299,,,,,,,,,,,,,,,,,,,,,,5,1,male,19,2024-11-18_22h48.44.243,solo project,2024.2.1post4,59.97666909,2024-11-18 22h49.20.088187 +0530
,,56,56,0,,,,,,,,,,limber,old,1,2.9314142,,,,,,,,,,,,,,,,,0,56,56,10,,,,,813.2611966,,,,,,,,,,,,,,,,,,,,,,,,,,,,,,,,,,,,813.2495202,813.2611966,813.2611966,816.1955092,1,2.9314142,,,,,,,,,,,,,,,,,,,,,,5,1,male,19,2024-11-18_22h48.44.243,solo project,2024.2.1post4,59.97666909,2024-11-18 22h49.20.088187 +0530
,,57,57,0,,,,,,,,,,privacy,old,2,15.9633068,,,,,,,,,,,,,,,,,0,57,57,17,,,,,816.2111867,,,,,,,,,,,,,,,,,,,,,,,,,,,,,,,,,,,,816.2000141,816.2111867,816.2111867,832.1789147,2,15.9633068,,,,,,,,,,,,,,,,,,,,,,5,1,male,19,2024-11-18_22h48.44.243,solo project,2024.2.1post4,59.97666909,2024-11-18 22h49.20.088187 +0530
,,58,58,0,,,,,,,,,,trumpet,old,1,5.9639042,,,,,,,,,,,,,,,,,0,58,58,27,,,,,832.194345,,,,,,,,,,,,,,,,,,,,,,,,,,,,,,,,,,,,832.1826396,832.194345,832.194345,838.162208,1,5.9639042,,,,,,,,,,,,,,,,,,,,,,5,1,male,19,2024-11-18_22h48.44.243,solo project,2024.2.1post4,59.97666909,2024-11-18 22h49.20.088187 +0530
,,59,59,0,,,,,,,,,,concentrate,new,2,6.6808735,,,,,,,,,,,,,,,,,0,59,59,31,,,,,838.1775011,,,,,,,,,,,,,,,,,,,,,,,,,,,,,,,,,,,,838.1660518,838.1775011,838.1775011,844.8620251,2,6.6808735,,,,,,,,,,,,,,,,,,,,,,5,1,male,19,2024-11-18_22h48.44.243,solo project,2024.2.1post4,59.97666909,2024-11-18 22h49.20.088187 +0530
,,,,,,,,,,,,,,,,,,,,,,,,,,,,,,,,,,,,,,,,,,,,,,,,,,,,,,,,,,,,,,,,,,,,,,,,,,,,,,,,,,,,844.8628259,847.896741,1,[3.018835900002159],[3.0188443000079133],,,,,,,,,,,,,,,,,5,1,male,19,2024-11-18_22h48.44.243,solo project,2024.2.1post4,59.97666909,2024-11-18 22h49.20.088187 +0530
,,,,,,,,,,,,,,,,,,,,,,,,,,,,,,,,,,,,,,,,,,,,,,,,,,,,,,,,,,,,,,,,,,,,,,,,,,,,,,,,,,,,,,,,,847.8968664,850.5615697,space,2.657637,None,,,,,,,,,,,,5,1,male,19,2024-11-18_22h48.44.243,solo project,2024.2.1post4,59.97666909,2024-11-18 22h49.20.088187 +0530
,,,,,,,,,,,,,,,,,,,,,,,,,,,,,,,,,,,,,,,,,,,,,,,,,,,,,,,,,,,,,,,,,,,,,,,,,,,,,,,,,,,,,,,,,,,,,,850.5616437,860.8117364,space,10.2455511,None,,,,,,,5,1,male,19,2024-11-18_22h48.44.243,solo project,2024.2.1post4,59.97666909,2024-11-18 22h49.20.088187 +0530
,,0,0,0,,,,,,,,,,,,,,1,Telephoning in public,2,1,,,,,,,,,,,,,,,,,0,0,0,0,860.8616386,,,,,,,,,,,,,,,,,,,,,,,,,,,,,,,,,,,,,,,,,,,,,,,,,,,,,,,,,860.8273911,860.8616386,860.8616386,892.4764789,2,1,5,1,male,19,2024-11-18_22h48.44.243,solo project,2024.2.1post4,59.97666909,2024-11-18 22h49.20.088187 +0530
,,1,1,0,,,,,,,,,,,,,,2,Participating in small groups,1,1,,,,,,,,,,,,,,,,,0,1,1,1,892.4987823,,,,,,,,,,,,,,,,,,,,,,,,,,,,,,,,,,,,,,,,,,,,,,,,,,,,,,,,,892.4819849,892.4987823,892.4987823,895.3331721,1,1,5,1,male,19,2024-11-18_22h48.44.243,solo project,2024.2.1post4,59.97666909,2024-11-18 22h49.20.088187 +0530
,,2,2,0,,,,,,,,,,,,,,3,Eating in public places,0,0,,,,,,,,,,,,,,,,,0,2,2,2,895.3544867,,,,,,,,,,,,,,,,,,,,,,,,,,,,,,,,,,,,,,,,,,,,,,,,,,,,,,,,,895.3373731,895.3544867,895.3544867,934.4166897,0,0,5,1,male,19,2024-11-18_22h48.44.243,solo project,2024.2.1post4,59.97666909,2024-11-18 22h49.20.088187 +0530
,,3,3,0,,,,,,,,,,,,,,4,Drinking with others in public places,3,3,,,,,,,,,,,,,,,,,0,3,3,3,934.4402976,,,,,,,,,,,,,,,,,,,,,,,,,,,,,,,,,,,,,,,,,,,,,,,,,,,,,,,,,934.4227385,934.4402976,934.4402976,942.7172759,3,3,5,1,male,19,2024-11-18_22h48.44.243,solo project,2024.2.1post4,59.97666909,2024-11-18 22h49.20.088187 +0530
,,4,4,0,,,,,,,,,,,,,,5,Talking to people in authority,0,0,,,,,,,,,,,,,,,,,0,4,4,4,942.7383738,,,,,,,,,,,,,,,,,,,,,,,,,,,,,,,,,,,,,,,,,,,,,,,,,,,,,,,,,942.7206576,942.7383738,942.7383738,952.0880635,0,0,5,1,male,19,2024-11-18_22h48.44.243,solo project,2024.2.1post4,59.97666909,2024-11-18 22h49.20.088187 +0530
,,5,5,0,,,,,,,,,,,,,,6,"Acting, performing, or giving a talk in front of an audience",1,1,,,,,,,,,,,,,,,,,0,5,5,5,952.1106048,,,,,,,,,,,,,,,,,,,,,,,,,,,,,,,,,,,,,,,,,,,,,,,,,,,,,,,,,952.0931733,952.1106048,952.1106048,965.9765249,1,1,5,1,male,19,2024-11-18_22h48.44.243,solo project,2024.2.1post4,59.97666909,2024-11-18 22h49.20.088187 +0530
,,6,6,0,,,,,,,,,,,,,,7,Going to a party,0,0,,,,,,,,,,,,,,,,,0,6,6,6,965.9999696,,,,,,,,,,,,,,,,,,,,,,,,,,,,,,,,,,,,,,,,,,,,,,,,,,,,,,,,,965.9813489,965.9999696,965.9999696,982.7412806,0,0,5,1,male,19,2024-11-18_22h48.44.243,solo project,2024.2.1post4,59.97666909,2024-11-18 22h49.20.088187 +0530
,,7,7,0,,,,,,,,,,,,,,8,Working while being observed,2,2,,,,,,,,,,,,,,,,,0,7,7,7,982.7634211,,,,,,,,,,,,,,,,,,,,,,,,,,,,,,,,,,,,,,,,,,,,,,,,,,,,,,,,,982.7456584,982.7634211,982.7634211,994.3425945,2,2,5,1,male,19,2024-11-18_22h48.44.243,solo project,2024.2.1post4,59.97666909,2024-11-18 22h49.20.088187 +0530
,,8,8,0,,,,,,,,,,,,,,9,Writing while being observed,2,2,,,,,,,,,,,,,,,,,0,8,8,8,994.3639881,,,,,,,,,,,,,,,,,,,,,,,,,,,,,,,,,,,,,,,,,,,,,,,,,,,,,,,,,994.3464268,994.3639881,994.3639881,1000.565487,2,2,5,1,male,19,2024-11-18_22h48.44.243,solo project,2024.2.1post4,59.97666909,2024-11-18 22h49.20.088187 +0530
,,9,9,0,,,,,,,,,,,,,,10,Calling someone you don't know very well,1,1,,,,,,,,,,,,,,,,,0,9,9,9,1000.587348,,,,,,,,,,,,,,,,,,,,,,,,,,,,,,,,,,,,,,,,,,,,,,,,,,,,,,,,,1000.57066,1000.587348,1000.587348,1005.415144,1,1,5,1,male,19,2024-11-18_22h48.44.243,solo project,2024.2.1post4,59.97666909,2024-11-18 22h49.20.088187 +0530
,,10,10,0,,,,,,,,,,,,,,11,Talking with people you don't know very well,1,1,,,,,,,,,,,,,,,,,0,10,10,10,1005.436732,,,,,,,,,,,,,,,,,,,,,,,,,,,,,,,,,,,,,,,,,,,,,,,,,,,,,,,,,1005.419176,1005.436732,1005.436732,1010.41362,1,1,5,1,male,19,2024-11-18_22h48.44.243,solo project,2024.2.1post4,59.97666909,2024-11-18 22h49.20.088187 +0530
,,11,11,0,,,,,,,,,,,,,,12,Meeting strangers,1,1,,,,,,,,,,,,,,,,,0,11,11,11,1010.438025,,,,,,,,,,,,,,,,,,,,,,,,,,,,,,,,,,,,,,,,,,,,,,,,,,,,,,,,,1010.418214,1010.438025,1010.438025,1024.963849,1,1,5,1,male,19,2024-11-18_22h48.44.243,solo project,2024.2.1post4,59.97666909,2024-11-18 22h49.20.088187 +0530
,,12,12,0,,,,,,,,,,,,,,13,Urinating in a public bathroom,1,1,,,,,,,,,,,,,,,,,0,12,12,12,1024.987334,,,,,,,,,,,,,,,,,,,,,,,,,,,,,,,,,,,,,,,,,,,,,,,,,,,,,,,,,1024.968813,1024.987334,1024.987334,1037.014227,1,1,5,1,male,19,2024-11-18_22h48.44.243,solo project,2024.2.1post4,59.97666909,2024-11-18 22h49.20.088187 +0530
,,13,13,0,,,,,,,,,,,,,,14,Entering a room when others are already seated,1,1,,,,,,,,,,,,,,,,,0,13,13,13,1037.037484,,,,,,,,,,,,,,,,,,,,,,,,,,,,,,,,,,,,,,,,,,,,,,,,,,,,,,,,,1037.018353,1037.037484,1037.037484,1107.961508,1,1,5,1,male,19,2024-11-18_22h48.44.243,solo project,2024.2.1post4,59.97666909,2024-11-18 22h49.20.088187 +0530
,,14,14,0,,,,,,,,,,,,,,15,Being the center of attention,1,1,,,,,,,,,,,,,,,,,0,14,14,14,1107.984103,,,,,,,,,,,,,,,,,,,,,,,,,,,,,,,,,,,,,,,,,,,,,,,,,,,,,,,,,1107.966991,1107.984103,1107.984103,1122.058484,None,1,5,1,male,19,2024-11-18_22h48.44.243,solo project,2024.2.1post4,59.97666909,2024-11-18 22h49.20.088187 +0530
,,15,15,0,,,,,,,,,,,,,,16,Speaking up at a meeting,1,1,,,,,,,,,,,,,,,,,0,15,15,15,1122.081957,,,,,,,,,,,,,,,,,,,,,,,,,,,,,,,,,,,,,,,,,,,,,,,,,,,,,,,,,1122.062587,1122.081957,1122.081957,1142.219859,1,1,5,1,male,19,2024-11-18_22h48.44.243,solo project,2024.2.1post4,59.97666909,2024-11-18 22h49.20.088187 +0530
,,16,16,0,,,,,,,,,,,,,,17,Taking a test,0,0,,,,,,,,,,,,,,,,,0,16,16,16,1142.243024,,,,,,,,,,,,,,,,,,,,,,,,,,,,,,,,,,,,,,,,,,,,,,,,,,,,,,,,,1142.222976,1142.243024,1142.243024,1157.926531,0,0,5,1,male,19,2024-11-18_22h48.44.243,solo project,2024.2.1post4,59.97666909,2024-11-18 22h49.20.088187 +0530
,,17,17,0,,,,,,,,,,,,,,18,Expressing a disagreement or disapproval to people you don’t know very well,1,1,,,,,,,,,,,,,,,,,0,17,17,17,1157.950637,,,,,,,,,,,,,,,,,,,,,,,,,,,,,,,,,,,,,,,,,,,,,,,,,,,,,,,,,1157.933115,1157.950637,1157.950637,1188.530408,1,1,5,1,male,19,2024-11-18_22h48.44.243,solo project,2024.2.1post4,59.97666909,2024-11-18 22h49.20.088187 +0530
,,18,18,0,,,,,,,,,,,,,,19,Looking at people you don't know very well in the eyes,1,1,,,,,,,,,,,,,,,,,0,18,18,18,1188.553148,,,,,,,,,,,,,,,,,,,,,,,,,,,,,,,,,,,,,,,,,,,,,,,,,,,,,,,,,1188.535913,1188.553148,1188.553148,1235.118852,1,1,5,1,male,19,2024-11-18_22h48.44.243,solo project,2024.2.1post4,59.97666909,2024-11-18 22h49.20.088187 +0530
,,19,19,0,,,,,,,,,,,,,,20,Giving a report to a group,1,1,,,,,,,,,,,,,,,,,0,19,19,19,1235.138817,,,,,,,,,,,,,,,,,,,,,,,,,,,,,,,,,,,,,,,,,,,,,,,,,,,,,,,,,1235.122189,1235.138817,1235.138817,1240.596974,1,1,5,1,male,19,2024-11-18_22h48.44.243,solo project,2024.2.1post4,59.97666909,2024-11-18 22h49.20.088187 +0530
,,20,20,0,,,,,,,,,,,,,,21,Trying to pick up someone,1,1,,,,,,,,,,,,,,,,,0,20,20,20,1240.617755,,,,,,,,,,,,,,,,,,,,,,,,,,,,,,,,,,,,,,,,,,,,,,,,,,,,,,,,,1240.601208,1240.617755,1240.617755,1269.570367,1,1,5,1,male,19,2024-11-18_22h48.44.243,solo project,2024.2.1post4,59.97666909,2024-11-18 22h49.20.088187 +0530
,,21,21,0,,,,,,,,,,,,,,22,Returning goods to a store,0,0,,,,,,,,,,,,,,,,,0,21,21,21,1269.59158,,,,,,,,,,,,,,,,,,,,,,,,,,,,,,,,,,,,,,,,,,,,,,,,,,,,,,,,,1269.574995,1269.59158,1269.59158,1284.696154,0,0,5,1,male,19,2024-11-18_22h48.44.243,solo project,2024.2.1post4,59.97666909,2024-11-18 22h49.20.088187 +0530
,,22,22,0,,,,,,,,,,,,,,23,Giving a party,0,3,,,,,,,,,,,,,,,,,0,22,22,22,1284.719464,,,,,,,,,,,,,,,,,,,,,,,,,,,,,,,,,,,,,,,,,,,,,,,,,,,,,,,,,1284.699404,1284.719464,1284.719464,1326.578339,0,3,5,1,male,19,2024-11-18_22h48.44.243,solo project,2024.2.1post4,59.97666909,2024-11-18 22h49.20.088187 +0530
,,23,23,0,,,,,,,,,,,,,,24,Resisting a high pressure salesperson,0,0,,,,,,,,,,,,,,,,,0,23,23,23,1326.599452,,,,,,,,,,,,,,,,,,,,,,,,,,,,,,,,,,,,,,,,,,,,,,,,,,,,,,,,,1326.582492,1326.599452,1326.599452,1359.65227,0,0,5,1,male,19,2024-11-18_22h48.44.243,solo project,2024.2.1post4,59.97666909,2024-11-18 22h49.20.088187 +0530
