﻿no_per,dsr_per,thisN,thisTrialN,thisRepN,slider.response,slider.rt,no_exp,dsr_exp,slider_2.response,imagefile,type,subtype,study_word,test_word,old_new,slider_3.response,slider_3.rt,lsas_no,lsas_situation,slider_4.response,slider_5.response,trials.thisRepN,trials.thisTrialN,trials.thisN,trials.thisIndex,trials_2.thisRepN,trials_2.thisTrialN,trials_2.thisN,trials_2.thisIndex,trials_3.thisRepN,trials_3.thisTrialN,trials_3.thisN,trials_3.thisIndex,trials_4.thisRepN,trials_4.thisTrialN,trials_4.thisN,trials_4.thisIndex,trials_5.thisRepN,trials_5.thisTrialN,trials_5.thisN,trials_5.thisIndex,thisRow.t,notes,consent.started,consent.stopped,button.numClicks,button.timesOn,button.timesOff,dsr_personal.started,text.started,question.started,slider.started,dsr_personal.stopped,trials.slider.response,trials.slider.rt,dsr_experience.started,dsr_experience.stopped,trials_2.slider_2.response,instr.started,instr.stopped,key_resp.keys,key_resp.rt,key_resp.duration,encoding.started,fixation.started,study_image.started,studyword.started,fixation.stopped,study_image.stopped,studyword.stopped,encoding.stopped,test_instruction.started,key_resp_2.started,test_instruction.stopped,key_resp_2.keys,key_resp_2.rt,key_resp_2.duration,testing.started,t_word.started,slider_3.started,testing.stopped,trials_4.slider_3.response,trials_4.slider_3.rt,end.started,end.stopped,button_2.numClicks,button_2.timesOn,button_2.timesOff,brk.started,brk.stopped,key_resp_3.keys,key_resp_3.rt,key_resp_3.duration,lsas_instr.started,lsas_instr.stopped,key_resp_4.keys,key_resp_4.rt,key_resp_4.duration,lsas.started,text_2.started,text_3.started,lsas.stopped,trials_5.slider_4.response,trials_5.slider_5.response,participant,session,sex,age,date,expName,psychopyVersion,frameRate,expStart
,,,,,,,,,,,,,,,,,,,,,,,,,,,,,,,,,,,,,,,,,,,,0.0092634,14.6417085,1,[14.619161600014195],[14.61917890002951],,,,,,,,,,,,,,,,,,,,,,,,,,,,,,,,,,,,,,,,,,,,,,,,,,,,,,,,,6,1,male,21,2024-11-22_12h21.12.754,solo project,2024.2.1post4,60.2789832,2024-11-22 12h21.38.811189 +0530
1,"I might be willing to try eating monkey meat, under some circumstances.",0,0,0,3,13.7269796,,,,,,,,,,,,,,,,0,0,0,0,,,,,,,,,,,,,,,,,14.6819705,,,,,,,14.6613846,14.6819705,14.6819705,14.6819705,28.4035363,3,13.7269796,,,,,,,,,,,,,,,,,,,,,,,,,,,,,,,,,,,,,,,,,,,,,,,,,,6,1,male,21,2024-11-22_12h21.12.754,solo project,2024.2.1post4,60.2789832,2024-11-22 12h21.38.811189 +0530
2,It would bother me to be in a science class and to see a human preserved in a jar.,1,1,0,0,4.0628831,,,,,,,,,,,,,,,,0,1,1,1,,,,,,,,,,,,,,,,,28.4397433,,,,,,,28.4289511,28.4397433,28.4397433,28.4397433,32.5078273,0,4.0628831,,,,,,,,,,,,,,,,,,,,,,,,,,,,,,,,,,,,,,,,,,,,,,,,,,6,1,male,21,2024-11-22_12h21.12.754,solo project,2024.2.1post4,60.2789832,2024-11-22 12h21.38.811189 +0530
3,It bothers me to hear someone clear a throat full of mucous.,2,2,0,1,3.3965914,,,,,,,,,,,,,,,,0,2,2,2,,,,,,,,,,,,,,,,,32.5234393,,,,,,,32.5119557,32.5234393,32.5234393,32.5234393,35.9244089,1,3.3965914,,,,,,,,,,,,,,,,,,,,,,,,,,,,,,,,,,,,,,,,,,,,,,,,,,6,1,male,21,2024-11-22_12h21.12.754,solo project,2024.2.1post4,60.2789832,2024-11-22 12h21.38.811189 +0530
4,I never let any part of my body touch the toilet seat in public restrooms.,3,3,0,1,4.0963814,,,,,,,,,,,,,,,,0,3,3,3,,,,,,,,,,,,,,,,,35.9402969,,,,,,,35.9280563,35.9402969,35.9402969,35.9402969,40.0411824,1,4.0963814,,,,,,,,,,,,,,,,,,,,,,,,,,,,,,,,,,,,,,,,,,,,,,,,,,6,1,male,21,2024-11-22_12h21.12.754,solo project,2024.2.1post4,60.2789832,2024-11-22 12h21.38.811189 +0530
5,I would go out of my way to avoid walking through a graveyard.,4,4,0,0,4.8803847,,,,,,,,,,,,,,,,0,4,4,4,,,,,,,,,,,,,,,,,40.0566149,,,,,,,40.0444584,40.0566149,40.0566149,40.0566149,44.9411643,0,4.8803847,,,,,,,,,,,,,,,,,,,,,,,,,,,,,,,,,,,,,,,,,,,,,,,,,,6,1,male,21,2024-11-22_12h21.12.754,solo project,2024.2.1post4,60.2789832,2024-11-22 12h21.38.811189 +0530
6,Seeing a cockroach in someone else's house doesn't bother me.,5,5,0,3,6.6284297,,,,,,,,,,,,,,,,0,5,5,5,,,,,,,,,,,,,,,,,44.9572619,,,,,,,44.9469343,44.9572619,44.9572619,44.9572619,51.590789,3,6.6284297,,,,,,,,,,,,,,,,,,,,,,,,,,,,,,,,,,,,,,,,,,,,,,,,,,6,1,male,21,2024-11-22_12h21.12.754,solo project,2024.2.1post4,60.2789832,2024-11-22 12h21.38.811189 +0530
7,It would bother me tremendously to touch a dead body.,6,6,0,0,6.2477321,,,,,,,,,,,,,,,,0,6,6,6,,,,,,,,,,,,,,,,,51.6062914,,,,,,,51.5939486,51.6062914,51.6062914,51.6062914,57.8574812,0,6.2477321,,,,,,,,,,,,,,,,,,,,,,,,,,,,,,,,,,,,,,,,,,,,,,,,,,6,1,male,21,2024-11-22_12h21.12.754,solo project,2024.2.1post4,60.2789832,2024-11-22 12h21.38.811189 +0530
8,"If I see someone vomit, it makes me sick to my stomach.",7,7,0,1,3.7475308,,,,,,,,,,,,,,,,0,7,7,7,,,,,,,,,,,,,,,,,57.8731127,,,,,,,57.8605851,57.8731127,57.8731127,57.8731127,61.624279,1,3.7475308,,,,,,,,,,,,,,,,,,,,,,,,,,,,,,,,,,,,,,,,,,,,,,,,,,6,1,male,21,2024-11-22_12h21.12.754,solo project,2024.2.1post4,60.2789832,2024-11-22 12h21.38.811189 +0530
9,I probably would not go to my favorite restaurant if I found out that the cook had a cold.,8,8,0,1,4.896448,,,,,,,,,,,,,,,,0,8,8,8,,,,,,,,,,,,,,,,,61.6400321,,,,,,,61.6280404,61.6400321,61.6400321,61.6400321,66.5404914,1,4.896448,,,,,,,,,,,,,,,,,,,,,,,,,,,,,,,,,,,,,,,,,,,,,,,,,,6,1,male,21,2024-11-22_12h21.12.754,solo project,2024.2.1post4,60.2789832,2024-11-22 12h21.38.811189 +0530
10,It would not upset me at all to watch a person with a glass eye take the eye out of the socket.,9,9,0,4,5.7965892,,,,,,,,,,,,,,,,0,9,9,9,,,,,,,,,,,,,,,,,66.5560384,,,,,,,66.5444404,66.5560384,66.5560384,66.5560384,72.3569746,4,5.7965892,,,,,,,,,,,,,,,,,,,,,,,,,,,,,,,,,,,,,,,,,,,,,,,,,,6,1,male,21,2024-11-22_12h21.12.754,solo project,2024.2.1post4,60.2789832,2024-11-22 12h21.38.811189 +0530
11,It would bother me to see a rat run across my path in a park.,10,10,0,0,4.2146925,,,,,,,,,,,,,,,,0,10,10,10,,,,,,,,,,,,,,,,,72.3725509,,,,,,,72.3602994,72.3725509,72.3725509,72.3725509,76.5906514,0,4.2146925,,,,,,,,,,,,,,,,,,,,,,,,,,,,,,,,,,,,,,,,,,,,,,,,,,6,1,male,21,2024-11-22_12h21.12.754,solo project,2024.2.1post4,60.2789832,2024-11-22 12h21.38.811189 +0530
12,I would rather eat a piece of fruit than a piece of paper.,11,11,0,4,8.9757006,,,,,,,,,,,,,,,,0,11,11,11,,,,,,,,,,,,,,,,,76.6107928,,,,,,,76.5938569,76.6107928,76.6107928,76.6107928,85.586377,4,8.9757006,,,,,,,,,,,,,,,,,,,,,,,,,,,,,,,,,,,,,,,,,,,,,,,,,,6,1,male,21,2024-11-22_12h21.12.754,solo project,2024.2.1post4,60.2789832,2024-11-22 12h21.38.811189 +0530
13,"Even if I was hungry, I would not drink a bowl of my favorite soup if It had been stirred by a used but thoroughly washed flyswatter.",12,12,0,1,10.9268316,,,,,,,,,,,,,,,,0,12,12,12,,,,,,,,,,,,,,,,,85.6043696,,,,,,,85.5928397,85.6043696,85.6043696,85.6043696,96.5359122,1,10.9268316,,,,,,,,,,,,,,,,,,,,,,,,,,,,,,,,,,,,,,,,,,,,,,,,,,6,1,male,21,2024-11-22_12h21.12.754,solo project,2024.2.1post4,60.2789832,2024-11-22 12h21.38.811189 +0530
14,It would bother me to sleep in a nice hotel room if I knew that a man had died of a heart attack in that room the night before.,13,13,0,3,5.8128901,,,,,,,,,,,,,,,,0,13,13,13,,,,,,,,,,,,,,,,,96.5515619,,,,,,,96.5402085,96.5515619,96.5515619,96.5515619,102.369291,3,5.8128901,,,,,,,,,,,,,,,,,,,,,,,,,,,,,,,,,,,,,,,,,,,,,,,,,,6,1,male,21,2024-11-22_12h21.12.754,solo project,2024.2.1post4,60.2789832,2024-11-22 12h21.38.811189 +0530
,,0,0,0,,,15,You see maggots on a piece of meat in an outdoor or garbage pail.,4,,,,,,,,,,,,,,,,,0,0,0,0,,,,,,,,,,,,,102.3932873,,,,,,,,,,,,,,102.3795245,112.5694574,4,,,,,,,,,,,,,,,,,,,,,,,,,,,,,,,,,,,,,,,,,,,,,,,6,1,male,21,2024-11-22_12h21.12.754,solo project,2024.2.1post4,60.2789832,2024-11-22 12h21.38.811189 +0530
,,1,1,0,,,16,You see person eating apple with a knife and fork.,1,,,,,,,,,,,,,,,,,0,1,1,1,,,,,,,,,,,,,112.584593,,,,,,,,,,,,,,112.5723719,120.6357038,1,,,,,,,,,,,,,,,,,,,,,,,,,,,,,,,,,,,,,,,,,,,,,,,6,1,male,21,2024-11-22_12h21.12.754,solo project,2024.2.1post4,60.2789832,2024-11-22 12h21.38.811189 +0530
,,2,2,0,,,17,"While you are walking through a tunner under a railroad track, you smell urine.",2,,,,,,,,,,,,,,,,,0,2,2,2,,,,,,,,,,,,,120.6575911,,,,,,,,,,,,,,120.6474042,126.9019228,2,,,,,,,,,,,,,,,,,,,,,,,,,,,,,,,,,,,,,,,,,,,,,,,6,1,male,21,2024-11-22_12h21.12.754,solo project,2024.2.1post4,60.2789832,2024-11-22 12h21.38.811189 +0530
,,3,3,0,,,18,"You take a sip of soda, an then realize that you drank from the glass that an acquaintance of yours had been drinking from.",1,,,,,,,,,,,,,,,,,0,3,3,3,,,,,,,,,,,,,126.9250767,,,,,,,,,,,,,,126.9149968,132.919056,1,,,,,,,,,,,,,,,,,,,,,,,,,,,,,,,,,,,,,,,,,,,,,,,6,1,male,21,2024-11-22_12h21.12.754,solo project,2024.2.1post4,60.2789832,2024-11-22 12h21.38.811189 +0530
,,4,4,0,,,19,"Your friend's pet cat dies, and you have to pick up the dead body with your bare hands.",0,,,,,,,,,,,,,,,,,0,4,4,4,,,,,,,,,,,,,132.9341643,,,,,,,,,,,,,,132.9235839,136.0686824,0,,,,,,,,,,,,,,,,,,,,,,,,,,,,,,,,,,,,,,,,,,,,,,,6,1,male,21,2024-11-22_12h21.12.754,solo project,2024.2.1post4,60.2789832,2024-11-22 12h21.38.811189 +0530
,,5,5,0,,,20,You see someone put ketchup on vanilla ice cream and eat it.,2,,,,,,,,,,,,,,,,,0,5,5,5,,,,,,,,,,,,,136.0839242,,,,,,,,,,,,,,136.071981,139.6692228,2,,,,,,,,,,,,,,,,,,,,,,,,,,,,,,,,,,,,,,,,,,,,,,,6,1,male,21,2024-11-22_12h21.12.754,solo project,2024.2.1post4,60.2789832,2024-11-22 12h21.38.811189 +0530
,,6,6,0,,,21,You see a man with his intestines exposed after an accident.,1,,,,,,,,,,,,,,,,,0,6,6,6,,,,,,,,,,,,,139.6838834,,,,,,,,,,,,,,139.6734061,142.4355199,1,,,,,,,,,,,,,,,,,,,,,,,,,,,,,,,,,,,,,,,,,,,,,,,6,1,male,21,2024-11-22_12h21.12.754,solo project,2024.2.1post4,60.2789832,2024-11-22 12h21.38.811189 +0530
,,7,7,0,,,22,You discover that a friend of yours changes underwear only once a week.,3,,,,,,,,,,,,,,,,,0,7,7,7,,,,,,,,,,,,,142.4506954,,,,,,,,,,,,,,142.4389629,146.7186635,3,,,,,,,,,,,,,,,,,,,,,,,,,,,,,,,,,,,,,,,,,,,,,,,6,1,male,21,2024-11-22_12h21.12.754,solo project,2024.2.1post4,60.2789832,2024-11-22 12h21.38.811189 +0530
,,8,8,0,,,23,A friend offers you a piece of chocolate shaped like dog-doo.,3,,,,,,,,,,,,,,,,,0,8,8,8,,,,,,,,,,,,,146.7341631,,,,,,,,,,,,,,146.7244425,148.9850486,3,,,,,,,,,,,,,,,,,,,,,,,,,,,,,,,,,,,,,,,,,,,,,,,6,1,male,21,2024-11-22_12h21.12.754,solo project,2024.2.1post4,60.2789832,2024-11-22 12h21.38.811189 +0530
,,9,9,0,,,24,You accidentally touch the ashes of a person who has been cremated.,0,,,,,,,,,,,,,,,,,0,9,9,9,,,,,,,,,,,,,149.0008767,,,,,,,,,,,,,,148.9883595,153.8352623,0,,,,,,,,,,,,,,,,,,,,,,,,,,,,,,,,,,,,,,,,,,,,,,,6,1,male,21,2024-11-22_12h21.12.754,solo project,2024.2.1post4,60.2789832,2024-11-22 12h21.38.811189 +0530
,,10,10,0,,,25,You are about to drink a glass of milk when you smell that it is spoiled.,2,,,,,,,,,,,,,,,,,0,10,10,10,,,,,,,,,,,,,153.8505137,,,,,,,,,,,,,,153.8387335,164.0852017,2,,,,,,,,,,,,,,,,,,,,,,,,,,,,,,,,,,,,,,,,,,,,,,,6,1,male,21,2024-11-22_12h21.12.754,solo project,2024.2.1post4,60.2789832,2024-11-22 12h21.38.811189 +0530
,,11,11,0,,,26,"As a part of a sex education class, you are required to inflate a new unlubricated condom using your mouth.",0,,,,,,,,,,,,,,,,,0,11,11,11,,,,,,,,,,,,,164.1010326,,,,,,,,,,,,,,164.0909701,168.2348886,0,,,,,,,,,,,,,,,,,,,,,,,,,,,,,,,,,,,,,,,,,,,,,,,6,1,male,21,2024-11-22_12h21.12.754,solo project,2024.2.1post4,60.2789832,2024-11-22 12h21.38.811189 +0530
,,12,12,0,,,27,"You are walking barefoot on concrete, and you step on an earthworm.",3,,,,,,,,,,,,,,,,,0,12,12,12,,,,,,,,,,,,,168.2503264,,,,,,,,,,,,,,168.2384165,170.5677534,3,,,,,,,,,,,,,,,,,,,,,,,,,,,,,,,,,,,,,,,,,,,,,,,6,1,male,21,2024-11-22_12h21.12.754,solo project,2024.2.1post4,60.2789832,2024-11-22 12h21.38.811189 +0530
,,,,,,,,,,,,,,,,,,,,,,,,,,,,,,,,,,,,,,,,,,,,,,,,,,,,,,,,,,,170.5678354,173.93705,space,3.2781112,None,,,,,,,,,,,,,,,,,,,,,,,,,,,,,,,,,,,,,,,,,,6,1,male,21,2024-11-22_12h21.12.754,solo project,2024.2.1post4,60.2789832,2024-11-22 12h21.38.811189 +0530
,,0,0,0,,,,,,images/1202_death_lum.jpg,disgust,death,lantern,,,,,,,,,,,,,,,,,0,0,0,8,,,,,,,,,173.9962568,,,,,,,,,,,,,,,,,,,,,,173.9855793,173.9962568,174.9423887,174.9423887,175.0088877,176.9572404,176.9572404,176.9262445,,,,,,,,,,,,,,,,,,,,,,,,,,,,,,,,,,6,1,male,21,2024-11-22_12h21.12.754,solo project,2024.2.1post4,60.2789832,2024-11-22 12h21.38.811189 +0530
,,1,1,0,,,,,,images/1044_food_neutral_lum.jpg,neutral,food,custom,,,,,,,,,,,,,,,,,0,1,1,1,,,,,,,,,176.9572404,,,,,,,,,,,,,,,,,,,,,,176.9540764,176.9572404,177.9431177,177.9431177,177.9601377,179.9615206,179.9615206,179.9274005,,,,,,,,,,,,,,,,,,,,,,,,,,,,,,,,,,6,1,male,21,2024-11-22_12h21.12.754,solo project,2024.2.1post4,60.2789832,2024-11-22 12h21.38.811189 +0530
,,2,2,0,,,,,,images/1192_injuries_infections neutral_lum.jpg,neutral,injury/infection,stove,,,,,,,,,,,,,,,,,0,2,2,26,,,,,,,,,179.9615206,,,,,,,,,,,,,,,,,,,,,,179.956936,179.9615206,180.9469859,180.9469859,180.9637317,182.9671939,182.9671939,182.9314666,,,,,,,,,,,,,,,,,,,,,,,,,,,,,,,,,,6,1,male,21,2024-11-22_12h21.12.754,solo project,2024.2.1post4,60.2789832,2024-11-22 12h21.38.811189 +0530
,,3,3,0,,,,,,images/1001_food_lum.jpg,disgust,food,radiator,,,,,,,,,,,,,,,,,0,3,3,18,,,,,,,,,182.9671939,,,,,,,,,,,,,,,,,,,,,,182.9627189,182.9671939,183.9517133,183.9517133,183.9677067,185.9654521,185.9654521,185.9351013,,,,,,,,,,,,,,,,,,,,,,,,,,,,,,,,,,6,1,male,21,2024-11-22_12h21.12.754,solo project,2024.2.1post4,60.2789832,2024-11-22 12h21.38.811189 +0530
,,4,4,0,,,,,,images/1299_hygiene neutral_lum.jpg,neutral,hygeine,rancid,,,,,,,,,,,,,,,,,0,4,4,19,,,,,,,,,185.9654521,,,,,,,,,,,,,,,,,,,,,,185.9604899,185.9654521,186.951398,186.951398,186.9678786,188.967089,188.967089,188.9352272,,,,,,,,,,,,,,,,,,,,,,,,,,,,,,,,,,6,1,male,21,2024-11-22_12h21.12.754,solo project,2024.2.1post4,60.2789832,2024-11-22 12h21.38.811189 +0530
,,5,5,0,,,,,,images/1247_death neutral_lum.jpg,neutral,death,wine,,,,,,,,,,,,,,,,,0,5,5,29,,,,,,,,,188.967089,,,,,,,,,,,,,,,,,,,,,,188.9638473,188.967089,189.9533823,189.9533823,189.970042,191.9671616,191.9671616,191.9374331,,,,,,,,,,,,,,,,,,,,,,,,,,,,,,,,,,6,1,male,21,2024-11-22_12h21.12.754,solo project,2024.2.1post4,60.2789832,2024-11-22 12h21.38.811189 +0530
,,6,6,0,,,,,,images/1143_body products neutral_lum.jpg,neutral,body product,invest,,,,,,,,,,,,,,,,,0,6,6,6,,,,,,,,,191.9671616,,,,,,,,,,,,,,,,,,,,,,191.9619132,191.9671616,192.9364622,192.9364622,192.9701081,194.9535235,194.9535235,194.9205594,,,,,,,,,,,,,,,,,,,,,,,,,,,,,,,,,,6,1,male,21,2024-11-22_12h21.12.754,solo project,2024.2.1post4,60.2789832,2024-11-22 12h21.38.811189 +0530
,,7,7,0,,,,,,images/1271_hygiene_lum.jpg,disgust,hygeine,limber,,,,,,,,,,,,,,,,,0,7,7,10,,,,,,,,,194.9535235,,,,,,,,,,,,,,,,,,,,,,194.9501254,194.9535235,195.9398395,195.9398395,195.9563183,197.9566366,197.9566366,197.9235062,,,,,,,,,,,,,,,,,,,,,,,,,,,,,,,,,,6,1,male,21,2024-11-22_12h21.12.754,solo project,2024.2.1post4,60.2789832,2024-11-22 12h21.38.811189 +0530
,,8,8,0,,,,,,images/1165_injuries_infections_lum.jpg,disgust,injury/infection,glacier,,,,,,,,,,,,,,,,,0,8,8,4,,,,,,,,,197.9566366,,,,,,,,,,,,,,,,,,,,,,197.952972,197.9566366,198.942912,198.942912,198.9592393,200.9543443,200.9543443,200.9268482,,,,,,,,,,,,,,,,,,,,,,,,,,,,,,,,,,6,1,male,21,2024-11-22_12h21.12.754,solo project,2024.2.1post4,60.2789832,2024-11-22 12h21.38.811189 +0530
,,9,9,0,,,,,,images/1073_animals_lum.jpg,disgust,animal,journal,,,,,,,,,,,,,,,,,0,9,9,7,,,,,,,,,200.9543443,,,,,,,,,,,,,,,,,,,,,,200.9503132,200.9543443,201.94264,201.94264,201.9592815,203.9601018,203.9601018,203.9267216,,,,,,,,,,,,,,,,,,,,,,,,,,,,,,,,,,6,1,male,21,2024-11-22_12h21.12.754,solo project,2024.2.1post4,60.2789832,2024-11-22 12h21.38.811189 +0530
,,10,10,0,,,,,,images/1118_body products_lum.jpg,disgust,body product,reverent,,,,,,,,,,,,,,,,,0,10,10,22,,,,,,,,,203.9601018,,,,,,,,,,,,,,,,,,,,,,203.9543126,203.9601018,204.9459743,204.9459743,204.9628138,206.9574568,206.9574568,206.9297793,,,,,,,,,,,,,,,,,,,,,,,,,,,,,,,,,,6,1,male,21,2024-11-22_12h21.12.754,solo project,2024.2.1post4,60.2789832,2024-11-22 12h21.38.811189 +0530
,,11,11,0,,,,,,images/1153_injuries_infections_lum.jpg,disgust,injury/infection,elevator,,,,,,,,,,,,,,,,,0,11,11,2,,,,,,,,,206.9574568,,,,,,,,,,,,,,,,,,,,,,206.9525045,206.9574568,207.9458021,207.9458021,207.9630505,209.9619332,209.9619332,209.9302888,,,,,,,,,,,,,,,,,,,,,,,,,,,,,,,,,,6,1,male,21,2024-11-22_12h21.12.754,solo project,2024.2.1post4,60.2789832,2024-11-22 12h21.38.811189 +0530
,,12,12,0,,,,,,images/1291_hygiene neutral_lum.jpg,neutral,hygeine,hard,,,,,,,,,,,,,,,,,0,12,12,5,,,,,,,,,209.9619332,,,,,,,,,,,,,,,,,,,,,,209.9585648,209.9619332,210.9478604,210.9478604,210.9644483,212.9628052,212.9628052,212.9319153,,,,,,,,,,,,,,,,,,,,,,,,,,,,,,,,,,6,1,male,21,2024-11-22_12h21.12.754,solo project,2024.2.1post4,60.2789832,2024-11-22 12h21.38.811189 +0530
,,13,13,0,,,,,,images/1146_body products neutral_lum.jpg,neutral,body product,reptile,,,,,,,,,,,,,,,,,0,13,13,21,,,,,,,,,212.9628052,,,,,,,,,,,,,,,,,,,,,,212.9595293,212.9628052,213.9491907,213.9491907,213.96588,215.9595871,215.9595871,215.9327734,,,,,,,,,,,,,,,,,,,,,,,,,,,,,,,,,,6,1,male,21,2024-11-22_12h21.12.754,solo project,2024.2.1post4,60.2789832,2024-11-22 12h21.38.811189 +0530
,,14,14,0,,,,,,images/1100_animals_neutral_lum.jpg,neutral,animal,nursery,,,,,,,,,,,,,,,,,0,14,14,15,,,,,,,,,215.9595871,,,,,,,,,,,,,,,,,,,,,,215.9558924,215.9595871,216.9489099,216.9489099,216.96551,218.96713,218.96713,218.9326043,,,,,,,,,,,,,,,,,,,,,,,,,,,,,,,,,,6,1,male,21,2024-11-22_12h21.12.754,solo project,2024.2.1post4,60.2789832,2024-11-22 12h21.38.811189 +0530
,,15,15,0,,,,,,images/1250_death neutral_lum.jpg,neutral,death,neurotic,,,,,,,,,,,,,,,,,0,15,15,14,,,,,,,,,218.96713,,,,,,,,,,,,,,,,,,,,,,218.9610396,218.96713,219.952511,219.952511,219.9695542,221.9682277,221.9682277,221.9364612,,,,,,,,,,,,,,,,,,,,,,,,,,,,,,,,,,6,1,male,21,2024-11-22_12h21.12.754,solo project,2024.2.1post4,60.2789832,2024-11-22 12h21.38.811189 +0530
,,16,16,0,,,,,,images/1149_body products neutral_lum.jpg,neutral,body product,skeptical,,,,,,,,,,,,,,,,,0,16,16,24,,,,,,,,,221.9682277,,,,,,,,,,,,,,,,,,,,,,221.9646959,221.9682277,222.9377184,222.9377184,222.9709367,224.9561465,224.9561465,224.9217276,,,,,,,,,,,,,,,,,,,,,,,,,,,,,,,,,,6,1,male,21,2024-11-22_12h21.12.754,solo project,2024.2.1post4,60.2789832,2024-11-22 12h21.38.811189 +0530
,,17,17,0,,,,,,images/1041_food_neutral_lum.jpg,neutral,food,trumpet,,,,,,,,,,,,,,,,,0,17,17,27,,,,,,,,,224.9561465,,,,,,,,,,,,,,,,,,,,,,224.9501292,224.9561465,225.9416058,225.9416058,225.9585124,227.957066,227.957066,227.9253987,,,,,,,,,,,,,,,,,,,,,,,,,,,,,,,,,,6,1,male,21,2024-11-22_12h21.12.754,solo project,2024.2.1post4,60.2789832,2024-11-22 12h21.38.811189 +0530
,,18,18,0,,,,,,images/1093_animals_neutral_lum.jpg,neutral,animal,lighthouse,,,,,,,,,,,,,,,,,0,18,18,9,,,,,,,,,227.957066,,,,,,,,,,,,,,,,,,,,,,227.951684,227.957066,228.9429116,228.9429116,228.959465,230.9553516,230.9553516,230.9270964,,,,,,,,,,,,,,,,,,,,,,,,,,,,,,,,,,6,1,male,21,2024-11-22_12h21.12.754,solo project,2024.2.1post4,60.2789832,2024-11-22 12h21.38.811189 +0530
,,19,19,0,,,,,,images/1200_injuries_infections neutral_lum.jpg,neutral,injury/infection,village,,,,,,,,,,,,,,,,,0,19,19,28,,,,,,,,,230.9553516,,,,,,,,,,,,,,,,,,,,,,230.950404,230.9553516,231.942777,231.942777,231.9599243,233.9632144,233.9632144,233.9271987,,,,,,,,,,,,,,,,,,,,,,,,,,,,,,,,,,6,1,male,21,2024-11-22_12h21.12.754,solo project,2024.2.1post4,60.2789832,2024-11-22 12h21.38.811189 +0530
,,20,20,0,,,,,,images/1032_food_lum.jpg,disgust,food,rattle,,,,,,,,,,,,,,,,,0,20,20,20,,,,,,,,,233.9632144,,,,,,,,,,,,,,,,,,,,,,233.9576026,233.9632144,234.9471555,234.9471555,234.9637249,236.9659113,236.9659113,236.9311376,,,,,,,,,,,,,,,,,,,,,,,,,,,,,,,,,,6,1,male,21,2024-11-22_12h21.12.754,solo project,2024.2.1post4,60.2789832,2024-11-22 12h21.38.811189 +0530
,,21,21,0,,,,,,images/1062_animals_lum.jpg,disgust,animal,ennui,,,,,,,,,,,,,,,,,0,21,21,3,,,,,,,,,236.9659113,,,,,,,,,,,,,,,,,,,,,,236.9605332,236.9659113,237.9519114,237.9519114,237.9688076,239.968394,239.968394,239.9359052,,,,,,,,,,,,,,,,,,,,,,,,,,,,,,,,,,6,1,male,21,2024-11-22_12h21.12.754,solo project,2024.2.1post4,60.2789832,2024-11-22 12h21.38.811189 +0530
,,22,22,0,,,,,,images/1054_animals_lum.jpg,disgust,animal,serious,,,,,,,,,,,,,,,,,0,22,22,23,,,,,,,,,239.968394,,,,,,,,,,,,,,,,,,,,,,239.9632951,239.968394,240.9384654,240.9384654,240.9720631,242.9562569,242.9562569,242.9223331,,,,,,,,,,,,,,,,,,,,,,,,,,,,,,,,,,6,1,male,21,2024-11-22_12h21.12.754,solo project,2024.2.1post4,60.2789832,2024-11-22 12h21.38.811189 +0530
,,23,23,0,,,,,,images/1253_hygiene_lum.jpg,disgust,hygeine,manner,,,,,,,,,,,,,,,,,0,23,23,11,,,,,,,,,242.9562569,,,,,,,,,,,,,,,,,,,,,,242.9504651,242.9562569,243.9422745,243.9422745,243.9589969,245.9536288,245.9536288,245.9262344,,,,,,,,,,,,,,,,,,,,,,,,,,,,,,,,,,6,1,male,21,2024-11-22_12h21.12.754,solo project,2024.2.1post4,60.2789832,2024-11-22 12h21.38.811189 +0530
,,24,24,0,,,,,,images/1049_food_neutral_lum.jpg,neutral,food,privacy,,,,,,,,,,,,,,,,,0,24,24,17,,,,,,,,,245.9536288,,,,,,,,,,,,,,,,,,,,,,245.9483303,245.9536288,246.9427761,246.9427761,246.9589202,248.9605495,248.9605495,248.9260496,,,,,,,,,,,,,,,,,,,,,,,,,,,,,,,,,,6,1,male,21,2024-11-22_12h21.12.754,solo project,2024.2.1post4,60.2789832,2024-11-22 12h21.38.811189 +0530
,,25,25,0,,,,,,images/1099_animals_neutral_lum.jpg,neutral,animal,coast,,,,,,,,,,,,,,,,,0,25,25,0,,,,,,,,,248.9605495,,,,,,,,,,,,,,,,,,,,,,248.9553182,248.9605495,249.9463702,249.9463702,249.9630482,251.9639097,251.9639097,251.9301613,,,,,,,,,,,,,,,,,,,,,,,,,,,,,,,,,,6,1,male,21,2024-11-22_12h21.12.754,solo project,2024.2.1post4,60.2789832,2024-11-22 12h21.38.811189 +0530
,,26,26,0,,,,,,images/1107_body products_lum.jpg,disgust,body product,passage,,,,,,,,,,,,,,,,,0,26,26,16,,,,,,,,,251.9639097,,,,,,,,,,,,,,,,,,,,,,251.9586849,251.9639097,252.950839,252.950839,252.96708,254.9675506,254.9675506,254.9346684,,,,,,,,,,,,,,,,,,,,,,,,,,,,,,,,,,6,1,male,21,2024-11-22_12h21.12.754,solo project,2024.2.1post4,60.2789832,2024-11-22 12h21.38.811189 +0530
,,27,27,0,,,,,,images/1013_food_lum.jpg,disgust,food,stiff,,,,,,,,,,,,,,,,,0,27,27,25,,,,,,,,,254.9675506,,,,,,,,,,,,,,,,,,,,,,254.9639793,254.9675506,255.9379165,255.9379165,255.9711793,257.9496353,257.9496353,257.9212745,,,,,,,,,,,,,,,,,,,,,,,,,,,,,,,,,,6,1,male,21,2024-11-22_12h21.12.754,solo project,2024.2.1post4,60.2789832,2024-11-22 12h21.38.811189 +0530
,,28,28,0,,,,,,images/1223_death_lum.jpg,disgust,death,mischief,,,,,,,,,,,,,,,,,0,28,28,13,,,,,,,,,257.9496353,,,,,,,,,,,,,,,,,,,,,,257.9444803,257.9496353,258.9377446,258.9377446,258.9546083,260.9535945,260.9535945,260.9220865,,,,,,,,,,,,,,,,,,,,,,,,,,,,,,,,,,6,1,male,21,2024-11-22_12h21.12.754,solo project,2024.2.1post4,60.2789832,2024-11-22 12h21.38.811189 +0530
,,29,29,0,,,,,,images/1104_body products_lum.jpg,disgust,body product,material,,,,,,,,,,,,,,,,,0,29,29,12,,,,,,,,,260.9535945,,,,,,,,,,,,,,,,,,,,,,260.9480527,260.9535945,261.9393029,261.9393029,261.9572405,263.9397566,263.9397566,263.9241137,,,,,,,,,,,,,,,,,,,,,,,,,,,,,,,,,,6,1,male,21,2024-11-22_12h21.12.754,solo project,2024.2.1post4,60.2789832,2024-11-22 12h21.38.811189 +0530
,,,,,,,,,,,,,,,,,,,,,,,,,,,,,,,,,,,,,,,,,,,,,,,,,,,,,,,,,,,,,,,,,,,,,,,,263.9242427,2.0026644,269.6730863,space,3.7278163,None,,,,,,,,,,,,,,,,,,,,,,,,,,,,6,1,male,21,2024-11-22_12h21.12.754,solo project,2024.2.1post4,60.2789832,2024-11-22 12h21.38.811189 +0530
,,0,0,0,,,,,,,disgust,animal,,serious,old,2,11.4581352,,,,,,,,,,,,,,,,,0,0,0,23,,,,,269.7134687,,,,,,,,,,,,,,,,,,,,,,,,,,,,,,,,,,,,269.7033072,269.7134687,269.7134687,281.1772572,2,11.4581352,,,,,,,,,,,,,,,,,,,,,,6,1,male,21,2024-11-22_12h21.12.754,solo project,2024.2.1post4,60.2789832,2024-11-22 12h21.38.811189 +0530
,,1,1,0,,,,,,,disgust,food,,rattle,old,1,4.3446424,,,,,,,,,,,,,,,,,0,1,1,20,,,,,281.1927889,,,,,,,,,,,,,,,,,,,,,,,,,,,,,,,,,,,,281.1835362,281.1927889,281.1927889,285.5437368,1,4.3446424,,,,,,,,,,,,,,,,,,,,,,6,1,male,21,2024-11-22_12h21.12.754,solo project,2024.2.1post4,60.2789832,2024-11-22 12h21.38.811189 +0530
,,2,2,0,,,,,,,neutral,animal,,nursery,old,1,2.2297857,,,,,,,,,,,,,,,,,0,2,2,15,,,,,285.5597207,,,,,,,,,,,,,,,,,,,,,,,,,,,,,,,,,,,,285.5484873,285.5597207,285.5597207,287.7940601,1,2.2297857,,,,,,,,,,,,,,,,,,,,,,6,1,male,21,2024-11-22_12h21.12.754,solo project,2024.2.1post4,60.2789832,2024-11-22 12h21.38.811189 +0530
,,3,3,0,,,,,,,disgust,food,,radiator,old,1,2.3456685,,,,,,,,,,,,,,,,,0,3,3,18,,,,,287.8095037,,,,,,,,,,,,,,,,,,,,,,,,,,,,,,,,,,,,287.7994112,287.8095037,287.8095037,290.1603814,1,2.3456685,,,,,,,,,,,,,,,,,,,,,,6,1,male,21,2024-11-22_12h21.12.754,solo project,2024.2.1post4,60.2789832,2024-11-22 12h21.38.811189 +0530
,,4,4,0,,,,,,,disgust,body product,,passage,old,2,2.3790914,,,,,,,,,,,,,,,,,0,4,4,16,,,,,290.1764064,,,,,,,,,,,,,,,,,,,,,,,,,,,,,,,,,,,,290.1651537,290.1764064,290.1764064,292.5605724,2,2.3790914,,,,,,,,,,,,,,,,,,,,,,6,1,male,21,2024-11-22_12h21.12.754,solo project,2024.2.1post4,60.2789832,2024-11-22 12h21.38.811189 +0530
,,5,5,0,,,,,,,disgust,animal,,ennui,old,1,1.6492893,,,,,,,,,,,,,,,,,0,5,5,3,,,,,292.5757867,,,,,,,,,,,,,,,,,,,,,,,,,,,,,,,,,,,,292.5628357,292.5757867,292.5757867,294.2267173,1,1.6492893,,,,,,,,,,,,,,,,,,,,,,6,1,male,21,2024-11-22_12h21.12.754,solo project,2024.2.1post4,60.2789832,2024-11-22 12h21.38.811189 +0530
,,6,6,0,,,,,,,None,None,,tease,new,2,2.231603,,,,,,,,,,,,,,,,,0,6,6,54,,,,,294.2428047,,,,,,,,,,,,,,,,,,,,,,,,,,,,,,,,,,,,294.2294473,294.2428047,294.2428047,296.4767536,2,2.231603,,,,,,,,,,,,,,,,,,,,,,6,1,male,21,2024-11-22_12h21.12.754,solo project,2024.2.1post4,60.2789832,2024-11-22 12h21.38.811189 +0530
,,7,7,0,,,,,,,None,None,,medicine,new,2,2.2388928,,,,,,,,,,,,,,,,,0,7,7,42,,,,,296.4956905,,,,,,,,,,,,,,,,,,,,,,,,,,,,,,,,,,,,296.4889178,296.4956905,296.4956905,298.7431132,2,2.2388928,,,,,,,,,,,,,,,,,,,,,,6,1,male,21,2024-11-22_12h21.12.754,solo project,2024.2.1post4,60.2789832,2024-11-22 12h21.38.811189 +0530
,,8,8,0,,,,,,,None,None,,trunk,new,2,1.3473099,,,,,,,,,,,,,,,,,0,8,8,57,,,,,298.7599423,,,,,,,,,,,,,,,,,,,,,,,,,,,,,,,,,,,,298.747136,298.7599423,298.7599423,300.1105905,2,1.3473099,,,,,,,,,,,,,,,,,,,,,,6,1,male,21,2024-11-22_12h21.12.754,solo project,2024.2.1post4,60.2789832,2024-11-22 12h21.38.811189 +0530
,,9,9,0,,,,,,,neutral,injury/infection,,village,old,2,1.1471556,,,,,,,,,,,,,,,,,0,9,9,28,,,,,300.125808,,,,,,,,,,,,,,,,,,,,,,,,,,,,,,,,,,,,300.114482,300.125808,300.125808,301.277815,2,1.1471556,,,,,,,,,,,,,,,,,,,,,,6,1,male,21,2024-11-22_12h21.12.754,solo project,2024.2.1post4,60.2789832,2024-11-22 12h21.38.811189 +0530
,,10,10,0,,,,,,,None,None,,shadow,new,2,1.1952102,,,,,,,,,,,,,,,,,0,10,10,50,,,,,301.2928463,,,,,,,,,,,,,,,,,,,,,,,,,,,,,,,,,,,,301.2827057,301.2928463,301.2928463,302.4935799,2,1.1952102,,,,,,,,,,,,,,,,,,,,,,6,1,male,21,2024-11-22_12h21.12.754,solo project,2024.2.1post4,60.2789832,2024-11-22 12h21.38.811189 +0530
,,11,11,0,,,,,,,disgust,death,,lantern,old,2,1.2311412,,,,,,,,,,,,,,,,,0,11,11,8,,,,,302.5092582,,,,,,,,,,,,,,,,,,,,,,,,,,,,,,,,,,,,302.4959769,302.5092582,302.5092582,303.7434531,2,1.2311412,,,,,,,,,,,,,,,,,,,,,,6,1,male,21,2024-11-22_12h21.12.754,solo project,2024.2.1post4,60.2789832,2024-11-22 12h21.38.811189 +0530
,,12,12,0,,,,,,,None,None,,poetry,new,2,1.215318,,,,,,,,,,,,,,,,,0,12,12,44,,,,,303.7594942,,,,,,,,,,,,,,,,,,,,,,,,,,,,,,,,,,,,303.7458602,303.7594942,303.7594942,304.9767246,2,1.215318,,,,,,,,,,,,,,,,,,,,,,6,1,male,21,2024-11-22_12h21.12.754,solo project,2024.2.1post4,60.2789832,2024-11-22 12h21.38.811189 +0530
,,13,13,0,,,,,,,neutral,animal,,lighthouse,old,2,1.064972,,,,,,,,,,,,,,,,,0,13,13,9,,,,,304.9927963,,,,,,,,,,,,,,,,,,,,,,,,,,,,,,,,,,,,304.9793262,304.9927963,304.9927963,306.059856,2,1.064972,,,,,,,,,,,,,,,,,,,,,,6,1,male,21,2024-11-22_12h21.12.754,solo project,2024.2.1post4,60.2789832,2024-11-22 12h21.38.811189 +0530
,,14,14,0,,,,,,,neutral,hygeine,,hard,old,1,1.9486995,,,,,,,,,,,,,,,,,0,14,14,5,,,,,306.0759244,,,,,,,,,,,,,,,,,,,,,,,,,,,,,,,,,,,,306.061973,306.0759244,306.0759244,308.0267204,1,1.9486995,,,,,,,,,,,,,,,,,,,,,,6,1,male,21,2024-11-22_12h21.12.754,solo project,2024.2.1post4,60.2789832,2024-11-22 12h21.38.811189 +0530
,,15,15,0,,,,,,,None,None,,contents,new,2,2.2151844,,,,,,,,,,,,,,,,,0,15,15,32,,,,,308.0424228,,,,,,,,,,,,,,,,,,,,,,,,,,,,,,,,,,,,308.0291445,308.0424228,308.0424228,310.2605388,2,2.2151844,,,,,,,,,,,,,,,,,,,,,,6,1,male,21,2024-11-22_12h21.12.754,solo project,2024.2.1post4,60.2789832,2024-11-22 12h21.38.811189 +0530
,,16,16,0,,,,,,,None,None,,concentrate,new,2,4.5472561,,,,,,,,,,,,,,,,,0,16,16,31,,,,,310.2756611,,,,,,,,,,,,,,,,,,,,,,,,,,,,,,,,,,,,310.2631017,310.2756611,310.2756611,314.8267193,2,4.5472561,,,,,,,,,,,,,,,,,,,,,,6,1,male,21,2024-11-22_12h21.12.754,solo project,2024.2.1post4,60.2789832,2024-11-22 12h21.38.811189 +0530
,,17,17,0,,,,,,,None,None,,paint,new,1,7.5152037,,,,,,,,,,,,,,,,,0,17,17,43,,,,,314.8424296,,,,,,,,,,,,,,,,,,,,,,,,,,,,,,,,,,,,314.8294515,314.8424296,314.8424296,322.3597492,1,7.5152037,,,,,,,,,,,,,,,,,,,,,,6,1,male,21,2024-11-22_12h21.12.754,solo project,2024.2.1post4,60.2789832,2024-11-22 12h21.38.811189 +0530
,,18,18,0,,,,,,,None,None,,market,new,2,12.7077666,,,,,,,,,,,,,,,,,0,18,18,41,,,,,322.3755496,,,,,,,,,,,,,,,,,,,,,,,,,,,,,,,,,,,,322.3619842,322.3755496,322.3755496,335.0851155,2,12.7077666,,,,,,,,,,,,,,,,,,,,,,6,1,male,21,2024-11-22_12h21.12.754,solo project,2024.2.1post4,60.2789832,2024-11-22 12h21.38.811189 +0530
,,19,19,0,,,,,,,neutral,death,,neurotic,old,2,2.3477184,,,,,,,,,,,,,,,,,0,19,19,14,,,,,335.1003927,,,,,,,,,,,,,,,,,,,,,,,,,,,,,,,,,,,,335.0880346,335.1003927,335.1003927,337.4517361,2,2.3477184,,,,,,,,,,,,,,,,,,,,,,6,1,male,21,2024-11-22_12h21.12.754,solo project,2024.2.1post4,60.2789832,2024-11-22 12h21.38.811189 +0530
,,20,20,0,,,,,,,None,None,,rough,new,1,1.5810235,,,,,,,,,,,,,,,,,0,20,20,46,,,,,337.4672183,,,,,,,,,,,,,,,,,,,,,,,,,,,,,,,,,,,,337.454513,337.4672183,337.4672183,339.0516793,1,1.5810235,,,,,,,,,,,,,,,,,,,,,,6,1,male,21,2024-11-22_12h21.12.754,solo project,2024.2.1post4,60.2789832,2024-11-22 12h21.38.811189 +0530
,,21,21,0,,,,,,,None,None,,truck,new,2,1.3810597,,,,,,,,,,,,,,,,,0,21,21,56,,,,,339.0669711,,,,,,,,,,,,,,,,,,,,,,,,,,,,,,,,,,,,339.0546064,339.0669711,339.0669711,340.4515222,2,1.3810597,,,,,,,,,,,,,,,,,,,,,,6,1,male,21,2024-11-22_12h21.12.754,solo project,2024.2.1post4,60.2789832,2024-11-22 12h21.38.811189 +0530
,,22,22,0,,,,,,,None,None,,watch,new,1,4.4147411,,,,,,,,,,,,,,,,,0,22,22,58,,,,,340.4671931,,,,,,,,,,,,,,,,,,,,,,,,,,,,,,,,,,,,340.453581,340.4671931,340.4671931,344.8842846,1,4.4147411,,,,,,,,,,,,,,,,,,,,,,6,1,male,21,2024-11-22_12h21.12.754,solo project,2024.2.1post4,60.2789832,2024-11-22 12h21.38.811189 +0530
,,23,23,0,,,,,,,None,None,,salute,new,2,2.7818512,,,,,,,,,,,,,,,,,0,23,23,47,,,,,344.9001671,,,,,,,,,,,,,,,,,,,,,,,,,,,,,,,,,,,,344.8864492,344.9001671,344.9001671,347.6844887,2,2.7818512,,,,,,,,,,,,,,,,,,,,,,6,1,male,21,2024-11-22_12h21.12.754,solo project,2024.2.1post4,60.2789832,2024-11-22 12h21.38.811189 +0530
,,24,24,0,,,,,,,None,None,,detail,new,2,1.4656828,,,,,,,,,,,,,,,,,0,24,24,33,,,,,347.7001956,,,,,,,,,,,,,,,,,,,,,,,,,,,,,,,,,,,,347.6866132,347.7001956,347.7001956,349.1679136,2,1.4656828,,,,,,,,,,,,,,,,,,,,,,6,1,male,21,2024-11-22_12h21.12.754,solo project,2024.2.1post4,60.2789832,2024-11-22 12h21.38.811189 +0530
,,25,25,0,,,,,,,disgust,injury/infection,,glacier,old,2,1.1153712,,,,,,,,,,,,,,,,,0,25,25,4,,,,,349.1834292,,,,,,,,,,,,,,,,,,,,,,,,,,,,,,,,,,,,349.1701675,349.1834292,349.1834292,350.3015003,2,1.1153712,,,,,,,,,,,,,,,,,,,,,,6,1,male,21,2024-11-22_12h21.12.754,solo project,2024.2.1post4,60.2789832,2024-11-22 12h21.38.811189 +0530
,,26,26,0,,,,,,,None,None,,hand,new,2,1.0318356,,,,,,,,,,,,,,,,,0,26,26,35,,,,,350.3167795,,,,,,,,,,,,,,,,,,,,,,,,,,,,,,,,,,,,350.303508,350.3167795,350.3167795,351.351605,2,1.0318356,,,,,,,,,,,,,,,,,,,,,,6,1,male,21,2024-11-22_12h21.12.754,solo project,2024.2.1post4,60.2789832,2024-11-22 12h21.38.811189 +0530
,,27,27,0,,,,,,,neutral,food,,custom,old,1,1.8995442,,,,,,,,,,,,,,,,,0,27,27,1,,,,,351.3668741,,,,,,,,,,,,,,,,,,,,,,,,,,,,,,,,,,,,351.3537889,351.3668741,351.3668741,353.2680475,1,1.8995442,,,,,,,,,,,,,,,,,,,,,,6,1,male,21,2024-11-22_12h21.12.754,solo project,2024.2.1post4,60.2789832,2024-11-22 12h21.38.811189 +0530
,,28,28,0,,,,,,,None,None,,teacher,new,2,1.2475433,,,,,,,,,,,,,,,,,0,28,28,53,,,,,353.2831958,,,,,,,,,,,,,,,,,,,,,,,,,,,,,,,,,,,,353.2708085,353.2831958,353.2831958,354.5347068,2,1.2475433,,,,,,,,,,,,,,,,,,,,,,6,1,male,21,2024-11-22_12h21.12.754,solo project,2024.2.1post4,60.2789832,2024-11-22 12h21.38.811189 +0530
,,29,29,0,,,,,,,disgust,body product,,material,old,2,1.2816515,,,,,,,,,,,,,,,,,0,29,29,12,,,,,354.5506616,,,,,,,,,,,,,,,,,,,,,,,,,,,,,,,,,,,,354.5369077,354.5506616,354.5506616,355.8348135,2,1.2816515,,,,,,,,,,,,,,,,,,,,,,6,1,male,21,2024-11-22_12h21.12.754,solo project,2024.2.1post4,60.2789832,2024-11-22 12h21.38.811189 +0530
,,30,30,0,,,,,,,None,None,,hawk,new,2,1.0649728,,,,,,,,,,,,,,,,,0,30,30,36,,,,,355.8504597,,,,,,,,,,,,,,,,,,,,,,,,,,,,,,,,,,,,355.8368101,355.8504597,355.8504597,356.917462,2,1.0649728,,,,,,,,,,,,,,,,,,,,,,6,1,male,21,2024-11-22_12h21.12.754,solo project,2024.2.1post4,60.2789832,2024-11-22 12h21.38.811189 +0530
,,31,31,0,,,,,,,None,None,,repentant,new,2,1.0319915,,,,,,,,,,,,,,,,,0,31,31,45,,,,,356.9331154,,,,,,,,,,,,,,,,,,,,,,,,,,,,,,,,,,,,356.9200572,356.9331154,356.9331154,357.9672416,2,1.0319915,,,,,,,,,,,,,,,,,,,,,,6,1,male,21,2024-11-22_12h21.12.754,solo project,2024.2.1post4,60.2789832,2024-11-22 12h21.38.811189 +0530
,,32,32,0,,,,,,,None,None,,lawn,new,2,0.9830522,,,,,,,,,,,,,,,,,0,32,32,39,,,,,357.9834635,,,,,,,,,,,,,,,,,,,,,,,,,,,,,,,,,,,,357.9692507,357.9834635,357.9834635,358.967858,2,0.9830522,,,,,,,,,,,,,,,,,,,,,,6,1,male,21,2024-11-22_12h21.12.754,solo project,2024.2.1post4,60.2789832,2024-11-22 12h21.38.811189 +0530
,,33,33,0,,,,,,,None,None,,clock,new,2,1.332211,,,,,,,,,,,,,,,,,0,33,33,30,,,,,358.9833,,,,,,,,,,,,,,,,,,,,,,,,,,,,,,,,,,,,358.9701094,358.9833,358.9833,360.3177893,2,1.332211,,,,,,,,,,,,,,,,,,,,,,6,1,male,21,2024-11-22_12h21.12.754,solo project,2024.2.1post4,60.2789832,2024-11-22 12h21.38.811189 +0530
,,34,34,0,,,,,,,disgust,animal,,journal,old,2,1.1470379,,,,,,,,,,,,,,,,,0,34,34,7,,,,,360.3336185,,,,,,,,,,,,,,,,,,,,,,,,,,,,,,,,,,,,360.321651,360.3336185,360.3336185,361.4849984,2,1.1470379,,,,,,,,,,,,,,,,,,,,,,6,1,male,21,2024-11-22_12h21.12.754,solo project,2024.2.1post4,60.2789832,2024-11-22 12h21.38.811189 +0530
,,35,35,0,,,,,,,None,None,,skyscraper,new,2,1.0307555,,,,,,,,,,,,,,,,,0,35,35,51,,,,,361.500541,,,,,,,,,,,,,,,,,,,,,,,,,,,,,,,,,,,,361.4877315,361.500541,361.500541,362.5346217,2,1.0307555,,,,,,,,,,,,,,,,,,,,,,6,1,male,21,2024-11-22_12h21.12.754,solo project,2024.2.1post4,60.2789832,2024-11-22 12h21.38.811189 +0530
,,36,36,0,,,,,,,None,None,,industry,new,2,0.8312489,,,,,,,,,,,,,,,,,0,36,36,38,,,,,362.5501835,,,,,,,,,,,,,,,,,,,,,,,,,,,,,,,,,,,,362.5368986,362.5501835,362.5501835,363.3846994,2,0.8312489,,,,,,,,,,,,,,,,,,,,,,6,1,male,21,2024-11-22_12h21.12.754,solo project,2024.2.1post4,60.2789832,2024-11-22 12h21.38.811189 +0530
,,37,37,0,,,,,,,disgust,death,,mischief,old,2,0.8461205,,,,,,,,,,,,,,,,,0,37,37,13,,,,,363.400378,,,,,,,,,,,,,,,,,,,,,,,,,,,,,,,,,,,,363.3889752,363.400378,363.400378,364.251302,2,0.8461205,,,,,,,,,,,,,,,,,,,,,,6,1,male,21,2024-11-22_12h21.12.754,solo project,2024.2.1post4,60.2789832,2024-11-22 12h21.38.811189 +0530
,,38,38,0,,,,,,,disgust,injury/infection,,elevator,old,2,1.364909,,,,,,,,,,,,,,,,,0,38,38,2,,,,,364.2667931,,,,,,,,,,,,,,,,,,,,,,,,,,,,,,,,,,,,364.2535309,364.2667931,364.2667931,365.6348996,2,1.364909,,,,,,,,,,,,,,,,,,,,,,6,1,male,21,2024-11-22_12h21.12.754,solo project,2024.2.1post4,60.2789832,2024-11-22 12h21.38.811189 +0530
,,39,39,0,,,,,,,neutral,body product,,reptile,old,2,1.9484665,,,,,,,,,,,,,,,,,0,39,39,21,,,,,365.6498371,,,,,,,,,,,,,,,,,,,,,,,,,,,,,,,,,,,,365.6372655,365.6498371,365.6498371,367.6018741,2,1.9484665,,,,,,,,,,,,,,,,,,,,,,6,1,male,21,2024-11-22_12h21.12.754,solo project,2024.2.1post4,60.2789832,2024-11-22 12h21.38.811189 +0530
,,40,40,0,,,,,,,None,None,,storm,new,2,0.8648937,,,,,,,,,,,,,,,,,0,40,40,52,,,,,367.6166496,,,,,,,,,,,,,,,,,,,,,,,,,,,,,,,,,,,,367.6039255,367.6166496,367.6166496,368.4844334,2,0.8648937,,,,,,,,,,,,,,,,,,,,,,6,1,male,21,2024-11-22_12h21.12.754,solo project,2024.2.1post4,60.2789832,2024-11-22 12h21.38.811189 +0530
,,41,41,0,,,,,,,neutral,death,,wine,old,2,1.6817353,,,,,,,,,,,,,,,,,0,41,41,29,,,,,368.5002752,,,,,,,,,,,,,,,,,,,,,,,,,,,,,,,,,,,,368.4864955,368.5002752,368.5002752,370.1846304,2,1.6817353,,,,,,,,,,,,,,,,,,,,,,6,1,male,21,2024-11-22_12h21.12.754,solo project,2024.2.1post4,60.2789832,2024-11-22 12h21.38.811189 +0530
,,42,42,0,,,,,,,None,None,,highway,new,2,1.4312486,,,,,,,,,,,,,,,,,0,42,42,37,,,,,370.2000036,,,,,,,,,,,,,,,,,,,,,,,,,,,,,,,,,,,,370.186897,370.2000036,370.2000036,371.6339842,2,1.4312486,,,,,,,,,,,,,,,,,,,,,,6,1,male,21,2024-11-22_12h21.12.754,solo project,2024.2.1post4,60.2789832,2024-11-22 12h21.38.811189 +0530
,,43,43,0,,,,,,,None,None,,theory,new,2,0.9156428,,,,,,,,,,,,,,,,,0,43,43,55,,,,,371.6496712,,,,,,,,,,,,,,,,,,,,,,,,,,,,,,,,,,,,371.6364744,371.6496712,371.6496712,372.5677467,2,0.9156428,,,,,,,,,,,,,,,,,,,,,,6,1,male,21,2024-11-22_12h21.12.754,solo project,2024.2.1post4,60.2789832,2024-11-22 12h21.38.811189 +0530
,,44,44,0,,,,,,,None,None,,sentiment,new,2,2.681868,,,,,,,,,,,,,,,,,0,44,44,49,,,,,372.5833802,,,,,,,,,,,,,,,,,,,,,,,,,,,,,,,,,,,,372.5702635,372.5833802,372.5833802,375.267476,2,2.681868,,,,,,,,,,,,,,,,,,,,,,6,1,male,21,2024-11-22_12h21.12.754,solo project,2024.2.1post4,60.2789832,2024-11-22 12h21.38.811189 +0530
,,45,45,0,,,,,,,neutral,body product,,skeptical,old,2,1.7817995,,,,,,,,,,,,,,,,,0,45,45,24,,,,,375.2834261,,,,,,,,,,,,,,,,,,,,,,,,,,,,,,,,,,,,375.270146,375.2834261,375.2834261,377.067735,2,1.7817995,,,,,,,,,,,,,,,,,,,,,,6,1,male,21,2024-11-22_12h21.12.754,solo project,2024.2.1post4,60.2789832,2024-11-22 12h21.38.811189 +0530
,,46,46,0,,,,,,,disgust,hygeine,,manner,old,2,1.2983147,,,,,,,,,,,,,,,,,0,46,46,11,,,,,377.0830628,,,,,,,,,,,,,,,,,,,,,,,,,,,,,,,,,,,,377.0698872,377.0830628,377.0830628,378.3841273,2,1.2983147,,,,,,,,,,,,,,,,,,,,,,6,1,male,21,2024-11-22_12h21.12.754,solo project,2024.2.1post4,60.2789832,2024-11-22 12h21.38.811189 +0530
,,47,47,0,,,,,,,disgust,body product,,reverent,old,2,1.1153006,,,,,,,,,,,,,,,,,0,47,47,22,,,,,378.3999114,,,,,,,,,,,,,,,,,,,,,,,,,,,,,,,,,,,,378.3867047,378.3999114,378.3999114,379.5173099,2,1.1153006,,,,,,,,,,,,,,,,,,,,,,6,1,male,21,2024-11-22_12h21.12.754,solo project,2024.2.1post4,60.2789832,2024-11-22 12h21.38.811189 +0530
,,48,48,0,,,,,,,neutral,food,,trumpet,old,1,2.0489356,,,,,,,,,,,,,,,,,0,48,48,27,,,,,379.5328528,,,,,,,,,,,,,,,,,,,,,,,,,,,,,,,,,,,,379.519448,379.5328528,379.5328528,381.5842097,1,2.0489356,,,,,,,,,,,,,,,,,,,,,,6,1,male,21,2024-11-22_12h21.12.754,solo project,2024.2.1post4,60.2789832,2024-11-22 12h21.38.811189 +0530
,,49,49,0,,,,,,,None,None,,lightbulb,new,2,2.1958286,,,,,,,,,,,,,,,,,0,49,49,40,,,,,381.5996959,,,,,,,,,,,,,,,,,,,,,,,,,,,,,,,,,,,,381.5888372,381.5996959,381.5996959,383.8012371,2,2.1958286,,,,,,,,,,,,,,,,,,,,,,6,1,male,21,2024-11-22_12h21.12.754,solo project,2024.2.1post4,60.2789832,2024-11-22 12h21.38.811189 +0530
,,50,50,0,,,,,,,neutral,hygeine,,rancid,old,1,1.8483513,,,,,,,,,,,,,,,,,0,50,50,19,,,,,383.8165438,,,,,,,,,,,,,,,,,,,,,,,,,,,,,,,,,,,,383.8037442,383.8165438,383.8165438,385.6679383,1,1.8483513,,,,,,,,,,,,,,,,,,,,,,6,1,male,21,2024-11-22_12h21.12.754,solo project,2024.2.1post4,60.2789832,2024-11-22 12h21.38.811189 +0530
,,51,51,0,,,,,,,None,None,,whistle,new,2,1.74746,,,,,,,,,,,,,,,,,0,51,51,59,,,,,385.6831461,,,,,,,,,,,,,,,,,,,,,,,,,,,,,,,,,,,,385.6706265,385.6831461,385.6831461,387.4339872,2,1.74746,,,,,,,,,,,,,,,,,,,,,,6,1,male,21,2024-11-22_12h21.12.754,solo project,2024.2.1post4,60.2789832,2024-11-22 12h21.38.811189 +0530
,,52,52,0,,,,,,,neutral,body product,,invest,old,1,6.0652123,,,,,,,,,,,,,,,,,0,52,52,6,,,,,387.4497461,,,,,,,,,,,,,,,,,,,,,,,,,,,,,,,,,,,,387.4362202,387.4497461,387.4497461,393.5180869,1,6.0652123,,,,,,,,,,,,,,,,,,,,,,6,1,male,21,2024-11-22_12h21.12.754,solo project,2024.2.1post4,60.2789832,2024-11-22 12h21.38.811189 +0530
,,53,53,0,,,,,,,None,None,,scissors,new,2,1.9978636,,,,,,,,,,,,,,,,,0,53,53,48,,,,,393.5334237,,,,,,,,,,,,,,,,,,,,,,,,,,,,,,,,,,,,393.5203876,393.5334237,393.5334237,395.5341176,2,1.9978636,,,,,,,,,,,,,,,,,,,,,,6,1,male,21,2024-11-22_12h21.12.754,solo project,2024.2.1post4,60.2789832,2024-11-22 12h21.38.811189 +0530
,,54,54,0,,,,,,,disgust,food,,stiff,old,2,1.3655386,,,,,,,,,,,,,,,,,0,54,54,25,,,,,395.5493939,,,,,,,,,,,,,,,,,,,,,,,,,,,,,,,,,,,,395.5364869,395.5493939,395.5493939,396.9172575,2,1.3655386,,,,,,,,,,,,,,,,,,,,,,6,1,male,21,2024-11-22_12h21.12.754,solo project,2024.2.1post4,60.2789832,2024-11-22 12h21.38.811189 +0530
,,55,55,0,,,,,,,None,None,,fabric,new,2,1.5148888,,,,,,,,,,,,,,,,,0,55,55,34,,,,,396.9330234,,,,,,,,,,,,,,,,,,,,,,,,,,,,,,,,,,,,396.9196252,396.9330234,396.9330234,398.4501296,2,1.5148888,,,,,,,,,,,,,,,,,,,,,,6,1,male,21,2024-11-22_12h21.12.754,solo project,2024.2.1post4,60.2789832,2024-11-22 12h21.38.811189 +0530
,,56,56,0,,,,,,,neutral,food,,privacy,old,2,1.0651089,,,,,,,,,,,,,,,,,0,56,56,17,,,,,398.4660447,,,,,,,,,,,,,,,,,,,,,,,,,,,,,,,,,,,,398.4526389,398.4660447,398.4660447,399.53409,2,1.0651089,,,,,,,,,,,,,,,,,,,,,,6,1,male,21,2024-11-22_12h21.12.754,solo project,2024.2.1post4,60.2789832,2024-11-22 12h21.38.811189 +0530
,,57,57,0,,,,,,,neutral,injury/infection,,stove,old,2,2.6982918,,,,,,,,,,,,,,,,,0,57,57,26,,,,,399.5493896,,,,,,,,,,,,,,,,,,,,,,,,,,,,,,,,,,,,399.536151,399.5493896,399.5493896,402.2508474,2,2.6982918,,,,,,,,,,,,,,,,,,,,,,6,1,male,21,2024-11-22_12h21.12.754,solo project,2024.2.1post4,60.2789832,2024-11-22 12h21.38.811189 +0530
,,58,58,0,,,,,,,disgust,hygeine,,limber,old,1,1.7150278,,,,,,,,,,,,,,,,,0,58,58,10,,,,,402.2663595,,,,,,,,,,,,,,,,,,,,,,,,,,,,,,,,,,,,402.2530055,402.2663595,402.2663595,403.9841758,1,1.7150278,,,,,,,,,,,,,,,,,,,,,,6,1,male,21,2024-11-22_12h21.12.754,solo project,2024.2.1post4,60.2789832,2024-11-22 12h21.38.811189 +0530
,,59,59,0,,,,,,,neutral,animal,,coast,old,1,2.2317109,,,,,,,,,,,,,,,,,0,59,59,0,,,,,403.9992955,,,,,,,,,,,,,,,,,,,,,,,,,,,,,,,,,,,,403.9864826,403.9992955,403.9992955,406.2343134,1,2.2317109,,,,,,,,,,,,,,,,,,,,,,6,1,male,21,2024-11-22_12h21.12.754,solo project,2024.2.1post4,60.2789832,2024-11-22 12h21.38.811189 +0530
,,,,,,,,,,,,,,,,,,,,,,,,,,,,,,,,,,,,,,,,,,,,,,,,,,,,,,,,,,,,,,,,,,,,,,,,,,,,,,,,,,,,406.2349814,412.1671933,1,[5.916909399908036],[5.916914599947631],,,,,,,,,,,,,,,,,6,1,male,21,2024-11-22_12h21.12.754,solo project,2024.2.1post4,60.2789832,2024-11-22 12h21.38.811189 +0530
,,,,,,,,,,,,,,,,,,,,,,,,,,,,,,,,,,,,,,,,,,,,,,,,,,,,,,,,,,,,,,,,,,,,,,,,,,,,,,,,,,,,,,,,,412.1672791,419.8504107,space,7.6697929,None,,,,,,,,,,,,6,1,male,21,2024-11-22_12h21.12.754,solo project,2024.2.1post4,60.2789832,2024-11-22 12h21.38.811189 +0530
,,,,,,,,,,,,,,,,,,,,,,,,,,,,,,,,,,,,,,,,,,,,,,,,,,,,,,,,,,,,,,,,,,,,,,,,,,,,,,,,,,,,,,,,,,,,,,419.8504953,421.3174641,space,1.4601124,None,,,,,,,6,1,male,21,2024-11-22_12h21.12.754,solo project,2024.2.1post4,60.2789832,2024-11-22 12h21.38.811189 +0530
,,0,0,0,,,,,,,,,,,,,,1,Telephoning in public,0,0,,,,,,,,,,,,,,,,,0,0,0,0,421.3491412,,,,,,,,,,,,,,,,,,,,,,,,,,,,,,,,,,,,,,,,,,,,,,,,,,,,,,,,,421.3291968,421.3491412,421.3491412,434.9522157,0,0,6,1,male,21,2024-11-22_12h21.12.754,solo project,2024.2.1post4,60.2789832,2024-11-22 12h21.38.811189 +0530
,,1,1,0,,,,,,,,,,,,,,2,Participating in small groups,0,0,,,,,,,,,,,,,,,,,0,1,1,1,434.9714747,,,,,,,,,,,,,,,,,,,,,,,,,,,,,,,,,,,,,,,,,,,,,,,,,,,,,,,,,434.9569494,434.9714747,434.9714747,441.1019441,0,0,6,1,male,21,2024-11-22_12h21.12.754,solo project,2024.2.1post4,60.2789832,2024-11-22 12h21.38.811189 +0530
,,2,2,0,,,,,,,,,,,,,,3,Eating in public places,0,0,,,,,,,,,,,,,,,,,0,2,2,2,441.1198179,,,,,,,,,,,,,,,,,,,,,,,,,,,,,,,,,,,,,,,,,,,,,,,,,,,,,,,,,441.1057924,441.1198179,441.1198179,445.9026947,0,0,6,1,male,21,2024-11-22_12h21.12.754,solo project,2024.2.1post4,60.2789832,2024-11-22 12h21.38.811189 +0530
,,3,3,0,,,,,,,,,,,,,,4,Drinking with others in public places,0,0,,,,,,,,,,,,,,,,,0,3,3,3,445.9225334,,,,,,,,,,,,,,,,,,,,,,,,,,,,,,,,,,,,,,,,,,,,,,,,,,,,,,,,,445.9070805,445.9225334,445.9225334,448.7126951,0,0,6,1,male,21,2024-11-22_12h21.12.754,solo project,2024.2.1post4,60.2789832,2024-11-22 12h21.38.811189 +0530
,,4,4,0,,,,,,,,,,,,,,5,Talking to people in authority,1,0,,,,,,,,,,,,,,,,,0,4,4,4,448.73396,,,,,,,,,,,,,,,,,,,,,,,,,,,,,,,,,,,,,,,,,,,,,,,,,,,,,,,,,448.7158601,448.73396,448.73396,457.2871946,1,0,6,1,male,21,2024-11-22_12h21.12.754,solo project,2024.2.1post4,60.2789832,2024-11-22 12h21.38.811189 +0530
,,5,5,0,,,,,,,,,,,,,,6,"Acting, performing, or giving a talk in front of an audience",0,0,,,,,,,,,,,,,,,,,0,5,5,5,457.3144988,,,,,,,,,,,,,,,,,,,,,,,,,,,,,,,,,,,,,,,,,,,,,,,,,,,,,,,,,457.2943986,457.3144988,457.3144988,462.2269505,0,0,6,1,male,21,2024-11-22_12h21.12.754,solo project,2024.2.1post4,60.2789832,2024-11-22 12h21.38.811189 +0530
,,6,6,0,,,,,,,,,,,,,,7,Going to a party,0,0,,,,,,,,,,,,,,,,,0,6,6,6,462.251251,,,,,,,,,,,,,,,,,,,,,,,,,,,,,,,,,,,,,,,,,,,,,,,,,,,,,,,,,462.2333949,462.251251,462.251251,464.965597,0,0,6,1,male,21,2024-11-22_12h21.12.754,solo project,2024.2.1post4,60.2789832,2024-11-22 12h21.38.811189 +0530
,,7,7,0,,,,,,,,,,,,,,8,Working while being observed,1,0,,,,,,,,,,,,,,,,,0,7,7,7,464.9848401,,,,,,,,,,,,,,,,,,,,,,,,,,,,,,,,,,,,,,,,,,,,,,,,,,,,,,,,,464.9692594,464.9848401,464.9848401,470.4539228,1,0,6,1,male,21,2024-11-22_12h21.12.754,solo project,2024.2.1post4,60.2789832,2024-11-22 12h21.38.811189 +0530
,,8,8,0,,,,,,,,,,,,,,9,Writing while being observed,0,0,,,,,,,,,,,,,,,,,0,8,8,8,470.4758285,,,,,,,,,,,,,,,,,,,,,,,,,,,,,,,,,,,,,,,,,,,,,,,,,,,,,,,,,470.4569227,470.4758285,470.4758285,473.9116084,None,0,6,1,male,21,2024-11-22_12h21.12.754,solo project,2024.2.1post4,60.2789832,2024-11-22 12h21.38.811189 +0530
,,9,9,0,,,,,,,,,,,,,,10,Calling someone you don't know very well,0,2,,,,,,,,,,,,,,,,,0,9,9,9,473.9306544,,,,,,,,,,,,,,,,,,,,,,,,,,,,,,,,,,,,,,,,,,,,,,,,,,,,,,,,,473.9166056,473.9306544,473.9306544,482.4191523,0,2,6,1,male,21,2024-11-22_12h21.12.754,solo project,2024.2.1post4,60.2789832,2024-11-22 12h21.38.811189 +0530
,,10,10,0,,,,,,,,,,,,,,11,Talking with people you don't know very well,1,1,,,,,,,,,,,,,,,,,0,10,10,10,482.4375265,,,,,,,,,,,,,,,,,,,,,,,,,,,,,,,,,,,,,,,,,,,,,,,,,,,,,,,,,482.4227058,482.4375265,482.4375265,491.3689424,1,1,6,1,male,21,2024-11-22_12h21.12.754,solo project,2024.2.1post4,60.2789832,2024-11-22 12h21.38.811189 +0530
,,11,11,0,,,,,,,,,,,,,,12,Meeting strangers,1,1,,,,,,,,,,,,,,,,,0,11,11,11,491.3946622,,,,,,,,,,,,,,,,,,,,,,,,,,,,,,,,,,,,,,,,,,,,,,,,,,,,,,,,,491.3739438,491.3946622,491.3946622,497.5018811,1,1,6,1,male,21,2024-11-22_12h21.12.754,solo project,2024.2.1post4,60.2789832,2024-11-22 12h21.38.811189 +0530
,,12,12,0,,,,,,,,,,,,,,13,Urinating in a public bathroom,0,0,,,,,,,,,,,,,,,,,0,12,12,12,497.5216607,,,,,,,,,,,,,,,,,,,,,,,,,,,,,,,,,,,,,,,,,,,,,,,,,,,,,,,,,497.5061885,497.5216607,497.5216607,501.2121199,0,0,6,1,male,21,2024-11-22_12h21.12.754,solo project,2024.2.1post4,60.2789832,2024-11-22 12h21.38.811189 +0530
,,13,13,0,,,,,,,,,,,,,,14,Entering a room when others are already seated,1,0,,,,,,,,,,,,,,,,,0,13,13,13,501.2319676,,,,,,,,,,,,,,,,,,,,,,,,,,,,,,,,,,,,,,,,,,,,,,,,,,,,,,,,,501.2155237,501.2319676,501.2319676,507.1107272,1,0,6,1,male,21,2024-11-22_12h21.12.754,solo project,2024.2.1post4,60.2789832,2024-11-22 12h21.38.811189 +0530
,,14,14,0,,,,,,,,,,,,,,15,Being the center of attention,0,0,,,,,,,,,,,,,,,,,0,14,14,14,507.1294673,,,,,,,,,,,,,,,,,,,,,,,,,,,,,,,,,,,,,,,,,,,,,,,,,,,,,,,,,507.1153754,507.1294673,507.1294673,509.864114,0,0,6,1,male,21,2024-11-22_12h21.12.754,solo project,2024.2.1post4,60.2789832,2024-11-22 12h21.38.811189 +0530
,,15,15,0,,,,,,,,,,,,,,16,Speaking up at a meeting,0,0,,,,,,,,,,,,,,,,,0,15,15,15,509.8818887,,,,,,,,,,,,,,,,,,,,,,,,,,,,,,,,,,,,,,,,,,,,,,,,,,,,,,,,,509.8676603,509.8818887,509.8818887,512.2777905,0,0,6,1,male,21,2024-11-22_12h21.12.754,solo project,2024.2.1post4,60.2789832,2024-11-22 12h21.38.811189 +0530
,,16,16,0,,,,,,,,,,,,,,17,Taking a test,2,0,,,,,,,,,,,,,,,,,0,16,16,16,512.2955622,,,,,,,,,,,,,,,,,,,,,,,,,,,,,,,,,,,,,,,,,,,,,,,,,,,,,,,,,512.2808373,512.2955622,512.2955622,517.4440303,2,0,6,1,male,21,2024-11-22_12h21.12.754,solo project,2024.2.1post4,60.2789832,2024-11-22 12h21.38.811189 +0530
,,17,17,0,,,,,,,,,,,,,,18,Expressing a disagreement or disapproval to people you don’t know very well,1,0,,,,,,,,,,,,,,,,,0,17,17,17,517.4719912,,,,,,,,,,,,,,,,,,,,,,,,,,,,,,,,,,,,,,,,,,,,,,,,,,,,,,,,,517.4573747,517.4719912,517.4719912,527.5938857,1,0,6,1,male,21,2024-11-22_12h21.12.754,solo project,2024.2.1post4,60.2789832,2024-11-22 12h21.38.811189 +0530
,,18,18,0,,,,,,,,,,,,,,19,Looking at people you don't know very well in the eyes,0,0,,,,,,,,,,,,,,,,,0,18,18,18,527.6137902,,,,,,,,,,,,,,,,,,,,,,,,,,,,,,,,,,,,,,,,,,,,,,,,,,,,,,,,,527.5994312,527.6137902,527.6137902,533.0768834,0,0,6,1,male,21,2024-11-22_12h21.12.754,solo project,2024.2.1post4,60.2789832,2024-11-22 12h21.38.811189 +0530
,,19,19,0,,,,,,,,,,,,,,20,Giving a report to a group,0,0,,,,,,,,,,,,,,,,,0,19,19,19,533.0940906,,,,,,,,,,,,,,,,,,,,,,,,,,,,,,,,,,,,,,,,,,,,,,,,,,,,,,,,,533.0797837,533.0940906,533.0940906,536.6103596,None,0,6,1,male,21,2024-11-22_12h21.12.754,solo project,2024.2.1post4,60.2789832,2024-11-22 12h21.38.811189 +0530
,,20,20,0,,,,,,,,,,,,,,21,Trying to pick up someone,0,0,,,,,,,,,,,,,,,,,0,20,20,20,536.6289349,,,,,,,,,,,,,,,,,,,,,,,,,,,,,,,,,,,,,,,,,,,,,,,,,,,,,,,,,536.614054,536.6289349,536.6289349,540.0655473,None,0,6,1,male,21,2024-11-22_12h21.12.754,solo project,2024.2.1post4,60.2789832,2024-11-22 12h21.38.811189 +0530
,,21,21,0,,,,,,,,,,,,,,22,Returning goods to a store,0,0,,,,,,,,,,,,,,,,,0,21,21,21,540.085321,,,,,,,,,,,,,,,,,,,,,,,,,,,,,,,,,,,,,,,,,,,,,,,,,,,,,,,,,540.0698726,540.085321,540.085321,542.621222,0,0,6,1,male,21,2024-11-22_12h21.12.754,solo project,2024.2.1post4,60.2789832,2024-11-22 12h21.38.811189 +0530
,,22,22,0,,,,,,,,,,,,,,23,Giving a party,0,0,,,,,,,,,,,,,,,,,0,22,22,22,542.6380158,,,,,,,,,,,,,,,,,,,,,,,,,,,,,,,,,,,,,,,,,,,,,,,,,,,,,,,,,542.6239437,542.6380158,542.6380158,548.13773,0,0,6,1,male,21,2024-11-22_12h21.12.754,solo project,2024.2.1post4,60.2789832,2024-11-22 12h21.38.811189 +0530
,,23,23,0,,,,,,,,,,,,,,24,Resisting a high pressure salesperson,0,0,,,,,,,,,,,,,,,,,0,23,23,23,548.15605,,,,,,,,,,,,,,,,,,,,,,,,,,,,,,,,,,,,,,,,,,,,,,,,,,,,,,,,,548.1411635,548.15605,548.15605,554.571392,0,0,6,1,male,21,2024-11-22_12h21.12.754,solo project,2024.2.1post4,60.2789832,2024-11-22 12h21.38.811189 +0530
