﻿no_per,dsr_per,thisN,thisTrialN,thisRepN,slider.response,slider.rt,no_exp,dsr_exp,slider_2.response,imagefile,type,subtype,study_word,test_word,old_new,slider_3.response,slider_3.rt,lsas_no,lsas_situation,slider_4.response,slider_5.response,trials.thisRepN,trials.thisTrialN,trials.thisN,trials.thisIndex,trials_2.thisRepN,trials_2.thisTrialN,trials_2.thisN,trials_2.thisIndex,trials_3.thisRepN,trials_3.thisTrialN,trials_3.thisN,trials_3.thisIndex,trials_4.thisRepN,trials_4.thisTrialN,trials_4.thisN,trials_4.thisIndex,trials_5.thisRepN,trials_5.thisTrialN,trials_5.thisN,trials_5.thisIndex,thisRow.t,notes,consent.started,consent.stopped,button.numClicks,button.timesOn,button.timesOff,dsr_personal.started,text.started,question.started,slider.started,dsr_personal.stopped,trials.slider.response,trials.slider.rt,dsr_experience.started,dsr_experience.stopped,trials_2.slider_2.response,instr.started,instr.stopped,key_resp.keys,key_resp.rt,key_resp.duration,encoding.started,fixation.started,study_image.started,studyword.started,fixation.stopped,study_image.stopped,studyword.stopped,encoding.stopped,test_instruction.started,key_resp_2.started,test_instruction.stopped,key_resp_2.keys,key_resp_2.rt,key_resp_2.duration,testing.started,t_word.started,slider_3.started,testing.stopped,trials_4.slider_3.response,trials_4.slider_3.rt,end.started,end.stopped,button_2.numClicks,button_2.timesOn,button_2.timesOff,brk.started,brk.stopped,key_resp_3.keys,key_resp_3.rt,key_resp_3.duration,lsas_instr.started,lsas_instr.stopped,key_resp_4.keys,key_resp_4.rt,key_resp_4.duration,lsas.started,text_2.started,text_3.started,lsas.stopped,trials_5.slider_4.response,trials_5.slider_5.response,participant,session,sex,age,date,expName,psychopyVersion,frameRate,expStart,
,,,,,,,,,,,,,,,,,,,,,,,,,,,,,,,,,,,,,,,,,,,,0.009811600088141859,39.74721020006109,1,[39.70572920003906],[39.70575500000268],,,,,,,,,,,,,,,,,,,,,,,,,,,,,,,,,,,,,,,,,,,,,,,,,,,,,,,,,07,001,male,22,2024-11-22_13h51.23.882,solo project,2024.2.1post4,59.925021813833254,2024-11-22 13h51.52.694230 +0530,
1,"I might be willing to try eating monkey meat, under some circumstances.",0,0,0,0.0,20.83612270001322,,,,,,,,,,,,,,,,0,0,0,0,,,,,,,,,,,,,,,,,39.817559299990535,,,,,,,39.781759200035594,39.817559299990535,39.817559299990535,39.817559299990535,60.63323350006249,0.0,20.83612270001322,,,,,,,,,,,,,,,,,,,,,,,,,,,,,,,,,,,,,,,,,,,,,,,,,,07,001,male,22,2024-11-22_13h51.23.882,solo project,2024.2.1post4,59.925021813833254,2024-11-22 13h51.52.694230 +0530,
2,It would bother me to be in a science class and to see a human preserved in a jar.,1,1,0,2.0,23.575901700067334,,,,,,,,,,,,,,,,0,1,1,1,,,,,,,,,,,,,,,,,60.697271100012586,,,,,,,60.68430199997965,60.697271100012586,60.697271100012586,60.697271100012586,84.27690850000363,2.0,23.575901700067334,,,,,,,,,,,,,,,,,,,,,,,,,,,,,,,,,,,,,,,,,,,,,,,,,,07,001,male,22,2024-11-22_13h51.23.882,solo project,2024.2.1post4,59.925021813833254,2024-11-22 13h51.52.694230 +0530,
3,It bothers me to hear someone clear a throat full of mucous.,2,2,0,4.0,13.923105899943039,,,,,,,,,,,,,,,,0,2,2,2,,,,,,,,,,,,,,,,,84.29862720007077,,,,,,,84.28313420002814,84.29862720007077,84.29862720007077,84.29862720007077,98.22200780001003,4.0,13.923105899943039,,,,,,,,,,,,,,,,,,,,,,,,,,,,,,,,,,,,,,,,,,,,,,,,,,07,001,male,22,2024-11-22_13h51.23.882,solo project,2024.2.1post4,59.925021813833254,2024-11-22 13h51.52.694230 +0530,
4,I never let any part of my body touch the toilet seat in public restrooms.,3,3,0,4.0,7.4606648000190035,,,,,,,,,,,,,,,,0,3,3,3,,,,,,,,,,,,,,,,,98.24668530002236,,,,,,,98.22742130002007,98.24668530002236,98.24668530002236,98.24668530002236,105.70430079998914,4.0,7.4606648000190035,,,,,,,,,,,,,,,,,,,,,,,,,,,,,,,,,,,,,,,,,,,,,,,,,,07,001,male,22,2024-11-22_13h51.23.882,solo project,2024.2.1post4,59.925021813833254,2024-11-22 13h51.52.694230 +0530,
5,I would go out of my way to avoid walking through a graveyard.,4,4,0,1.0,26.096278800047003,,,,,,,,,,,,,,,,0,4,4,4,,,,,,,,,,,,,,,,,105.72026790003292,,,,,,,105.70827730000019,105.72026790003292,105.72026790003292,105.72026790003292,131.820481200004,1.0,26.096278800047003,,,,,,,,,,,,,,,,,,,,,,,,,,,,,,,,,,,,,,,,,,,,,,,,,,07,001,male,22,2024-11-22_13h51.23.882,solo project,2024.2.1post4,59.925021813833254,2024-11-22 13h51.52.694230 +0530,
6,Seeing a cockroach in someone else's house doesn't bother me.,5,5,0,2.0,7.441512200050056,,,,,,,,,,,,,,,,0,5,5,5,,,,,,,,,,,,,,,,,131.84443649998866,,,,,,,131.8297175000189,131.84443649998866,131.84443649998866,131.84443649998866,139.28722739999648,2.0,7.441512200050056,,,,,,,,,,,,,,,,,,,,,,,,,,,,,,,,,,,,,,,,,,,,,,,,,,07,001,male,22,2024-11-22_13h51.23.882,solo project,2024.2.1post4,59.925021813833254,2024-11-22 13h51.52.694230 +0530,
7,It would bother me tremendously to touch a dead body.,6,6,0,2.0,8.129697700031102,,,,,,,,,,,,,,,,0,6,6,6,,,,,,,,,,,,,,,,,139.30285530001856,,,,,,,139.29077180009335,139.30285530001856,139.30285530001856,139.30285530001856,147.43723390006926,2.0,8.129697700031102,,,,,,,,,,,,,,,,,,,,,,,,,,,,,,,,,,,,,,,,,,,,,,,,,,07,001,male,22,2024-11-22_13h51.23.882,solo project,2024.2.1post4,59.925021813833254,2024-11-22 13h51.52.694230 +0530,
8,"If I see someone vomit, it makes me sick to my stomach.",7,7,0,2.0,8.663256499916315,,,,,,,,,,,,,,,,0,7,7,7,,,,,,,,,,,,,,,,,147.45252649998292,,,,,,,147.44102020002902,147.45252649998292,147.45252649998292,147.45252649998292,156.1201674999902,2.0,8.663256499916315,,,,,,,,,,,,,,,,,,,,,,,,,,,,,,,,,,,,,,,,,,,,,,,,,,07,001,male,22,2024-11-22_13h51.23.882,solo project,2024.2.1post4,59.925021813833254,2024-11-22 13h51.52.694230 +0530,
9,I probably would not go to my favorite restaurant if I found out that the cook had a cold.,8,8,0,3.0,11.612687300075777,,,,,,,,,,,,,,,,0,8,8,8,,,,,,,,,,,,,,,,,156.13682310003787,,,,,,,156.12481240008492,156.13682310003787,156.13682310003787,156.13682310003787,167.75305000005756,3.0,11.612687300075777,,,,,,,,,,,,,,,,,,,,,,,,,,,,,,,,,,,,,,,,,,,,,,,,,,07,001,male,22,2024-11-22_13h51.23.882,solo project,2024.2.1post4,59.925021813833254,2024-11-22 13h51.52.694230 +0530,
10,It would not upset me at all to watch a person with a glass eye take the eye out of the socket.,9,9,0,2.0,22.512688499991782,,,,,,,,,,,,,,,,0,9,9,9,,,,,,,,,,,,,,,,,167.76935289998073,,,,,,,167.75770890002605,167.76935289998073,167.76935289998073,167.76935289998073,190.28609549999237,2.0,22.512688499991782,,,,,,,,,,,,,,,,,,,,,,,,,,,,,,,,,,,,,,,,,,,,,,,,,,07,001,male,22,2024-11-22_13h51.23.882,solo project,2024.2.1post4,59.925021813833254,2024-11-22 13h51.52.694230 +0530,
11,It would bother me to see a rat run across my path in a park.,10,10,0,1.0,12.5309636000311,,,,,,,,,,,,,,,,0,10,10,10,,,,,,,,,,,,,,,,,190.3055912000127,,,,,,,190.29041730007157,190.3055912000127,190.3055912000127,190.3055912000127,202.83611949998885,1.0,12.5309636000311,,,,,,,,,,,,,,,,,,,,,,,,,,,,,,,,,,,,,,,,,,,,,,,,,,07,001,male,22,2024-11-22_13h51.23.882,solo project,2024.2.1post4,59.925021813833254,2024-11-22 13h51.52.694230 +0530,
12,I would rather eat a piece of fruit than a piece of paper.,11,11,0,4.0,11.59697309997864,,,,,,,,,,,,,,,,0,11,11,11,,,,,,,,,,,,,,,,,202.8515616999939,,,,,,,202.8397343000397,202.8515616999939,202.8515616999939,202.8515616999939,214.45256060000975,4.0,11.59697309997864,,,,,,,,,,,,,,,,,,,,,,,,,,,,,,,,,,,,,,,,,,,,,,,,,,07,001,male,22,2024-11-22_13h51.23.882,solo project,2024.2.1post4,59.925021813833254,2024-11-22 13h51.52.694230 +0530,
13,"Even if I was hungry, I would not drink a bowl of my favorite soup if It had been stirred by a used but thoroughly washed flyswatter.",12,12,0,2.0,15.793668299913406,,,,,,,,,,,,,,,,0,12,12,12,,,,,,,,,,,,,,,,,214.4713888000697,,,,,,,214.45947280002292,214.4713888000697,214.4713888000697,214.4713888000697,230.26896350004245,2.0,15.793668299913406,,,,,,,,,,,,,,,,,,,,,,,,,,,,,,,,,,,,,,,,,,,,,,,,,,07,001,male,22,2024-11-22_13h51.23.882,solo project,2024.2.1post4,59.925021813833254,2024-11-22 13h51.52.694230 +0530,
14,It would bother me to sleep in a nice hotel room if I knew that a man had died of a heart attack in that room the night before.,13,13,0,2.0,11.32659109996166,,,,,,,,,,,,,,,,0,13,13,13,,,,,,,,,,,,,,,,,230.2881329000229,,,,,,,230.2761487000389,230.2881329000229,230.2881329000229,230.2881329000229,241.61881630006246,2.0,11.32659109996166,,,,,,,,,,,,,,,,,,,,,,,,,,,,,,,,,,,,,,,,,,,,,,,,,,07,001,male,22,2024-11-22_13h51.23.882,solo project,2024.2.1post4,59.925021813833254,2024-11-22 13h51.52.694230 +0530,
,,0,0,0,,,15,You see maggots on a piece of meat in an outdoor or garbage pail.,2.0,,,,,,,,,,,,,,,,,0,0,0,0,,,,,,,,,,,,,241.64908360003028,,,,,,,,,,,,,,241.63202490005642,273.4131650000345,2.0,,,,,,,,,,,,,,,,,,,,,,,,,,,,,,,,,,,,,,,,,,,,,,,07,001,male,22,2024-11-22_13h51.23.882,solo project,2024.2.1post4,59.925021813833254,2024-11-22 13h51.52.694230 +0530,
,,1,1,0,,,16,You see person eating apple with a knife and fork.,2.0,,,,,,,,,,,,,,,,,0,1,1,1,,,,,,,,,,,,,273.43038470007014,,,,,,,,,,,,,,273.416645099991,283.6452596000163,2.0,,,,,,,,,,,,,,,,,,,,,,,,,,,,,,,,,,,,,,,,,,,,,,,07,001,male,22,2024-11-22_13h51.23.882,solo project,2024.2.1post4,59.925021813833254,2024-11-22 13h51.52.694230 +0530,
,,2,2,0,,,17,"While you are walking through a tunner under a railroad track, you smell urine.",2.0,,,,,,,,,,,,,,,,,0,2,2,2,,,,,,,,,,,,,283.6641914000502,,,,,,,,,,,,,,283.6514548000414,310.5786050000461,2.0,,,,,,,,,,,,,,,,,,,,,,,,,,,,,,,,,,,,,,,,,,,,,,,07,001,male,22,2024-11-22_13h51.23.882,solo project,2024.2.1post4,59.925021813833254,2024-11-22 13h51.52.694230 +0530,
,,3,3,0,,,18,"You take a sip of soda, an then realize that you drank from the glass that an acquaintance of yours had been drinking from.",3.0,,,,,,,,,,,,,,,,,0,3,3,3,,,,,,,,,,,,,310.60024030006025,,,,,,,,,,,,,,310.5874536000192,320.5949068000773,3.0,,,,,,,,,,,,,,,,,,,,,,,,,,,,,,,,,,,,,,,,,,,,,,,07,001,male,22,2024-11-22_13h51.23.882,solo project,2024.2.1post4,59.925021813833254,2024-11-22 13h51.52.694230 +0530,
,,4,4,0,,,19,"Your friend's pet cat dies, and you have to pick up the dead body with your bare hands.",2.0,,,,,,,,,,,,,,,,,0,4,4,4,,,,,,,,,,,,,320.61254710005596,,,,,,,,,,,,,,320.5994021000806,336.0446683000773,2.0,,,,,,,,,,,,,,,,,,,,,,,,,,,,,,,,,,,,,,,,,,,,,,,07,001,male,22,2024-11-22_13h51.23.882,solo project,2024.2.1post4,59.925021813833254,2024-11-22 13h51.52.694230 +0530,
,,5,5,0,,,20,You see someone put ketchup on vanilla ice cream and eat it.,4.0,,,,,,,,,,,,,,,,,0,5,5,5,,,,,,,,,,,,,336.0607961000642,,,,,,,,,,,,,,336.04883720004,341.3736825999804,4.0,,,,,,,,,,,,,,,,,,,,,,,,,,,,,,,,,,,,,,,,,,,,,,,07,001,male,22,2024-11-22_13h51.23.882,solo project,2024.2.1post4,59.925021813833254,2024-11-22 13h51.52.694230 +0530,
,,6,6,0,,,21,You see a man with his intestines exposed after an accident.,3.0,,,,,,,,,,,,,,,,,0,6,6,6,,,,,,,,,,,,,341.39192960003857,,,,,,,,,,,,,,341.3795983000891,348.94026509998366,3.0,,,,,,,,,,,,,,,,,,,,,,,,,,,,,,,,,,,,,,,,,,,,,,,07,001,male,22,2024-11-22_13h51.23.882,solo project,2024.2.1post4,59.925021813833254,2024-11-22 13h51.52.694230 +0530,
,,7,7,0,,,22,You discover that a friend of yours changes underwear only once a week.,4.0,,,,,,,,,,,,,,,,,0,7,7,7,,,,,,,,,,,,,348.9560270999791,,,,,,,,,,,,,,348.944128000061,354.99055350001436,4.0,,,,,,,,,,,,,,,,,,,,,,,,,,,,,,,,,,,,,,,,,,,,,,,07,001,male,22,2024-11-22_13h51.23.882,solo project,2024.2.1post4,59.925021813833254,2024-11-22 13h51.52.694230 +0530,
,,8,8,0,,,23,A friend offers you a piece of chocolate shaped like dog-doo.,0.0,,,,,,,,,,,,,,,,,0,8,8,8,,,,,,,,,,,,,355.0108737000264,,,,,,,,,,,,,,354.99688690004405,364.9731496000895,0.0,,,,,,,,,,,,,,,,,,,,,,,,,,,,,,,,,,,,,,,,,,,,,,,07,001,male,22,2024-11-22_13h51.23.882,solo project,2024.2.1post4,59.925021813833254,2024-11-22 13h51.52.694230 +0530,
,,9,9,0,,,24,You accidentally touch the ashes of a person who has been cremated.,3.0,,,,,,,,,,,,,,,,,0,9,9,9,,,,,,,,,,,,,364.99098870006856,,,,,,,,,,,,,,364.9778459999943,376.0066799999913,3.0,,,,,,,,,,,,,,,,,,,,,,,,,,,,,,,,,,,,,,,,,,,,,,,07,001,male,22,2024-11-22_13h51.23.882,solo project,2024.2.1post4,59.925021813833254,2024-11-22 13h51.52.694230 +0530,
,,10,10,0,,,25,You are about to drink a glass of milk when you smell that it is spoiled.,3.0,,,,,,,,,,,,,,,,,0,10,10,10,,,,,,,,,,,,,376.02352640009485,,,,,,,,,,,,,,376.01060090004466,383.6728506999789,3.0,,,,,,,,,,,,,,,,,,,,,,,,,,,,,,,,,,,,,,,,,,,,,,,07,001,male,22,2024-11-22_13h51.23.882,solo project,2024.2.1post4,59.925021813833254,2024-11-22 13h51.52.694230 +0530,
,,11,11,0,,,26,"As a part of a sex education class, you are required to inflate a new unlubricated condom using your mouth.",4.0,,,,,,,,,,,,,,,,,0,11,11,11,,,,,,,,,,,,,383.6902448000619,,,,,,,,,,,,,,383.6780224000104,394.94006829999853,4.0,,,,,,,,,,,,,,,,,,,,,,,,,,,,,,,,,,,,,,,,,,,,,,,07,001,male,22,2024-11-22_13h51.23.882,solo project,2024.2.1post4,59.925021813833254,2024-11-22 13h51.52.694230 +0530,
,,12,12,0,,,27,"You are walking barefoot on concrete, and you step on an earthworm.",3.0,,,,,,,,,,,,,,,,,0,12,12,12,,,,,,,,,,,,,394.96150269999634,,,,,,,,,,,,,,394.9450729000382,404.1566039000172,3.0,,,,,,,,,,,,,,,,,,,,,,,,,,,,,,,,,,,,,,,,,,,,,,,07,001,male,22,2024-11-22_13h51.23.882,solo project,2024.2.1post4,59.925021813833254,2024-11-22 13h51.52.694230 +0530,
,,,,,,,,,,,,,,,,,,,,,,,,,,,,,,,,,,,,,,,,,,,,,,,,,,,,,,,,,,,404.15669030009303,426.6710913000861,space,22.49217340000905,None,,,,,,,,,,,,,,,,,,,,,,,,,,,,,,,,,,,,,,,,,,07,001,male,22,2024-11-22_13h51.23.882,solo project,2024.2.1post4,59.925021813833254,2024-11-22 13h51.52.694230 +0530,
,,0,0,0,,,,,,images/1013_food_lum.jpg,disgust,food,stiff,,,,,,,,,,,,,,,,,0,0,0,25,,,,,,,,,426.736766200047,,,,,,,,,,,,,,,,,,,,,,426.7295422999887,426.736766200047,427.68438510003034,427.68438510003034,427.75122810003813,429.6982812000206,429.6982812000206,429.668457300053,,,,,,,,,,,,,,,,,,,,,,,,,,,,,,,,,,07,001,male,22,2024-11-22_13h51.23.882,solo project,2024.2.1post4,59.925021813833254,2024-11-22 13h51.52.694230 +0530,
,,1,1,0,,,,,,images/1271_hygiene_lum.jpg,disgust,hygeine,limber,,,,,,,,,,,,,,,,,0,1,1,10,,,,,,,,,429.6982812000206,,,,,,,,,,,,,,,,,,,,,,429.6939679000061,429.6982812000206,430.6843847000273,430.6843847000273,430.7010707000736,432.7030901000835,432.7030901000835,432.66834460000973,,,,,,,,,,,,,,,,,,,,,,,,,,,,,,,,,,07,001,male,22,2024-11-22_13h51.23.882,solo project,2024.2.1post4,59.925021813833254,2024-11-22 13h51.52.694230 +0530,
,,2,2,0,,,,,,images/1165_injuries_infections_lum.jpg,disgust,injury/infection,glacier,,,,,,,,,,,,,,,,,0,2,2,4,,,,,,,,,432.7030901000835,,,,,,,,,,,,,,,,,,,,,,432.6991041000001,432.7030901000835,433.6717345000943,433.6717345000943,433.70513990009204,435.6819247000385,435.6819247000385,435.6560552000301,,,,,,,,,,,,,,,,,,,,,,,,,,,,,,,,,,07,001,male,22,2024-11-22_13h51.23.882,solo project,2024.2.1post4,59.925021813833254,2024-11-22 13h51.52.694230 +0530,
,,3,3,0,,,,,,images/1146_body products neutral_lum.jpg,neutral,body product,reptile,,,,,,,,,,,,,,,,,0,3,3,21,,,,,,,,,435.6819247000385,,,,,,,,,,,,,,,,,,,,,,435.67725050006993,435.6819247000385,436.6716759999981,436.6716759999981,436.6881577000022,438.6832245000405,438.6832245000405,438.6557370000519,,,,,,,,,,,,,,,,,,,,,,,,,,,,,,,,,,07,001,male,22,2024-11-22_13h51.23.882,solo project,2024.2.1post4,59.925021813833254,2024-11-22 13h51.52.694230 +0530,
,,4,4,0,,,,,,images/1073_animals_lum.jpg,disgust,animal,journal,,,,,,,,,,,,,,,,,0,4,4,7,,,,,,,,,438.6832245000405,,,,,,,,,,,,,,,,,,,,,,438.6788210000377,438.6832245000405,439.6718571999809,439.6718571999809,439.6883697999874,441.68409430002794,441.68409430002794,441.6556983999908,,,,,,,,,,,,,,,,,,,,,,,,,,,,,,,,,,07,001,male,22,2024-11-22_13h51.23.882,solo project,2024.2.1post4,59.925021813833254,2024-11-22 13h51.52.694230 +0530,
,,5,5,0,,,,,,images/1054_animals_lum.jpg,disgust,animal,serious,,,,,,,,,,,,,,,,,0,5,5,23,,,,,,,,,441.68409430002794,,,,,,,,,,,,,,,,,,,,,,441.6786221000366,441.68409430002794,442.671792200068,442.671792200068,442.68856070004404,444.6873394000577,444.6873394000577,444.65614690002985,,,,,,,,,,,,,,,,,,,,,,,,,,,,,,,,,,07,001,male,22,2024-11-22_13h51.23.882,solo project,2024.2.1post4,59.925021813833254,2024-11-22 13h51.52.694230 +0530,
,,6,6,0,,,,,,images/1202_death_lum.jpg,disgust,death,lantern,,,,,,,,,,,,,,,,,0,6,6,8,,,,,,,,,444.6873394000577,,,,,,,,,,,,,,,,,,,,,,444.682076600031,444.6873394000577,445.6733350000577,445.6733350000577,445.68971690000035,447.683424100047,447.683424100047,447.65696960000787,,,,,,,,,,,,,,,,,,,,,,,,,,,,,,,,,,07,001,male,22,2024-11-22_13h51.23.882,solo project,2024.2.1post4,59.925021813833254,2024-11-22 13h51.52.694230 +0530,
,,7,7,0,,,,,,images/1200_injuries_infections neutral_lum.jpg,neutral,injury/infection,village,,,,,,,,,,,,,,,,,0,7,7,28,,,,,,,,,447.683424100047,,,,,,,,,,,,,,,,,,,,,,447.67824909999035,447.683424100047,448.67303599999286,448.67303599999286,448.6899106000783,450.68643390003126,450.68643390003126,450.6568081000587,,,,,,,,,,,,,,,,,,,,,,,,,,,,,,,,,,07,001,male,22,2024-11-22_13h51.23.882,solo project,2024.2.1post4,59.925021813833254,2024-11-22 13h51.52.694230 +0530,
,,8,8,0,,,,,,images/1250_death neutral_lum.jpg,neutral,death,neurotic,,,,,,,,,,,,,,,,,0,8,8,14,,,,,,,,,450.68643390003126,,,,,,,,,,,,,,,,,,,,,,450.6814502000343,450.68643390003126,451.6729938000208,451.6729938000208,451.68956050009,453.69033480004873,453.69033480004873,453.657322700019,,,,,,,,,,,,,,,,,,,,,,,,,,,,,,,,,,07,001,male,22,2024-11-22_13h51.23.882,solo project,2024.2.1post4,59.925021813833254,2024-11-22 13h51.52.694230 +0530,
,,9,9,0,,,,,,images/1247_death neutral_lum.jpg,neutral,death,wine,,,,,,,,,,,,,,,,,0,9,9,29,,,,,,,,,453.69033480004873,,,,,,,,,,,,,,,,,,,,,,453.68625490006525,453.69033480004873,454.6759725000011,454.6759725000011,454.6928001000779,456.69445940002333,456.69445940002333,456.6602532999823,,,,,,,,,,,,,,,,,,,,,,,,,,,,,,,,,,07,001,male,22,2024-11-22_13h51.23.882,solo project,2024.2.1post4,59.925021813833254,2024-11-22 13h51.52.694230 +0530,
,,10,10,0,,,,,,images/1104_body products_lum.jpg,disgust,body product,material,,,,,,,,,,,,,,,,,0,10,10,12,,,,,,,,,456.69445940002333,,,,,,,,,,,,,,,,,,,,,,456.6876157000661,456.69445940002333,457.679441699991,457.679441699991,457.69620890007354,459.68869600002654,459.68869600002654,459.66372010007035,,,,,,,,,,,,,,,,,,,,,,,,,,,,,,,,,,07,001,male,22,2024-11-22_13h51.23.882,solo project,2024.2.1post4,59.925021813833254,2024-11-22 13h51.52.694230 +0530,
,,11,11,0,,,,,,images/1041_food_neutral_lum.jpg,neutral,food,trumpet,,,,,,,,,,,,,,,,,0,11,11,27,,,,,,,,,459.68869600002654,,,,,,,,,,,,,,,,,,,,,,459.68295040004887,459.68869600002654,460.679363100091,460.679363100091,460.6961078000022,462.6902086000191,462.6902086000191,462.6636669000145,,,,,,,,,,,,,,,,,,,,,,,,,,,,,,,,,,07,001,male,22,2024-11-22_13h51.23.882,solo project,2024.2.1post4,59.925021813833254,2024-11-22 13h51.52.694230 +0530,
,,12,12,0,,,,,,images/1118_body products_lum.jpg,disgust,body product,reverent,,,,,,,,,,,,,,,,,0,12,12,22,,,,,,,,,462.6902086000191,,,,,,,,,,,,,,,,,,,,,,462.684622000088,462.6902086000191,463.67979120009113,463.67979120009113,463.6962656000396,465.6917688000249,465.6917688000249,465.663844200084,,,,,,,,,,,,,,,,,,,,,,,,,,,,,,,,,,07,001,male,22,2024-11-22_13h51.23.882,solo project,2024.2.1post4,59.925021813833254,2024-11-22 13h51.52.694230 +0530,
,,13,13,0,,,,,,images/1001_food_lum.jpg,disgust,food,radiator,,,,,,,,,,,,,,,,,0,13,13,18,,,,,,,,,465.6917688000249,,,,,,,,,,,,,,,,,,,,,,465.687560499995,465.6917688000249,466.6795116000576,466.6795116000576,466.69592690002173,468.69164099998306,468.69164099998306,468.6640318999998,,,,,,,,,,,,,,,,,,,,,,,,,,,,,,,,,,07,001,male,22,2024-11-22_13h51.23.882,solo project,2024.2.1post4,59.925021813833254,2024-11-22 13h51.52.694230 +0530,
,,14,14,0,,,,,,images/1149_body products neutral_lum.jpg,neutral,body product,skeptical,,,,,,,,,,,,,,,,,0,14,14,24,,,,,,,,,468.69164099998306,,,,,,,,,,,,,,,,,,,,,,468.6875119000906,468.69164099998306,469.67957919999026,469.67957919999026,469.6960606999928,471.68839070003014,471.68839070003014,471.6639272000175,,,,,,,,,,,,,,,,,,,,,,,,,,,,,,,,,,07,001,male,22,2024-11-22_13h51.23.882,solo project,2024.2.1post4,59.925021813833254,2024-11-22 13h51.52.694230 +0530,
,,15,15,0,,,,,,images/1192_injuries_infections neutral_lum.jpg,neutral,injury/infection,stove,,,,,,,,,,,,,,,,,0,15,15,26,,,,,,,,,471.68839070003014,,,,,,,,,,,,,,,,,,,,,,471.6830900000641,471.68839070003014,472.67940540006384,472.67940540006384,472.6962615000084,474.69112640002277,474.69112640002277,474.66314130008686,,,,,,,,,,,,,,,,,,,,,,,,,,,,,,,,,,07,001,male,22,2024-11-22_13h51.23.882,solo project,2024.2.1post4,59.925021813833254,2024-11-22 13h51.52.694230 +0530,
,,16,16,0,,,,,,images/1153_injuries_infections_lum.jpg,disgust,injury/infection,elevator,,,,,,,,,,,,,,,,,0,16,16,2,,,,,,,,,474.69112640002277,,,,,,,,,,,,,,,,,,,,,,474.6857671000762,474.69112640002277,475.67909590003546,475.67909590003546,475.6958809000207,477.68873170006555,477.68873170006555,477.6634200999979,,,,,,,,,,,,,,,,,,,,,,,,,,,,,,,,,,07,001,male,22,2024-11-22_13h51.23.882,solo project,2024.2.1post4,59.925021813833254,2024-11-22 13h51.52.694230 +0530,
,,17,17,0,,,,,,images/1299_hygiene neutral_lum.jpg,neutral,hygeine,rancid,,,,,,,,,,,,,,,,,0,17,17,19,,,,,,,,,477.68873170006555,,,,,,,,,,,,,,,,,,,,,,477.68297269998584,477.68873170006555,478.6795458000852,478.6795458000852,478.69572040007915,480.6911121000303,480.6911121000303,480.66315560007934,,,,,,,,,,,,,,,,,,,,,,,,,,,,,,,,,,07,001,male,22,2024-11-22_13h51.23.882,solo project,2024.2.1post4,59.925021813833254,2024-11-22 13h51.52.694230 +0530,
,,18,18,0,,,,,,images/1099_animals_neutral_lum.jpg,neutral,animal,coast,,,,,,,,,,,,,,,,,0,18,18,0,,,,,,,,,480.6911121000303,,,,,,,,,,,,,,,,,,,,,,480.68565490003675,480.6911121000303,481.6794832000742,481.6794832000742,481.6955977000762,483.687104200013,483.687104200013,483.6628035000758,,,,,,,,,,,,,,,,,,,,,,,,,,,,,,,,,,07,001,male,22,2024-11-22_13h51.23.882,solo project,2024.2.1post4,59.925021813833254,2024-11-22 13h51.52.694230 +0530,
,,19,19,0,,,,,,images/1143_body products neutral_lum.jpg,neutral,body product,invest,,,,,,,,,,,,,,,,,0,19,19,6,,,,,,,,,483.687104200013,,,,,,,,,,,,,,,,,,,,,,483.6813007000601,483.687104200013,484.6794719999889,484.6794719999889,484.69691850000527,486.6860555000603,486.6860555000603,486.6631717000855,,,,,,,,,,,,,,,,,,,,,,,,,,,,,,,,,,07,001,male,22,2024-11-22_13h51.23.882,solo project,2024.2.1post4,59.925021813833254,2024-11-22 13h51.52.694230 +0530,
,,20,20,0,,,,,,images/1049_food_neutral_lum.jpg,neutral,food,privacy,,,,,,,,,,,,,,,,,0,20,20,17,,,,,,,,,486.6860555000603,,,,,,,,,,,,,,,,,,,,,,486.6819468000904,486.6860555000603,487.6789046000922,487.6789046000922,487.69568130001426,489.68702070007566,489.68702070007566,489.6632449000608,,,,,,,,,,,,,,,,,,,,,,,,,,,,,,,,,,07,001,male,22,2024-11-22_13h51.23.882,solo project,2024.2.1post4,59.925021813833254,2024-11-22 13h51.52.694230 +0530,
,,21,21,0,,,,,,images/1253_hygiene_lum.jpg,disgust,hygeine,manner,,,,,,,,,,,,,,,,,0,21,21,11,,,,,,,,,489.68702070007566,,,,,,,,,,,,,,,,,,,,,,489.68188350007404,489.68702070007566,490.67895850003697,490.67895850003697,490.69557340000756,492.6841400000267,492.6841400000267,492.6629741000943,,,,,,,,,,,,,,,,,,,,,,,,,,,,,,,,,,07,001,male,22,2024-11-22_13h51.23.882,solo project,2024.2.1post4,59.925021813833254,2024-11-22 13h51.52.694230 +0530,
,,22,22,0,,,,,,images/1100_animals_neutral_lum.jpg,neutral,animal,nursery,,,,,,,,,,,,,,,,,0,22,22,15,,,,,,,,,492.6841400000267,,,,,,,,,,,,,,,,,,,,,,492.679074899992,492.6841400000267,493.6789526999928,493.6789526999928,493.69570739998017,495.6861917000497,495.6861917000497,495.6627883000765,,,,,,,,,,,,,,,,,,,,,,,,,,,,,,,,,,07,001,male,22,2024-11-22_13h51.23.882,solo project,2024.2.1post4,59.925021813833254,2024-11-22 13h51.52.694230 +0530,
,,23,23,0,,,,,,images/1223_death_lum.jpg,disgust,death,mischief,,,,,,,,,,,,,,,,,0,23,23,13,,,,,,,,,495.6861917000497,,,,,,,,,,,,,,,,,,,,,,495.6820350000635,495.6861917000497,496.67906230001245,496.67906230001245,496.6961672999896,498.68437600007746,498.68437600007746,498.66282020008657,,,,,,,,,,,,,,,,,,,,,,,,,,,,,,,,,,07,001,male,22,2024-11-22_13h51.23.882,solo project,2024.2.1post4,59.925021813833254,2024-11-22 13h51.52.694230 +0530,
,,24,24,0,,,,,,images/1044_food_neutral_lum.jpg,neutral,food,custom,,,,,,,,,,,,,,,,,0,24,24,1,,,,,,,,,498.68437600007746,,,,,,,,,,,,,,,,,,,,,,498.679448400042,498.68437600007746,499.67895910004154,499.67895910004154,499.6954349000007,501.6829526000656,501.6829526000656,501.66266909998376,,,,,,,,,,,,,,,,,,,,,,,,,,,,,,,,,,07,001,male,22,2024-11-22_13h51.23.882,solo project,2024.2.1post4,59.925021813833254,2024-11-22 13h51.52.694230 +0530,
,,25,25,0,,,,,,images/1093_animals_neutral_lum.jpg,neutral,animal,lighthouse,,,,,,,,,,,,,,,,,0,25,25,9,,,,,,,,,501.6829526000656,,,,,,,,,,,,,,,,,,,,,,501.6777828000486,501.6829526000656,502.6786643000087,502.6786643000087,502.6959525999846,504.6850106000202,504.6850106000202,504.66272690007463,,,,,,,,,,,,,,,,,,,,,,,,,,,,,,,,,,07,001,male,22,2024-11-22_13h51.23.882,solo project,2024.2.1post4,59.925021813833254,2024-11-22 13h51.52.694230 +0530,
,,26,26,0,,,,,,images/1107_body products_lum.jpg,disgust,body product,passage,,,,,,,,,,,,,,,,,0,26,26,16,,,,,,,,,504.6850106000202,,,,,,,,,,,,,,,,,,,,,,504.67984570004046,504.6850106000202,505.6788014000049,505.6788014000049,505.6952302000718,507.6842090000864,507.6842090000864,507.6624570999993,,,,,,,,,,,,,,,,,,,,,,,,,,,,,,,,,,07,001,male,22,2024-11-22_13h51.23.882,solo project,2024.2.1post4,59.925021813833254,2024-11-22 13h51.52.694230 +0530,
,,27,27,0,,,,,,images/1062_animals_lum.jpg,disgust,animal,ennui,,,,,,,,,,,,,,,,,0,27,27,3,,,,,,,,,507.6842090000864,,,,,,,,,,,,,,,,,,,,,,507.6788014000049,507.6842090000864,508.6789659000933,508.6789659000933,508.69533540005796,510.68724840006325,510.68724840006325,510.66252120002173,,,,,,,,,,,,,,,,,,,,,,,,,,,,,,,,,,07,001,male,22,2024-11-22_13h51.23.882,solo project,2024.2.1post4,59.925021813833254,2024-11-22 13h51.52.694230 +0530,
,,28,28,0,,,,,,images/1291_hygiene neutral_lum.jpg,neutral,hygeine,hard,,,,,,,,,,,,,,,,,0,28,28,5,,,,,,,,,510.68724840006325,,,,,,,,,,,,,,,,,,,,,,510.6819566000486,510.68724840006325,511.67882060003467,511.67882060003467,511.6952556000324,513.6835374000948,513.6835374000948,513.6629435999785,,,,,,,,,,,,,,,,,,,,,,,,,,,,,,,,,,07,001,male,22,2024-11-22_13h51.23.882,solo project,2024.2.1post4,59.925021813833254,2024-11-22 13h51.52.694230 +0530,
,,29,29,0,,,,,,images/1032_food_lum.jpg,disgust,food,rattle,,,,,,,,,,,,,,,,,0,29,29,20,,,,,,,,,513.6835374000948,,,,,,,,,,,,,,,,,,,,,,513.6784825000213,513.6835374000948,514.6788322000066,514.6788322000066,514.6952026999788,516.6782384000253,516.6782384000253,516.662682000082,,,,,,,,,,,,,,,,,,,,,,,,,,,,,,,,,,07,001,male,22,2024-11-22_13h51.23.882,solo project,2024.2.1post4,59.925021813833254,2024-11-22 13h51.52.694230 +0530,
,,,,,,,,,,,,,,,,,,,,,,,,,,,,,,,,,,,,,,,,,,,,,,,,,,,,,,,,,,,,,,,,,,,,,,,,516.6627616999904,2.008006199961528,534.6955863999901,space,16.01426069997251,None,,,,,,,,,,,,,,,,,,,,,,,,,,,,07,001,male,22,2024-11-22_13h51.23.882,solo project,2024.2.1post4,59.925021813833254,2024-11-22 13h51.52.694230 +0530,
,,0,0,0,,,,,,,None,None,,medicine,new,2.0,5.711273499997333,,,,,,,,,,,,,,,,,0,0,0,42,,,,,534.7362670000875,,,,,,,,,,,,,,,,,,,,,,,,,,,,,,,,,,,,534.7227584000211,534.7362670000875,534.7362670000875,540.4495473999996,2.0,5.711273499997333,,,,,,,,,,,,,,,,,,,,,,07,001,male,22,2024-11-22_13h51.23.882,solo project,2024.2.1post4,59.925021813833254,2024-11-22 13h51.52.694230 +0530,
,,1,1,0,,,,,,,neutral,food,,trumpet,old,1.0,2.6269680000841618,,,,,,,,,,,,,,,,,0,1,1,27,,,,,540.4659101000289,,,,,,,,,,,,,,,,,,,,,,,,,,,,,,,,,,,,540.4575367000652,540.4659101000289,540.4659101000289,543.100086200051,1.0,2.6269680000841618,,,,,,,,,,,,,,,,,,,,,,07,001,male,22,2024-11-22_13h51.23.882,solo project,2024.2.1post4,59.925021813833254,2024-11-22 13h51.52.694230 +0530,
,,2,2,0,,,,,,,disgust,death,,mischief,old,1.0,1.1092472999589518,,,,,,,,,,,,,,,,,0,2,2,13,,,,,543.1172878000652,,,,,,,,,,,,,,,,,,,,,,,,,,,,,,,,,,,,543.1080495000351,543.1172878000652,543.1172878000652,544.2329160000663,1.0,1.1092472999589518,,,,,,,,,,,,,,,,,,,,,,07,001,male,22,2024-11-22_13h51.23.882,solo project,2024.2.1post4,59.925021813833254,2024-11-22 13h51.52.694230 +0530,
,,3,3,0,,,,,,,disgust,food,,rattle,old,1.0,0.9136175999883562,,,,,,,,,,,,,,,,,0,3,3,20,,,,,544.248927699984,,,,,,,,,,,,,,,,,,,,,,,,,,,,,,,,,,,,544.237758000032,544.248927699984,544.248927699984,545.1664474999998,1.0,0.9136175999883562,,,,,,,,,,,,,,,,,,,,,,07,001,male,22,2024-11-22_13h51.23.882,solo project,2024.2.1post4,59.925021813833254,2024-11-22 13h51.52.694230 +0530,
,,4,4,0,,,,,,,disgust,body product,,material,old,2.0,9.698200599988922,,,,,,,,,,,,,,,,,0,4,4,12,,,,,545.1822214000858,,,,,,,,,,,,,,,,,,,,,,,,,,,,,,,,,,,,545.1690041000256,545.1822214000858,545.1822214000858,554.8830398999853,2.0,9.698200599988922,,,,,,,,,,,,,,,,,,,,,,07,001,male,22,2024-11-22_13h51.23.882,solo project,2024.2.1post4,59.925021813833254,2024-11-22 13h51.52.694230 +0530,
,,5,5,0,,,,,,,None,None,,theory,new,2.0,5.34353029995691,,,,,,,,,,,,,,,,,0,5,5,55,,,,,554.8987605000148,,,,,,,,,,,,,,,,,,,,,,,,,,,,,,,,,,,,554.8900210000575,554.8987605000148,554.8987605000148,560.2498608999886,2.0,5.34353029995691,,,,,,,,,,,,,,,,,,,,,,07,001,male,22,2024-11-22_13h51.23.882,solo project,2024.2.1post4,59.925021813833254,2024-11-22 13h51.52.694230 +0530,
,,6,6,0,,,,,,,None,None,,market,new,2.0,2.7633697000565007,,,,,,,,,,,,,,,,,0,6,6,41,,,,,560.2651872000424,,,,,,,,,,,,,,,,,,,,,,,,,,,,,,,,,,,,560.254287000047,560.2651872000424,560.2651872000424,563.0328817000845,2.0,2.7633697000565007,,,,,,,,,,,,,,,,,,,,,,07,001,male,22,2024-11-22_13h51.23.882,solo project,2024.2.1post4,59.925021813833254,2024-11-22 13h51.52.694230 +0530,
,,7,7,0,,,,,,,None,None,,highway,new,2.0,2.9123811000026762,,,,,,,,,,,,,,,,,0,7,7,37,,,,,563.0484316999791,,,,,,,,,,,,,,,,,,,,,,,,,,,,,,,,,,,,563.0384432000574,563.0484316999791,563.0484316999791,565.9661113000475,2.0,2.9123811000026762,,,,,,,,,,,,,,,,,,,,,,07,001,male,22,2024-11-22_13h51.23.882,solo project,2024.2.1post4,59.925021813833254,2024-11-22 13h51.52.694230 +0530,
,,8,8,0,,,,,,,neutral,injury/infection,,village,old,1.0,2.5456413000356406,,,,,,,,,,,,,,,,,0,8,8,28,,,,,565.9819616000168,,,,,,,,,,,,,,,,,,,,,,,,,,,,,,,,,,,,565.9716777000576,565.9819616000168,565.9819616000168,568.5328436000273,1.0,2.5456413000356406,,,,,,,,,,,,,,,,,,,,,,07,001,male,22,2024-11-22_13h51.23.882,solo project,2024.2.1post4,59.925021813833254,2024-11-22 13h51.52.694230 +0530,
,,9,9,0,,,,,,,neutral,death,,neurotic,old,1.0,2.68011590000242,,,,,,,,,,,,,,,,,0,9,9,14,,,,,568.5482982000103,,,,,,,,,,,,,,,,,,,,,,,,,,,,,,,,,,,,568.5368311000057,568.5482982000103,568.5482982000103,571.2324949000031,1.0,2.68011590000242,,,,,,,,,,,,,,,,,,,,,,07,001,male,22,2024-11-22_13h51.23.882,solo project,2024.2.1post4,59.925021813833254,2024-11-22 13h51.52.694230 +0530,
,,10,10,0,,,,,,,None,None,,storm,new,2.0,3.6817111999262124,,,,,,,,,,,,,,,,,0,10,10,52,,,,,571.2481604000786,,,,,,,,,,,,,,,,,,,,,,,,,,,,,,,,,,,,571.2351855000015,571.2481604000786,571.2481604000786,574.932951200055,2.0,3.6817111999262124,,,,,,,,,,,,,,,,,,,,,,07,001,male,22,2024-11-22_13h51.23.882,solo project,2024.2.1post4,59.925021813833254,2024-11-22 13h51.52.694230 +0530,
,,11,11,0,,,,,,,disgust,hygeine,,manner,old,1.0,3.164259299985133,,,,,,,,,,,,,,,,,0,11,11,11,,,,,574.9480558000505,,,,,,,,,,,,,,,,,,,,,,,,,,,,,,,,,,,,574.9362428000895,574.9480558000505,574.9480558000505,578.1158606000245,1.0,3.164259299985133,,,,,,,,,,,,,,,,,,,,,,07,001,male,22,2024-11-22_13h51.23.882,solo project,2024.2.1post4,59.925021813833254,2024-11-22 13h51.52.694230 +0530,
,,12,12,0,,,,,,,disgust,food,,stiff,old,1.0,0.9314899999881163,,,,,,,,,,,,,,,,,0,12,12,25,,,,,578.1318050000118,,,,,,,,,,,,,,,,,,,,,,,,,,,,,,,,,,,,578.1184899000218,578.1318050000118,578.1318050000118,579.0658509000205,1.0,0.9314899999881163,,,,,,,,,,,,,,,,,,,,,,07,001,male,22,2024-11-22_13h51.23.882,solo project,2024.2.1post4,59.925021813833254,2024-11-22 13h51.52.694230 +0530,
,,13,13,0,,,,,,,None,None,,repentant,new,1.0,3.048121300060302,,,,,,,,,,,,,,,,,0,13,13,45,,,,,579.0818683999823,,,,,,,,,,,,,,,,,,,,,,,,,,,,,,,,,,,,579.0687472000718,579.0818683999823,579.0818683999823,582.1327569000423,1.0,3.048121300060302,,,,,,,,,,,,,,,,,,,,,,07,001,male,22,2024-11-22_13h51.23.882,solo project,2024.2.1post4,59.925021813833254,2024-11-22 13h51.52.694230 +0530,
,,14,14,0,,,,,,,None,None,,poetry,new,2.0,2.347888799966313,,,,,,,,,,,,,,,,,0,14,14,44,,,,,582.1483082000632,,,,,,,,,,,,,,,,,,,,,,,,,,,,,,,,,,,,582.1360732000321,582.1483082000632,582.1483082000632,584.4992266000481,2.0,2.347888799966313,,,,,,,,,,,,,,,,,,,,,,07,001,male,22,2024-11-22_13h51.23.882,solo project,2024.2.1post4,59.925021813833254,2024-11-22 13h51.52.694230 +0530,
,,15,15,0,,,,,,,None,None,,shadow,new,2.0,3.397077899891883,,,,,,,,,,,,,,,,,0,15,15,50,,,,,584.5148914000019,,,,,,,,,,,,,,,,,,,,,,,,,,,,,,,,,,,,584.5034191000741,584.5148914000019,584.5148914000019,587.9160005000886,2.0,3.397077899891883,,,,,,,,,,,,,,,,,,,,,,07,001,male,22,2024-11-22_13h51.23.882,solo project,2024.2.1post4,59.925021813833254,2024-11-22 13h51.52.694230 +0530,
,,16,16,0,,,,,,,None,None,,watch,new,2.0,1.2149958999361843,,,,,,,,,,,,,,,,,0,16,16,58,,,,,587.9312856000615,,,,,,,,,,,,,,,,,,,,,,,,,,,,,,,,,,,,587.9186246000463,587.9312856000615,587.9312856000615,589.1492005999899,2.0,1.2149958999361843,,,,,,,,,,,,,,,,,,,,,,07,001,male,22,2024-11-22_13h51.23.882,solo project,2024.2.1post4,59.925021813833254,2024-11-22 13h51.52.694230 +0530,
,,17,17,0,,,,,,,None,None,,contents,new,1.0,2.3137609999394044,,,,,,,,,,,,,,,,,0,17,17,32,,,,,589.1650007000426,,,,,,,,,,,,,,,,,,,,,,,,,,,,,,,,,,,,589.1526776000392,589.1650007000426,589.1650007000426,591.4824515000219,1.0,2.3137609999394044,,,,,,,,,,,,,,,,,,,,,,07,001,male,22,2024-11-22_13h51.23.882,solo project,2024.2.1post4,59.925021813833254,2024-11-22 13h51.52.694230 +0530,
,,18,18,0,,,,,,,None,None,,industry,new,2.0,2.5315141999162734,,,,,,,,,,,,,,,,,0,18,18,38,,,,,591.4979885000503,,,,,,,,,,,,,,,,,,,,,,,,,,,,,,,,,,,,591.48508090002,591.4979885000503,591.4979885000503,594.0321888000472,2.0,2.5315141999162734,,,,,,,,,,,,,,,,,,,,,,07,001,male,22,2024-11-22_13h51.23.882,solo project,2024.2.1post4,59.925021813833254,2024-11-22 13h51.52.694230 +0530,
,,19,19,0,,,,,,,None,None,,paint,new,2.0,2.5482272000517696,,,,,,,,,,,,,,,,,0,19,19,43,,,,,594.0479110000888,,,,,,,,,,,,,,,,,,,,,,,,,,,,,,,,,,,,594.0347280000569,594.0479110000888,594.0479110000888,596.59872800007,2.0,2.5482272000517696,,,,,,,,,,,,,,,,,,,,,,07,001,male,22,2024-11-22_13h51.23.882,solo project,2024.2.1post4,59.925021813833254,2024-11-22 13h51.52.694230 +0530,
,,20,20,0,,,,,,,neutral,animal,,nursery,old,1.0,1.798540799994953,,,,,,,,,,,,,,,,,0,20,20,15,,,,,596.6146504000062,,,,,,,,,,,,,,,,,,,,,,,,,,,,,,,,,,,,596.6013628999935,596.6146504000062,596.6146504000062,598.4156152000651,1.0,1.798540799994953,,,,,,,,,,,,,,,,,,,,,,07,001,male,22,2024-11-22_13h51.23.882,solo project,2024.2.1post4,59.925021813833254,2024-11-22 13h51.52.694230 +0530,
,,21,21,0,,,,,,,neutral,animal,,lighthouse,old,2.0,4.098310500034131,,,,,,,,,,,,,,,,,0,21,21,9,,,,,598.4312513000332,,,,,,,,,,,,,,,,,,,,,,,,,,,,,,,,,,,,598.4186144000851,598.4312513000332,598.4312513000332,602.5325014999835,2.0,4.098310500034131,,,,,,,,,,,,,,,,,,,,,,07,001,male,22,2024-11-22_13h51.23.882,solo project,2024.2.1post4,59.925021813833254,2024-11-22 13h51.52.694230 +0530,
,,22,22,0,,,,,,,None,None,,detail,new,1.0,2.3480594999855384,,,,,,,,,,,,,,,,,0,22,22,33,,,,,602.5481751000043,,,,,,,,,,,,,,,,,,,,,,,,,,,,,,,,,,,,602.5351000999799,602.5481751000043,602.5481751000043,604.8988798999926,1.0,2.3480594999855384,,,,,,,,,,,,,,,,,,,,,,07,001,male,22,2024-11-22_13h51.23.882,solo project,2024.2.1post4,59.925021813833254,2024-11-22 13h51.52.694230 +0530,
,,23,23,0,,,,,,,neutral,body product,,skeptical,old,1.0,1.3478690000483766,,,,,,,,,,,,,,,,,0,23,23,24,,,,,604.914580599987,,,,,,,,,,,,,,,,,,,,,,,,,,,,,,,,,,,,604.9017527999822,604.914580599987,604.914580599987,606.2660541000078,1.0,1.3478690000483766,,,,,,,,,,,,,,,,,,,,,,07,001,male,22,2024-11-22_13h51.23.882,solo project,2024.2.1post4,59.925021813833254,2024-11-22 13h51.52.694230 +0530,
,,24,24,0,,,,,,,None,None,,lawn,new,2.0,2.230937200016342,,,,,,,,,,,,,,,,,0,24,24,39,,,,,606.2810365000041,,,,,,,,,,,,,,,,,,,,,,,,,,,,,,,,,,,,606.2684593000449,606.2810365000041,606.2810365000041,608.5155724000651,2.0,2.230937200016342,,,,,,,,,,,,,,,,,,,,,,07,001,male,22,2024-11-22_13h51.23.882,solo project,2024.2.1post4,59.925021813833254,2024-11-22 13h51.52.694230 +0530,
,,25,25,0,,,,,,,None,None,,trunk,new,1.0,1.9646393000148237,,,,,,,,,,,,,,,,,0,25,25,57,,,,,608.531139900093,,,,,,,,,,,,,,,,,,,,,,,,,,,,,,,,,,,,608.5182169000618,608.531139900093,608.531139900093,610.4988337000832,1.0,1.9646393000148237,,,,,,,,,,,,,,,,,,,,,,07,001,male,22,2024-11-22_13h51.23.882,solo project,2024.2.1post4,59.925021813833254,2024-11-22 13h51.52.694230 +0530,
,,26,26,0,,,,,,,neutral,body product,,invest,old,1.0,2.1321359000867233,,,,,,,,,,,,,,,,,0,26,26,6,,,,,610.5145361000905,,,,,,,,,,,,,,,,,,,,,,,,,,,,,,,,,,,,610.5013994000619,610.5145361000905,610.5145361000905,612.6487346000504,1.0,2.1321359000867233,,,,,,,,,,,,,,,,,,,,,,07,001,male,22,2024-11-22_13h51.23.882,solo project,2024.2.1post4,59.925021813833254,2024-11-22 13h51.52.694230 +0530,
,,27,27,0,,,,,,,disgust,death,,lantern,old,1.0,1.2142254000063986,,,,,,,,,,,,,,,,,0,27,27,8,,,,,612.6643114000326,,,,,,,,,,,,,,,,,,,,,,,,,,,,,,,,,,,,612.6521401000209,612.6643114000326,612.6643114000326,613.8824495000299,1.0,1.2142254000063986,,,,,,,,,,,,,,,,,,,,,,07,001,male,22,2024-11-22_13h51.23.882,solo project,2024.2.1post4,59.925021813833254,2024-11-22 13h51.52.694230 +0530,
,,28,28,0,,,,,,,disgust,body product,,passage,old,2.0,4.097545600030571,,,,,,,,,,,,,,,,,0,28,28,16,,,,,613.8978603000287,,,,,,,,,,,,,,,,,,,,,,,,,,,,,,,,,,,,613.8853880000534,613.8978603000287,613.8978603000287,617.9986245000036,2.0,4.097545600030571,,,,,,,,,,,,,,,,,,,,,,07,001,male,22,2024-11-22_13h51.23.882,solo project,2024.2.1post4,59.925021813833254,2024-11-22 13h51.52.694230 +0530,
,,29,29,0,,,,,,,neutral,hygeine,,rancid,old,1.0,1.8474824000149965,,,,,,,,,,,,,,,,,0,29,29,19,,,,,618.0141393999802,,,,,,,,,,,,,,,,,,,,,,,,,,,,,,,,,,,,618.0019679000834,618.0141393999802,618.0141393999802,619.8651125000324,1.0,1.8474824000149965,,,,,,,,,,,,,,,,,,,,,,07,001,male,22,2024-11-22_13h51.23.882,solo project,2024.2.1post4,59.925021813833254,2024-11-22 13h51.52.694230 +0530,
,,30,30,0,,,,,,,None,None,,hawk,new,2.0,4.148763000033796,,,,,,,,,,,,,,,,,0,30,30,36,,,,,619.8809133000905,,,,,,,,,,,,,,,,,,,,,,,,,,,,,,,,,,,,619.8673610000405,619.8809133000905,619.8809133000905,624.031752299983,2.0,4.148763000033796,,,,,,,,,,,,,,,,,,,,,,07,001,male,22,2024-11-22_13h51.23.882,solo project,2024.2.1post4,59.925021813833254,2024-11-22 13h51.52.694230 +0530,
,,31,31,0,,,,,,,None,None,,truck,new,2.0,4.098636499955319,,,,,,,,,,,,,,,,,0,31,31,56,,,,,624.0475396000547,,,,,,,,,,,,,,,,,,,,,,,,,,,,,,,,,,,,624.0341352000833,624.0475396000547,624.0475396000547,628.1487553000916,2.0,4.098636499955319,,,,,,,,,,,,,,,,,,,,,,07,001,male,22,2024-11-22_13h51.23.882,solo project,2024.2.1post4,59.925021813833254,2024-11-22 13h51.52.694230 +0530,
,,32,32,0,,,,,,,None,None,,rough,new,1.0,1.9317564000375569,,,,,,,,,,,,,,,,,0,32,32,46,,,,,628.1648634000449,,,,,,,,,,,,,,,,,,,,,,,,,,,,,,,,,,,,628.151340899989,628.1648634000449,628.1648634000449,630.0984987000702,1.0,1.9317564000375569,,,,,,,,,,,,,,,,,,,,,,07,001,male,22,2024-11-22_13h51.23.882,solo project,2024.2.1post4,59.925021813833254,2024-11-22 13h51.52.694230 +0530,
,,33,33,0,,,,,,,None,None,,sentiment,new,1.0,1.0145103000104427,,,,,,,,,,,,,,,,,0,33,33,49,,,,,630.1142630000832,,,,,,,,,,,,,,,,,,,,,,,,,,,,,,,,,,,,630.1018523999956,630.1142630000832,630.1142630000832,631.1318254000507,1.0,1.0145103000104427,,,,,,,,,,,,,,,,,,,,,,07,001,male,22,2024-11-22_13h51.23.882,solo project,2024.2.1post4,59.925021813833254,2024-11-22 13h51.52.694230 +0530,
,,34,34,0,,,,,,,neutral,body product,,reptile,old,1.0,0.9648682000115514,,,,,,,,,,,,,,,,,0,34,34,21,,,,,631.1472957000369,,,,,,,,,,,,,,,,,,,,,,,,,,,,,,,,,,,,631.1346532000462,631.1472957000369,631.1472957000369,632.1154356000479,1.0,0.9648682000115514,,,,,,,,,,,,,,,,,,,,,,07,001,male,22,2024-11-22_13h51.23.882,solo project,2024.2.1post4,59.925021813833254,2024-11-22 13h51.52.694230 +0530,
,,35,35,0,,,,,,,None,None,,hand,new,2.0,2.6485267999814823,,,,,,,,,,,,,,,,,0,35,35,35,,,,,632.1312103000237,,,,,,,,,,,,,,,,,,,,,,,,,,,,,,,,,,,,632.1177998000057,632.1312103000237,632.1312103000237,634.7818387000589,2.0,2.6485267999814823,,,,,,,,,,,,,,,,,,,,,,07,001,male,22,2024-11-22_13h51.23.882,solo project,2024.2.1post4,59.925021813833254,2024-11-22 13h51.52.694230 +0530,
,,36,36,0,,,,,,,disgust,animal,,journal,old,1.0,1.8460272999946028,,,,,,,,,,,,,,,,,0,36,36,7,,,,,634.7973479999928,,,,,,,,,,,,,,,,,,,,,,,,,,,,,,,,,,,,634.7870210000547,634.7973479999928,634.7973479999928,636.6483114000876,1.0,1.8460272999946028,,,,,,,,,,,,,,,,,,,,,,07,001,male,22,2024-11-22_13h51.23.882,solo project,2024.2.1post4,59.925021813833254,2024-11-22 13h51.52.694230 +0530,
,,37,37,0,,,,,,,neutral,food,,custom,old,1.0,3.8814211999997497,,,,,,,,,,,,,,,,,0,37,37,1,,,,,636.6641762000509,,,,,,,,,,,,,,,,,,,,,,,,,,,,,,,,,,,,636.6519051000942,636.6641762000509,636.6641762000509,640.5484314000932,1.0,3.8814211999997497,,,,,,,,,,,,,,,,,,,,,,07,001,male,22,2024-11-22_13h51.23.882,solo project,2024.2.1post4,59.925021813833254,2024-11-22 13h51.52.694230 +0530,
,,38,38,0,,,,,,,disgust,injury/infection,,elevator,old,2.0,2.8633886999450624,,,,,,,,,,,,,,,,,0,38,38,2,,,,,640.5644903000211,,,,,,,,,,,,,,,,,,,,,,,,,,,,,,,,,,,,640.5523073000368,640.5644903000211,640.5644903000211,643.4313571000239,2.0,2.8633886999450624,,,,,,,,,,,,,,,,,,,,,,07,001,male,22,2024-11-22_13h51.23.882,solo project,2024.2.1post4,59.925021813833254,2024-11-22 13h51.52.694230 +0530,
,,39,39,0,,,,,,,disgust,food,,radiator,old,1.0,2.465282700024545,,,,,,,,,,,,,,,,,0,39,39,18,,,,,643.4471896000905,,,,,,,,,,,,,,,,,,,,,,,,,,,,,,,,,,,,643.4343838000204,643.4471896000905,643.4471896000905,645.9149491999997,1.0,2.465282700024545,,,,,,,,,,,,,,,,,,,,,,07,001,male,22,2024-11-22_13h51.23.882,solo project,2024.2.1post4,59.925021813833254,2024-11-22 13h51.52.694230 +0530,
,,40,40,0,,,,,,,None,None,,whistle,new,1.0,5.464692499954253,,,,,,,,,,,,,,,,,0,40,40,59,,,,,645.9307389000896,,,,,,,,,,,,,,,,,,,,,,,,,,,,,,,,,,,,645.9184082000284,645.9307389000896,645.9307389000896,651.3981490000151,1.0,5.464692499954253,,,,,,,,,,,,,,,,,,,,,,07,001,male,22,2024-11-22_13h51.23.882,solo project,2024.2.1post4,59.925021813833254,2024-11-22 13h51.52.694230 +0530,
,,41,41,0,,,,,,,disgust,animal,,ennui,old,2.0,2.098427699995227,,,,,,,,,,,,,,,,,0,41,41,3,,,,,651.4141610000515,,,,,,,,,,,,,,,,,,,,,,,,,,,,,,,,,,,,651.4005975000327,651.4141610000515,651.4141610000515,653.5146576000843,2.0,2.098427699995227,,,,,,,,,,,,,,,,,,,,,,07,001,male,22,2024-11-22_13h51.23.882,solo project,2024.2.1post4,59.925021813833254,2024-11-22 13h51.52.694230 +0530,
,,42,42,0,,,,,,,neutral,food,,privacy,old,1.0,2.065015900065191,,,,,,,,,,,,,,,,,0,42,42,17,,,,,653.5304788000649,,,,,,,,,,,,,,,,,,,,,,,,,,,,,,,,,,,,653.5174520000583,653.5304788000649,653.5304788000649,655.5987946999958,1.0,2.065015900065191,,,,,,,,,,,,,,,,,,,,,,07,001,male,22,2024-11-22_13h51.23.882,solo project,2024.2.1post4,59.925021813833254,2024-11-22 13h51.52.694230 +0530,
,,43,43,0,,,,,,,None,None,,scissors,new,2.0,2.363446000032127,,,,,,,,,,,,,,,,,0,43,43,48,,,,,655.6137031000108,,,,,,,,,,,,,,,,,,,,,,,,,,,,,,,,,,,,655.6019521000562,655.6137031000108,655.6137031000108,657.9813696000492,2.0,2.363446000032127,,,,,,,,,,,,,,,,,,,,,,07,001,male,22,2024-11-22_13h51.23.882,solo project,2024.2.1post4,59.925021813833254,2024-11-22 13h51.52.694230 +0530,
,,44,44,0,,,,,,,disgust,hygeine,,limber,old,1.0,2.4794577000429854,,,,,,,,,,,,,,,,,0,44,44,10,,,,,657.9970311000943,,,,,,,,,,,,,,,,,,,,,,,,,,,,,,,,,,,,657.9859305000864,657.9970311000943,657.9970311000943,660.4815420000814,1.0,2.4794577000429854,,,,,,,,,,,,,,,,,,,,,,07,001,male,22,2024-11-22_13h51.23.882,solo project,2024.2.1post4,59.925021813833254,2024-11-22 13h51.52.694230 +0530,
,,45,45,0,,,,,,,None,None,,fabric,new,2.0,2.1647011999739334,,,,,,,,,,,,,,,,,0,45,45,34,,,,,660.4970829000231,,,,,,,,,,,,,,,,,,,,,,,,,,,,,,,,,,,,660.4843484000303,660.4970829000231,660.4970829000231,662.664810199989,2.0,2.1647011999739334,,,,,,,,,,,,,,,,,,,,,,07,001,male,22,2024-11-22_13h51.23.882,solo project,2024.2.1post4,59.925021813833254,2024-11-22 13h51.52.694230 +0530,
,,46,46,0,,,,,,,None,None,,teacher,new,2.0,1.964284099987708,,,,,,,,,,,,,,,,,0,46,46,53,,,,,662.680420699995,,,,,,,,,,,,,,,,,,,,,,,,,,,,,,,,,,,,662.6680425000377,662.680420699995,662.680420699995,664.6482602000469,2.0,1.964284099987708,,,,,,,,,,,,,,,,,,,,,,07,001,male,22,2024-11-22_13h51.23.882,solo project,2024.2.1post4,59.925021813833254,2024-11-22 13h51.52.694230 +0530,
,,47,47,0,,,,,,,disgust,body product,,reverent,old,2.0,7.098290299996734,,,,,,,,,,,,,,,,,0,47,47,22,,,,,664.6639594000299,,,,,,,,,,,,,,,,,,,,,,,,,,,,,,,,,,,,664.6509602000006,664.6639594000299,664.6639594000299,671.7647581000347,2.0,7.098290299996734,,,,,,,,,,,,,,,,,,,,,,07,001,male,22,2024-11-22_13h51.23.882,solo project,2024.2.1post4,59.925021813833254,2024-11-22 13h51.52.694230 +0530,
,,48,48,0,,,,,,,neutral,injury/infection,,stove,old,1.0,2.030303700012155,,,,,,,,,,,,,,,,,0,48,48,26,,,,,671.7803367000306,,,,,,,,,,,,,,,,,,,,,,,,,,,,,,,,,,,,671.768549200031,671.7803367000306,671.7803367000306,673.8145067000296,1.0,2.030303700012155,,,,,,,,,,,,,,,,,,,,,,07,001,male,22,2024-11-22_13h51.23.882,solo project,2024.2.1post4,59.925021813833254,2024-11-22 13h51.52.694230 +0530,
,,49,49,0,,,,,,,None,None,,tease,new,1.0,1.2153114000102505,,,,,,,,,,,,,,,,,0,49,49,54,,,,,673.8304062000243,,,,,,,,,,,,,,,,,,,,,,,,,,,,,,,,,,,,673.8171657000203,673.8304062000243,673.8304062000243,675.0480672999984,1.0,1.2153114000102505,,,,,,,,,,,,,,,,,,,,,,07,001,male,22,2024-11-22_13h51.23.882,solo project,2024.2.1post4,59.925021813833254,2024-11-22 13h51.52.694230 +0530,
,,50,50,0,,,,,,,None,None,,concentrate,new,1.0,2.030814400059171,,,,,,,,,,,,,,,,,0,50,50,31,,,,,675.0633325000526,,,,,,,,,,,,,,,,,,,,,,,,,,,,,,,,,,,,675.0517750000581,675.0633325000526,675.0633325000526,677.0976655000122,1.0,2.030814400059171,,,,,,,,,,,,,,,,,,,,,,07,001,male,22,2024-11-22_13h51.23.882,solo project,2024.2.1post4,59.925021813833254,2024-11-22 13h51.52.694230 +0530,
,,51,51,0,,,,,,,disgust,animal,,serious,old,2.0,3.347876000101678,,,,,,,,,,,,,,,,,0,51,51,23,,,,,677.1134140000213,,,,,,,,,,,,,,,,,,,,,,,,,,,,,,,,,,,,677.1008739999961,677.1134140000213,677.1134140000213,680.4646500999806,2.0,3.347876000101678,,,,,,,,,,,,,,,,,,,,,,07,001,male,22,2024-11-22_13h51.23.882,solo project,2024.2.1post4,59.925021813833254,2024-11-22 13h51.52.694230 +0530,
,,52,52,0,,,,,,,neutral,animal,,coast,old,1.0,1.9977367999963462,,,,,,,,,,,,,,,,,0,52,52,0,,,,,680.4800868000602,,,,,,,,,,,,,,,,,,,,,,,,,,,,,,,,,,,,680.4681800000835,680.4800868000602,680.4800868000602,682.4816366999876,1.0,1.9977367999963462,,,,,,,,,,,,,,,,,,,,,,07,001,male,22,2024-11-22_13h51.23.882,solo project,2024.2.1post4,59.925021813833254,2024-11-22 13h51.52.694230 +0530,
,,53,53,0,,,,,,,None,None,,lightbulb,new,2.0,2.112512099905871,,,,,,,,,,,,,,,,,0,53,53,40,,,,,682.4967163000256,,,,,,,,,,,,,,,,,,,,,,,,,,,,,,,,,,,,682.485914500081,682.4967163000256,682.4967163000256,684.6143160000211,2.0,2.112512099905871,,,,,,,,,,,,,,,,,,,,,,07,001,male,22,2024-11-22_13h51.23.882,solo project,2024.2.1post4,59.925021813833254,2024-11-22 13h51.52.694230 +0530,
,,54,54,0,,,,,,,disgust,injury/infection,,glacier,old,1.0,1.6983845999930054,,,,,,,,,,,,,,,,,0,54,54,4,,,,,684.630302399979,,,,,,,,,,,,,,,,,,,,,,,,,,,,,,,,,,,,684.6170955999987,684.630302399979,684.630302399979,686.3310270999791,1.0,1.6983845999930054,,,,,,,,,,,,,,,,,,,,,,07,001,male,22,2024-11-22_13h51.23.882,solo project,2024.2.1post4,59.925021813833254,2024-11-22 13h51.52.694230 +0530,
,,55,55,0,,,,,,,None,None,,skyscraper,new,2.0,4.330658100079745,,,,,,,,,,,,,,,,,0,55,55,51,,,,,686.3466175000649,,,,,,,,,,,,,,,,,,,,,,,,,,,,,,,,,,,,686.33415530005,686.3466175000649,686.3466175000649,690.681022600038,2.0,4.330658100079745,,,,,,,,,,,,,,,,,,,,,,07,001,male,22,2024-11-22_13h51.23.882,solo project,2024.2.1post4,59.925021813833254,2024-11-22 13h51.52.694230 +0530,
,,56,56,0,,,,,,,neutral,hygeine,,hard,old,2.0,1.9152139999205247,,,,,,,,,,,,,,,,,0,56,56,5,,,,,690.6967533000279,,,,,,,,,,,,,,,,,,,,,,,,,,,,,,,,,,,,690.6833602000261,690.6967533000279,690.6967533000279,692.6141607000027,2.0,1.9152139999205247,,,,,,,,,,,,,,,,,,,,,,07,001,male,22,2024-11-22_13h51.23.882,solo project,2024.2.1post4,59.925021813833254,2024-11-22 13h51.52.694230 +0530,
,,57,57,0,,,,,,,neutral,death,,wine,old,2.0,3.1984937000088394,,,,,,,,,,,,,,,,,0,57,57,29,,,,,692.630178600084,,,,,,,,,,,,,,,,,,,,,,,,,,,,,,,,,,,,692.6164375999942,692.630178600084,692.630178600084,695.8307141000405,2.0,3.1984937000088394,,,,,,,,,,,,,,,,,,,,,,07,001,male,22,2024-11-22_13h51.23.882,solo project,2024.2.1post4,59.925021813833254,2024-11-22 13h51.52.694230 +0530,
,,58,58,0,,,,,,,None,None,,salute,new,1.0,6.5657516999635845,,,,,,,,,,,,,,,,,0,58,58,47,,,,,695.846636799979,,,,,,,,,,,,,,,,,,,,,,,,,,,,,,,,,,,,695.8332632000092,695.846636799979,695.846636799979,702.4142850000644,1.0,6.5657516999635845,,,,,,,,,,,,,,,,,,,,,,07,001,male,22,2024-11-22_13h51.23.882,solo project,2024.2.1post4,59.925021813833254,2024-11-22 13h51.52.694230 +0530,
,,59,59,0,,,,,,,None,None,,clock,new,2.0,2.247643499984406,,,,,,,,,,,,,,,,,0,59,59,30,,,,,702.4298230999848,,,,,,,,,,,,,,,,,,,,,,,,,,,,,,,,,,,,702.417729799985,702.4298230999848,702.4298230999848,704.6807809000602,2.0,2.247643499984406,,,,,,,,,,,,,,,,,,,,,,07,001,male,22,2024-11-22_13h51.23.882,solo project,2024.2.1post4,59.925021813833254,2024-11-22 13h51.52.694230 +0530,
,,,,,,,,,,,,,,,,,,,,,,,,,,,,,,,,,,,,,,,,,,,,,,,,,,,,,,,,,,,,,,,,,,,,,,,,,,,,,,,,,,,,704.6814367000479,708.3480280999793,1,[3.6508858000161126],[3.6508933999575675],,,,,,,,,,,,,,,,,07,001,male,22,2024-11-22_13h51.23.882,solo project,2024.2.1post4,59.925021813833254,2024-11-22 13h51.52.694230 +0530,
,,,,,,,,,,,,,,,,,,,,,,,,,,,,,,,,,,,,,,,,,,,,,,,,,,,,,,,,,,,,,,,,,,,,,,,,,,,,,,,,,,,,,,,,,708.3481251000194,743.7972205000697,space,35.43683439993765,None,,,,,,,,,,,,07,001,male,22,2024-11-22_13h51.23.882,solo project,2024.2.1post4,59.925021813833254,2024-11-22 13h51.52.694230 +0530,
,,,,,,,,,,,,,,,,,,,,,,,,,,,,,,,,,,,,,,,,,,,,,,,,,,,,,,,,,,,,,,,,,,,,,,,,,,,,,,,,,,,,,,,,,,,,,,743.7972848000936,771.6805880999891,space,27.875873400014825,None,,,,,,,07,001,male,22,2024-11-22_13h51.23.882,solo project,2024.2.1post4,59.925021813833254,2024-11-22 13h51.52.694230 +0530,
,,0,0,0,,,,,,,,,,,,,,1,Telephoning in public,2.0,2.0,,,,,,,,,,,,,,,,,0,0,0,0,771.7393454000121,,,,,,,,,,,,,,,,,,,,,,,,,,,,,,,,,,,,,,,,,,,,,,,,,,,,,,,,,771.6999317000154,771.7393454000121,771.7393454000121,786.908276500064,2.0,2.0,07,001,male,22,2024-11-22_13h51.23.882,solo project,2024.2.1post4,59.925021813833254,2024-11-22 13h51.52.694230 +0530,
,,1,1,0,,,,,,,,,,,,,,2,Participating in small groups,1.0,0.0,,,,,,,,,,,,,,,,,0,1,1,1,786.9331189000513,,,,,,,,,,,,,,,,,,,,,,,,,,,,,,,,,,,,,,,,,,,,,,,,,,,,,,,,,786.9140171000035,786.9331189000513,786.9331189000513,804.9474682,1.0,0.0,07,001,male,22,2024-11-22_13h51.23.882,solo project,2024.2.1post4,59.925021813833254,2024-11-22 13h51.52.694230 +0530,
,,2,2,0,,,,,,,,,,,,,,3,Eating in public places,1.0,1.0,,,,,,,,,,,,,,,,,0,2,2,2,804.9698636999819,,,,,,,,,,,,,,,,,,,,,,,,,,,,,,,,,,,,,,,,,,,,,,,,,,,,,,,,,804.9515723000513,804.9698636999819,804.9698636999819,819.7569241999881,1.0,1.0,07,001,male,22,2024-11-22_13h51.23.882,solo project,2024.2.1post4,59.925021813833254,2024-11-22 13h51.52.694230 +0530,
,,3,3,0,,,,,,,,,,,,,,4,Drinking with others in public places,2.0,0.0,,,,,,,,,,,,,,,,,0,3,3,3,819.7798387000803,,,,,,,,,,,,,,,,,,,,,,,,,,,,,,,,,,,,,,,,,,,,,,,,,,,,,,,,,819.762124300003,819.7798387000803,819.7798387000803,831.1313498000382,2.0,0.0,07,001,male,22,2024-11-22_13h51.23.882,solo project,2024.2.1post4,59.925021813833254,2024-11-22 13h51.52.694230 +0530,
,,4,4,0,,,,,,,,,,,,,,5,Talking to people in authority,1.0,2.0,,,,,,,,,,,,,,,,,0,4,4,4,831.1539360000752,,,,,,,,,,,,,,,,,,,,,,,,,,,,,,,,,,,,,,,,,,,,,,,,,,,,,,,,,831.1347877000226,831.1539360000752,831.1539360000752,848.8758529000916,1.0,2.0,07,001,male,22,2024-11-22_13h51.23.882,solo project,2024.2.1post4,59.925021813833254,2024-11-22 13h51.52.694230 +0530,
,,5,5,0,,,,,,,,,,,,,,6,"Acting, performing, or giving a talk in front of an audience",1.0,1.0,,,,,,,,,,,,,,,,,0,5,5,5,848.897819200065,,,,,,,,,,,,,,,,,,,,,,,,,,,,,,,,,,,,,,,,,,,,,,,,,,,,,,,,,848.8809743000893,848.897819200065,848.897819200065,861.1721473999787,1.0,1.0,07,001,male,22,2024-11-22_13h51.23.882,solo project,2024.2.1post4,59.925021813833254,2024-11-22 13h51.52.694230 +0530,
,,6,6,0,,,,,,,,,,,,,,7,Going to a party,0.0,0.0,,,,,,,,,,,,,,,,,0,6,6,6,861.1963160000741,,,,,,,,,,,,,,,,,,,,,,,,,,,,,,,,,,,,,,,,,,,,,,,,,,,,,,,,,861.1779744999949,861.1963160000741,861.1963160000741,867.2951982000377,0.0,0.0,07,001,male,22,2024-11-22_13h51.23.882,solo project,2024.2.1post4,59.925021813833254,2024-11-22 13h51.52.694230 +0530,
,,7,7,0,,,,,,,,,,,,,,8,Working while being observed,0.0,1.0,,,,,,,,,,,,,,,,,0,7,7,7,867.3179440000094,,,,,,,,,,,,,,,,,,,,,,,,,,,,,,,,,,,,,,,,,,,,,,,,,,,,,,,,,867.3006419000449,867.3179440000094,867.3179440000094,879.496761300019,0.0,1.0,07,001,male,22,2024-11-22_13h51.23.882,solo project,2024.2.1post4,59.925021813833254,2024-11-22 13h51.52.694230 +0530,
,,8,8,0,,,,,,,,,,,,,,9,Writing while being observed,1.0,1.0,,,,,,,,,,,,,,,,,0,8,8,8,879.5217463000445,,,,,,,,,,,,,,,,,,,,,,,,,,,,,,,,,,,,,,,,,,,,,,,,,,,,,,,,,879.5010669000912,879.5217463000445,879.5217463000445,891.2679066000273,1.0,1.0,07,001,male,22,2024-11-22_13h51.23.882,solo project,2024.2.1post4,59.925021813833254,2024-11-22 13h51.52.694230 +0530,
,,9,9,0,,,,,,,,,,,,,,10,Calling someone you don't know very well,1.0,2.0,,,,,,,,,,,,,,,,,0,9,9,9,891.2916439999826,,,,,,,,,,,,,,,,,,,,,,,,,,,,,,,,,,,,,,,,,,,,,,,,,,,,,,,,,891.2731554000638,891.2916439999826,891.2916439999826,898.5135554000735,1.0,2.0,07,001,male,22,2024-11-22_13h51.23.882,solo project,2024.2.1post4,59.925021813833254,2024-11-22 13h51.52.694230 +0530,
,,10,10,0,,,,,,,,,,,,,,11,Talking with people you don't know very well,0.0,1.0,,,,,,,,,,,,,,,,,0,10,10,10,898.5358253000304,,,,,,,,,,,,,,,,,,,,,,,,,,,,,,,,,,,,,,,,,,,,,,,,,,,,,,,,,898.5174434999935,898.5358253000304,898.5358253000304,909.1969229000388,0.0,1.0,07,001,male,22,2024-11-22_13h51.23.882,solo project,2024.2.1post4,59.925021813833254,2024-11-22 13h51.52.694230 +0530,
,,11,11,0,,,,,,,,,,,,,,12,Meeting strangers,0.0,1.0,,,,,,,,,,,,,,,,,0,11,11,11,909.2239953000098,,,,,,,,,,,,,,,,,,,,,,,,,,,,,,,,,,,,,,,,,,,,,,,,,,,,,,,,,909.2015800999943,909.2239953000098,909.2239953000098,916.5607226000866,0.0,1.0,07,001,male,22,2024-11-22_13h51.23.882,solo project,2024.2.1post4,59.925021813833254,2024-11-22 13h51.52.694230 +0530,
,,12,12,0,,,,,,,,,,,,,,13,Urinating in a public bathroom,2.0,3.0,,,,,,,,,,,,,,,,,0,12,12,12,916.5837972000008,,,,,,,,,,,,,,,,,,,,,,,,,,,,,,,,,,,,,,,,,,,,,,,,,,,,,,,,,916.5654245000333,916.5837972000008,916.5837972000008,931.1442791000009,2.0,3.0,07,001,male,22,2024-11-22_13h51.23.882,solo project,2024.2.1post4,59.925021813833254,2024-11-22 13h51.52.694230 +0530,
,,13,13,0,,,,,,,,,,,,,,14,Entering a room when others are already seated,1.0,1.0,,,,,,,,,,,,,,,,,0,13,13,13,931.1659470000304,,,,,,,,,,,,,,,,,,,,,,,,,,,,,,,,,,,,,,,,,,,,,,,,,,,,,,,,,931.1485206000507,931.1659470000304,931.1659470000304,940.1016710000113,1.0,1.0,07,001,male,22,2024-11-22_13h51.23.882,solo project,2024.2.1post4,59.925021813833254,2024-11-22 13h51.52.694230 +0530,
,,14,14,0,,,,,,,,,,,,,,15,Being the center of attention,0.0,1.0,,,,,,,,,,,,,,,,,0,14,14,14,940.1245287000202,,,,,,,,,,,,,,,,,,,,,,,,,,,,,,,,,,,,,,,,,,,,,,,,,,,,,,,,,940.1074049000163,940.1245287000202,940.1245287000202,947.9292221000651,0.0,1.0,07,001,male,22,2024-11-22_13h51.23.882,solo project,2024.2.1post4,59.925021813833254,2024-11-22 13h51.52.694230 +0530,
,,15,15,0,,,,,,,,,,,,,,16,Speaking up at a meeting,1.0,0.0,,,,,,,,,,,,,,,,,0,15,15,15,947.9510638000211,,,,,,,,,,,,,,,,,,,,,,,,,,,,,,,,,,,,,,,,,,,,,,,,,,,,,,,,,947.9333379000891,947.9510638000211,947.9510638000211,957.6893688000273,1.0,0.0,07,001,male,22,2024-11-22_13h51.23.882,solo project,2024.2.1post4,59.925021813833254,2024-11-22 13h51.52.694230 +0530,
,,16,16,0,,,,,,,,,,,,,,17,Taking a test,1.0,0.0,,,,,,,,,,,,,,,,,0,16,16,16,957.7130066000391,,,,,,,,,,,,,,,,,,,,,,,,,,,,,,,,,,,,,,,,,,,,,,,,,,,,,,,,,957.6928485999815,957.7130066000391,957.7130066000391,977.1066648000851,1.0,0.0,07,001,male,22,2024-11-22_13h51.23.882,solo project,2024.2.1post4,59.925021813833254,2024-11-22 13h51.52.694230 +0530,
,,17,17,0,,,,,,,,,,,,,,18,Expressing a disagreement or disapproval to people you don’t know very well,1.0,1.0,,,,,,,,,,,,,,,,,0,17,17,17,977.1323153000558,,,,,,,,,,,,,,,,,,,,,,,,,,,,,,,,,,,,,,,,,,,,,,,,,,,,,,,,,977.1153544000117,977.1323153000558,977.1323153000558,988.5526954000816,1.0,1.0,07,001,male,22,2024-11-22_13h51.23.882,solo project,2024.2.1post4,59.925021813833254,2024-11-22 13h51.52.694230 +0530,
,,18,18,0,,,,,,,,,,,,,,19,Looking at people you don't know very well in the eyes,1.0,1.0,,,,,,,,,,,,,,,,,0,18,18,18,988.5755795000587,,,,,,,,,,,,,,,,,,,,,,,,,,,,,,,,,,,,,,,,,,,,,,,,,,,,,,,,,988.558434400009,988.5755795000587,988.5755795000587,1013.4965039000381,1.0,1.0,07,001,male,22,2024-11-22_13h51.23.882,solo project,2024.2.1post4,59.925021813833254,2024-11-22 13h51.52.694230 +0530,
,,19,19,0,,,,,,,,,,,,,,20,Giving a report to a group,1.0,0.0,,,,,,,,,,,,,,,,,0,19,19,19,1013.5180828000885,,,,,,,,,,,,,,,,,,,,,,,,,,,,,,,,,,,,,,,,,,,,,,,,,,,,,,,,,1013.4999258000171,1013.5180828000885,1013.5180828000885,1023.5421419000486,1.0,0.0,07,001,male,22,2024-11-22_13h51.23.882,solo project,2024.2.1post4,59.925021813833254,2024-11-22 13h51.52.694230 +0530,
,,20,20,0,,,,,,,,,,,,,,21,Trying to pick up someone,0.0,0.0,,,,,,,,,,,,,,,,,0,20,20,20,1023.5648082999978,,,,,,,,,,,,,,,,,,,,,,,,,,,,,,,,,,,,,,,,,,,,,,,,,,,,,,,,,1023.5470096000936,1023.5648082999978,1023.5648082999978,1032.3591957000317,0.0,0.0,07,001,male,22,2024-11-22_13h51.23.882,solo project,2024.2.1post4,59.925021813833254,2024-11-22 13h51.52.694230 +0530,
,,21,21,0,,,,,,,,,,,,,,22,Returning goods to a store,3.0,2.0,,,,,,,,,,,,,,,,,0,21,21,21,1032.3852931000292,,,,,,,,,,,,,,,,,,,,,,,,,,,,,,,,,,,,,,,,,,,,,,,,,,,,,,,,,1032.3655298000667,1032.3852931000292,1032.3852931000292,1040.9951658000937,3.0,2.0,07,001,male,22,2024-11-22_13h51.23.882,solo project,2024.2.1post4,59.925021813833254,2024-11-22 13h51.52.694230 +0530,
,,22,22,0,,,,,,,,,,,,,,23,Giving a party,0.0,0.0,,,,,,,,,,,,,,,,,0,22,22,22,1041.022168800002,,,,,,,,,,,,,,,,,,,,,,,,,,,,,,,,,,,,,,,,,,,,,,,,,,,,,,,,,1040.9984162000474,1041.022168800002,1041.022168800002,1057.6603840000462,0.0,0.0,07,001,male,22,2024-11-22_13h51.23.882,solo project,2024.2.1post4,59.925021813833254,2024-11-22 13h51.52.694230 +0530,
,,23,23,0,,,,,,,,,,,,,,24,Resisting a high pressure salesperson,1.0,1.0,,,,,,,,,,,,,,,,,0,23,23,23,1057.6813415000215,,,,,,,,,,,,,,,,,,,,,,,,,,,,,,,,,,,,,,,,,,,,,,,,,,,,,,,,,1057.6641072999919,1057.6813415000215,1057.6813415000215,1071.055131000001,1.0,1.0,07,001,male,22,2024-11-22_13h51.23.882,solo project,2024.2.1post4,59.925021813833254,2024-11-22 13h51.52.694230 +0530,
