﻿no_per,dsr_per,thisN,thisTrialN,thisRepN,slider.response,slider.rt,no_exp,dsr_exp,slider_2.response,imagefile,type,subtype,study_word,test_word,old_new,slider_3.response,slider_3.rt,lsas_no,lsas_situation,slider_4.response,slider_5.response,trials.thisRepN,trials.thisTrialN,trials.thisN,trials.thisIndex,trials_2.thisRepN,trials_2.thisTrialN,trials_2.thisN,trials_2.thisIndex,trials_3.thisRepN,trials_3.thisTrialN,trials_3.thisN,trials_3.thisIndex,trials_4.thisRepN,trials_4.thisTrialN,trials_4.thisN,trials_4.thisIndex,trials_5.thisRepN,trials_5.thisTrialN,trials_5.thisN,trials_5.thisIndex,thisRow.t,notes,consent.started,consent.stopped,button.numClicks,button.timesOn,button.timesOff,dsr_personal.started,text.started,question.started,slider.started,dsr_personal.stopped,trials.slider.response,trials.slider.rt,dsr_experience.started,dsr_experience.stopped,trials_2.slider_2.response,instr.started,instr.stopped,key_resp.keys,key_resp.rt,key_resp.duration,encoding.started,fixation.started,study_image.started,studyword.started,fixation.stopped,encoding.stopped,study_image.stopped,studyword.stopped,test_instruction.started,key_resp_2.started,test_instruction.stopped,key_resp_2.keys,key_resp_2.rt,key_resp_2.duration,testing.started,t_word.started,slider_3.started,testing.stopped,trials_4.slider_3.response,trials_4.slider_3.rt,end.started,end.stopped,button_2.numClicks,button_2.timesOn,button_2.timesOff,brk.started,brk.stopped,key_resp_3.keys,key_resp_3.rt,key_resp_3.duration,lsas_instr.started,lsas_instr.stopped,key_resp_4.keys,key_resp_4.rt,key_resp_4.duration,lsas.started,text_2.started,text_3.started,lsas.stopped,trials_5.slider_4.response,trials_5.slider_5.response,participant,session,sex,age,date,expName,psychopyVersion,frameRate,expStart,
,,,,,,,,,,,,,,,,,,,,,,,,,,,,,,,,,,,,,,,,,,,,0.009315200033597648,18.22899720002897,1,[18.197923499974422],[18.197933599934913],,,,,,,,,,,,,,,,,,,,,,,,,,,,,,,,,,,,,,,,,,,,,,,,,,,,,,,,,08,001,male,21,2024-11-22_14h21.32.960,solo project,2024.2.1post4,60.04102002968442,2024-11-22 14h21.58.106210 +0530,
1,"I might be willing to try eating monkey meat, under some circumstances.",0,0,0,3.0,19.698388500022702,,,,,,,,,,,,,,,,0,0,0,0,,,,,,,,,,,,,,,,,18.287952900049277,,,,,,,18.253348400001414,18.287952900049277,18.287952900049277,18.287952900049277,37.96726830000989,3.0,19.698388500022702,,,,,,,,,,,,,,,,,,,,,,,,,,,,,,,,,,,,,,,,,,,,,,,,,,08,001,male,21,2024-11-22_14h21.32.960,solo project,2024.2.1post4,60.04102002968442,2024-11-22 14h21.58.106210 +0530,
2,It would bother me to be in a science class and to see a human preserved in a jar.,1,1,0,0.0,15.477546300040558,,,,,,,,,,,,,,,,0,1,1,1,,,,,,,,,,,,,,,,,37.98589420004282,,,,,,,37.97386820008978,37.98589420004282,37.98589420004282,37.98589420004282,53.467940800008364,0.0,15.477546300040558,,,,,,,,,,,,,,,,,,,,,,,,,,,,,,,,,,,,,,,,,,,,,,,,,,08,001,male,21,2024-11-22_14h21.32.960,solo project,2024.2.1post4,60.04102002968442,2024-11-22 14h21.58.106210 +0530,
3,It bothers me to hear someone clear a throat full of mucous.,2,2,0,0.0,6.358214100007899,,,,,,,,,,,,,,,,0,2,2,2,,,,,,,,,,,,,,,,,53.485702999983914,,,,,,,53.473674200009555,53.485702999983914,53.485702999983914,53.485702999983914,59.847084900015034,0.0,6.358214100007899,,,,,,,,,,,,,,,,,,,,,,,,,,,,,,,,,,,,,,,,,,,,,,,,,,08,001,male,21,2024-11-22_14h21.32.960,solo project,2024.2.1post4,60.04102002968442,2024-11-22 14h21.58.106210 +0530,
4,I never let any part of my body touch the toilet seat in public restrooms.,3,3,0,2.0,7.535159199964255,,,,,,,,,,,,,,,,0,3,3,3,,,,,,,,,,,,,,,,,59.865672899992205,,,,,,,59.851131699979305,59.865672899992205,59.865672899992205,59.865672899992205,67.4019285000395,2.0,7.535159199964255,,,,,,,,,,,,,,,,,,,,,,,,,,,,,,,,,,,,,,,,,,,,,,,,,,08,001,male,21,2024-11-22_14h21.32.960,solo project,2024.2.1post4,60.04102002968442,2024-11-22 14h21.58.106210 +0530,
5,I would go out of my way to avoid walking through a graveyard.,4,4,0,0.0,30.597389700007625,,,,,,,,,,,,,,,,0,4,4,4,,,,,,,,,,,,,,,,,67.41713950003032,,,,,,,67.40522150008474,67.41713950003032,67.41713950003032,67.41713950003032,98.01794370007701,0.0,30.597389700007625,,,,,,,,,,,,,,,,,,,,,,,,,,,,,,,,,,,,,,,,,,,,,,,,,,08,001,male,21,2024-11-22_14h21.32.960,solo project,2024.2.1post4,60.04102002968442,2024-11-22 14h21.58.106210 +0530,
6,Seeing a cockroach in someone else's house doesn't bother me.,5,5,0,0.0,10.062027600011788,,,,,,,,,,,,,,,,0,5,5,5,,,,,,,,,,,,,,,,,98.03415479999967,,,,,,,98.02375340007711,98.03415479999967,98.03415479999967,98.03415479999967,108.10105130006559,0.0,10.062027600011788,,,,,,,,,,,,,,,,,,,,,,,,,,,,,,,,,,,,,,,,,,,,,,,,,,08,001,male,21,2024-11-22_14h21.32.960,solo project,2024.2.1post4,60.04102002968442,2024-11-22 14h21.58.106210 +0530,
7,It would bother me tremendously to touch a dead body.,6,6,0,1.0,5.864924900000915,,,,,,,,,,,,,,,,0,6,6,6,,,,,,,,,,,,,,,,,108.1167469000211,,,,,,,108.10406210005749,108.1167469000211,108.1167469000211,108.1167469000211,113.98430660006125,1.0,5.864924900000915,,,,,,,,,,,,,,,,,,,,,,,,,,,,,,,,,,,,,,,,,,,,,,,,,,08,001,male,21,2024-11-22_14h21.32.960,solo project,2024.2.1post4,60.04102002968442,2024-11-22 14h21.58.106210 +0530,
8,"If I see someone vomit, it makes me sick to my stomach.",7,7,0,1.0,3.6975555000826716,,,,,,,,,,,,,,,,0,7,7,7,,,,,,,,,,,,,,,,,113.99991380004212,,,,,,,113.98813750001136,113.99991380004212,113.99991380004212,113.99991380004212,117.70168769999873,1.0,3.6975555000826716,,,,,,,,,,,,,,,,,,,,,,,,,,,,,,,,,,,,,,,,,,,,,,,,,,08,001,male,21,2024-11-22_14h21.32.960,solo project,2024.2.1post4,60.04102002968442,2024-11-22 14h21.58.106210 +0530,
9,I probably would not go to my favorite restaurant if I found out that the cook had a cold.,8,8,0,1.0,8.062345299986191,,,,,,,,,,,,,,,,0,8,8,8,,,,,,,,,,,,,,,,,117.71640190004837,,,,,,,117.70581590000074,117.71640190004837,117.71640190004837,117.71640190004837,125.78403290000279,1.0,8.062345299986191,,,,,,,,,,,,,,,,,,,,,,,,,,,,,,,,,,,,,,,,,,,,,,,,,,08,001,male,21,2024-11-22_14h21.32.960,solo project,2024.2.1post4,60.04102002968442,2024-11-22 14h21.58.106210 +0530,
10,It would not upset me at all to watch a person with a glass eye take the eye out of the socket.,9,9,0,0.0,7.4964970999863,,,,,,,,,,,,,,,,0,9,9,9,,,,,,,,,,,,,,,,,125.80029510008171,,,,,,,125.78810060000978,125.80029510008171,125.80029510008171,125.80029510008171,133.30097760003991,0.0,7.4964970999863,,,,,,,,,,,,,,,,,,,,,,,,,,,,,,,,,,,,,,,,,,,,,,,,,,08,001,male,21,2024-11-22_14h21.32.960,solo project,2024.2.1post4,60.04102002968442,2024-11-22 14h21.58.106210 +0530,
11,It would bother me to see a rat run across my path in a park.,10,10,0,0.0,3.9971606000326574,,,,,,,,,,,,,,,,0,10,10,10,,,,,,,,,,,,,,,,,133.31644780002534,,,,,,,133.3040948000271,133.31644780002534,133.31644780002534,133.31644780002534,137.31761360005476,0.0,3.9971606000326574,,,,,,,,,,,,,,,,,,,,,,,,,,,,,,,,,,,,,,,,,,,,,,,,,,08,001,male,21,2024-11-22_14h21.32.960,solo project,2024.2.1post4,60.04102002968442,2024-11-22 14h21.58.106210 +0530,
12,I would rather eat a piece of fruit than a piece of paper.,11,11,0,4.0,17.7139795999974,,,,,,,,,,,,,,,,0,11,11,11,,,,,,,,,,,,,,,,,137.33292010007426,,,,,,,137.3206282000756,137.33292010007426,137.33292010007426,137.33292010007426,155.05063680000603,4.0,17.7139795999974,,,,,,,,,,,,,,,,,,,,,,,,,,,,,,,,,,,,,,,,,,,,,,,,,,08,001,male,21,2024-11-22_14h21.32.960,solo project,2024.2.1post4,60.04102002968442,2024-11-22 14h21.58.106210 +0530,
13,"Even if I was hungry, I would not drink a bowl of my favorite soup if It had been stirred by a used but thoroughly washed flyswatter.",12,12,0,0.0,20.128565300023183,,,,,,,,,,,,,,,,0,12,12,12,,,,,,,,,,,,,,,,,155.06700490007643,,,,,,,155.0563933000667,155.06700490007643,155.06700490007643,155.06700490007643,175.20065140002407,0.0,20.128565300023183,,,,,,,,,,,,,,,,,,,,,,,,,,,,,,,,,,,,,,,,,,,,,,,,,,08,001,male,21,2024-11-22_14h21.32.960,solo project,2024.2.1post4,60.04102002968442,2024-11-22 14h21.58.106210 +0530,
14,It would bother me to sleep in a nice hotel room if I knew that a man had died of a heart attack in that room the night before.,13,13,0,0.0,8.396249199984595,,,,,,,,,,,,,,,,0,13,13,13,,,,,,,,,,,,,,,,,175.21617870009504,,,,,,,175.20503549999557,175.21617870009504,175.21617870009504,175.21617870009504,183.61713430006057,0.0,8.396249199984595,,,,,,,,,,,,,,,,,,,,,,,,,,,,,,,,,,,,,,,,,,,,,,,,,,08,001,male,21,2024-11-22_14h21.32.960,solo project,2024.2.1post4,60.04102002968442,2024-11-22 14h21.58.106210 +0530,
,,0,0,0,,,15,You see maggots on a piece of meat in an outdoor or garbage pail.,4.0,,,,,,,,,,,,,,,,,0,0,0,0,,,,,,,,,,,,,183.64725779998116,,,,,,,,,,,,,,183.63252760004252,190.45033330004662,4.0,,,,,,,,,,,,,,,,,,,,,,,,,,,,,,,,,,,,,,,,,,,,,,,08,001,male,21,2024-11-22_14h21.32.960,solo project,2024.2.1post4,60.04102002968442,2024-11-22 14h21.58.106210 +0530,
,,1,1,0,,,16,You see person eating apple with a knife and fork.,1.0,,,,,,,,,,,,,,,,,0,1,1,1,,,,,,,,,,,,,190.46578199998476,,,,,,,,,,,,,,190.4531726000132,195.3506495000329,1.0,,,,,,,,,,,,,,,,,,,,,,,,,,,,,,,,,,,,,,,,,,,,,,,08,001,male,21,2024-11-22_14h21.32.960,solo project,2024.2.1post4,60.04102002968442,2024-11-22 14h21.58.106210 +0530,
,,2,2,0,,,17,"While you are walking through a tunner under a railroad track, you smell urine.",2.0,,,,,,,,,,,,,,,,,0,2,2,2,,,,,,,,,,,,,195.37180409999564,,,,,,,,,,,,,,195.36149979999755,212.89988090004772,2.0,,,,,,,,,,,,,,,,,,,,,,,,,,,,,,,,,,,,,,,,,,,,,,,08,001,male,21,2024-11-22_14h21.32.960,solo project,2024.2.1post4,60.04102002968442,2024-11-22 14h21.58.106210 +0530,
,,3,3,0,,,18,"You take a sip of soda, an then realize that you drank from the glass that an acquaintance of yours had been drinking from.",0.0,,,,,,,,,,,,,,,,,0,3,3,3,,,,,,,,,,,,,212.9176996999886,,,,,,,,,,,,,,212.90738360001706,224.83333410008345,0.0,,,,,,,,,,,,,,,,,,,,,,,,,,,,,,,,,,,,,,,,,,,,,,,08,001,male,21,2024-11-22_14h21.32.960,solo project,2024.2.1post4,60.04102002968442,2024-11-22 14h21.58.106210 +0530,
,,4,4,0,,,19,"Your friend's pet cat dies, and you have to pick up the dead body with your bare hands.",0.0,,,,,,,,,,,,,,,,,0,4,4,4,,,,,,,,,,,,,224.84861450002063,,,,,,,,,,,,,,224.83717130008154,231.24999570008367,0.0,,,,,,,,,,,,,,,,,,,,,,,,,,,,,,,,,,,,,,,,,,,,,,,08,001,male,21,2024-11-22_14h21.32.960,solo project,2024.2.1post4,60.04102002968442,2024-11-22 14h21.58.106210 +0530,
,,5,5,0,,,20,You see someone put ketchup on vanilla ice cream and eat it.,4.0,,,,,,,,,,,,,,,,,0,5,5,5,,,,,,,,,,,,,231.26491939998232,,,,,,,,,,,,,,231.25320760009345,234.8995811000932,4.0,,,,,,,,,,,,,,,,,,,,,,,,,,,,,,,,,,,,,,,,,,,,,,,08,001,male,21,2024-11-22_14h21.32.960,solo project,2024.2.1post4,60.04102002968442,2024-11-22 14h21.58.106210 +0530,
,,6,6,0,,,21,You see a man with his intestines exposed after an accident.,1.0,,,,,,,,,,,,,,,,,0,6,6,6,,,,,,,,,,,,,234.9153776000021,,,,,,,,,,,,,,234.90343589999247,240.88342319999356,1.0,,,,,,,,,,,,,,,,,,,,,,,,,,,,,,,,,,,,,,,,,,,,,,,08,001,male,21,2024-11-22_14h21.32.960,solo project,2024.2.1post4,60.04102002968442,2024-11-22 14h21.58.106210 +0530,
,,7,7,0,,,22,You discover that a friend of yours changes underwear only once a week.,3.0,,,,,,,,,,,,,,,,,0,7,7,7,,,,,,,,,,,,,240.89838440006133,,,,,,,,,,,,,,240.88693020003848,246.41601300006732,3.0,,,,,,,,,,,,,,,,,,,,,,,,,,,,,,,,,,,,,,,,,,,,,,,08,001,male,21,2024-11-22_14h21.32.960,solo project,2024.2.1post4,60.04102002968442,2024-11-22 14h21.58.106210 +0530,
,,8,8,0,,,23,A friend offers you a piece of chocolate shaped like dog-doo.,0.0,,,,,,,,,,,,,,,,,0,8,8,8,,,,,,,,,,,,,246.43149089999497,,,,,,,,,,,,,,246.42051440000068,250.74984390009195,0.0,,,,,,,,,,,,,,,,,,,,,,,,,,,,,,,,,,,,,,,,,,,,,,,08,001,male,21,2024-11-22_14h21.32.960,solo project,2024.2.1post4,60.04102002968442,2024-11-22 14h21.58.106210 +0530,
,,9,9,0,,,24,You accidentally touch the ashes of a person who has been cremated.,0.0,,,,,,,,,,,,,,,,,0,9,9,9,,,,,,,,,,,,,250.76492119999602,,,,,,,,,,,,,,250.75325800001156,254.98277980007697,0.0,,,,,,,,,,,,,,,,,,,,,,,,,,,,,,,,,,,,,,,,,,,,,,,08,001,male,21,2024-11-22_14h21.32.960,solo project,2024.2.1post4,60.04102002968442,2024-11-22 14h21.58.106210 +0530,
,,10,10,0,,,25,You are about to drink a glass of milk when you smell that it is spoiled.,1.0,,,,,,,,,,,,,,,,,0,10,10,10,,,,,,,,,,,,,254.99796170007903,,,,,,,,,,,,,,254.9864725000225,261.03902900009416,1.0,,,,,,,,,,,,,,,,,,,,,,,,,,,,,,,,,,,,,,,,,,,,,,,08,001,male,21,2024-11-22_14h21.32.960,solo project,2024.2.1post4,60.04102002968442,2024-11-22 14h21.58.106210 +0530,
,,11,11,0,,,26,"As a part of a sex education class, you are required to inflate a new unlubricated condom using your mouth.",4.0,,,,,,,,,,,,,,,,,0,11,11,11,,,,,,,,,,,,,261.0547421000665,,,,,,,,,,,,,,261.04390930000227,267.57240549998824,4.0,,,,,,,,,,,,,,,,,,,,,,,,,,,,,,,,,,,,,,,,,,,,,,,08,001,male,21,2024-11-22_14h21.32.960,solo project,2024.2.1post4,60.04102002968442,2024-11-22 14h21.58.106210 +0530,
,,12,12,0,,,27,"You are walking barefoot on concrete, and you step on an earthworm.",1.0,,,,,,,,,,,,,,,,,0,12,12,12,,,,,,,,,,,,,267.58797540003434,,,,,,,,,,,,,,267.5757673000917,272.6229843000183,1.0,,,,,,,,,,,,,,,,,,,,,,,,,,,,,,,,,,,,,,,,,,,,,,,08,001,male,21,2024-11-22_14h21.32.960,solo project,2024.2.1post4,60.04102002968442,2024-11-22 14h21.58.106210 +0530,
,,,,,,,,,,,,,,,,,,,,,,,,,,,,,,,,,,,,,,,,,,,,,,,,,,,,,,,,,,,272.6230658000568,279.3908791000722,space,6.745960500091314,None,,,,,,,,,,,,,,,,,,,,,,,,,,,,,,,,,,,,,,,,,,08,001,male,21,2024-11-22_14h21.32.960,solo project,2024.2.1post4,60.04102002968442,2024-11-22 14h21.58.106210 +0530,
,,0,0,0,,,,,,images/1041_food_neutral_lum.jpg,neutral,food,trumpet,,,,,,,,,,,,,,,,,0,0,0,27,,,,,,,,,279.43688619998284,,,,,,,,,,,,,,,,,,,,,,279.42827400006354,279.43688619998284,280.398623200017,280.398623200017,280.44741660007276,282.39756810001563,,,,,,,,,,,,,,,,,,,,,,,,,,,,,,,,,,,,08,001,male,21,2024-11-22_14h21.32.960,solo project,2024.2.1post4,60.04102002968442,2024-11-22 14h21.58.106210 +0530,
,,1,1,0,,,,,,images/1118_body products_lum.jpg,disgust,body product,reverent,,,,,,,,,,,,,,,,,0,1,1,22,,,,,,,,,282.42307510005776,,,,,,,,,,,,,,,,,,,,,,282.419504999998,282.42307510005776,283.3970663000364,283.3970663000364,283.4301949000219,285.3806399999885,285.40140830003656,285.40140830003656,,,,,,,,,,,,,,,,,,,,,,,,,,,,,,,,,,08,001,male,21,2024-11-22_14h21.32.960,solo project,2024.2.1post4,60.04102002968442,2024-11-22 14h21.58.106210 +0530,
,,2,2,0,,,,,,images/1062_animals_lum.jpg,disgust,animal,ennui,,,,,,,,,,,,,,,,,0,2,2,3,,,,,,,,,285.40140830003656,,,,,,,,,,,,,,,,,,,,,,285.3977599000791,285.40140830003656,286.39686280000024,286.39686280000024,286.4137909000274,288.38045180006884,288.4012019999791,288.4012019999791,,,,,,,,,,,,,,,,,,,,,,,,,,,,,,,,,,08,001,male,21,2024-11-22_14h21.32.960,solo project,2024.2.1post4,60.04102002968442,2024-11-22 14h21.58.106210 +0530,
,,3,3,0,,,,,,images/1192_injuries_infections neutral_lum.jpg,neutral,injury/infection,stove,,,,,,,,,,,,,,,,,0,3,3,26,,,,,,,,,288.4012019999791,,,,,,,,,,,,,,,,,,,,,,288.39756549999584,288.4012019999791,289.396821500035,289.396821500035,289.41357179998886,291.38056840002537,291.40449159999844,291.40449159999844,,,,,,,,,,,,,,,,,,,,,,,,,,,,,,,,,,08,001,male,21,2024-11-22_14h21.32.960,solo project,2024.2.1post4,60.04102002968442,2024-11-22 14h21.58.106210 +0530,
,,4,4,0,,,,,,images/1100_animals_neutral_lum.jpg,neutral,animal,nursery,,,,,,,,,,,,,,,,,0,4,4,15,,,,,,,,,291.40449159999844,,,,,,,,,,,,,,,,,,,,,,291.401153700077,291.40449159999844,292.3968401000602,292.3968401000602,292.41341839998495,294.38044530001935,294.40590970008634,294.40590970008634,,,,,,,,,,,,,,,,,,,,,,,,,,,,,,,,,,08,001,male,21,2024-11-22_14h21.32.960,solo project,2024.2.1post4,60.04102002968442,2024-11-22 14h21.58.106210 +0530,
,,5,5,0,,,,,,images/1073_animals_lum.jpg,disgust,animal,journal,,,,,,,,,,,,,,,,,0,5,5,7,,,,,,,,,294.40590970008634,,,,,,,,,,,,,,,,,,,,,,294.40223580005113,294.40590970008634,295.3963354000589,295.3963354000589,295.4134990000166,297.38079610001296,297.4060965999961,297.4060965999961,,,,,,,,,,,,,,,,,,,,,,,,,,,,,,,,,,08,001,male,21,2024-11-22_14h21.32.960,solo project,2024.2.1post4,60.04102002968442,2024-11-22 14h21.58.106210 +0530,
,,6,6,0,,,,,,images/1165_injuries_infections_lum.jpg,disgust,injury/infection,glacier,,,,,,,,,,,,,,,,,0,6,6,4,,,,,,,,,297.4060965999961,,,,,,,,,,,,,,,,,,,,,,297.40254440007266,297.4060965999961,298.3963275999995,298.3963275999995,298.41297679999843,300.3810702000046,300.40747960004956,300.40747960004956,,,,,,,,,,,,,,,,,,,,,,,,,,,,,,,,,,08,001,male,21,2024-11-22_14h21.32.960,solo project,2024.2.1post4,60.04102002968442,2024-11-22 14h21.58.106210 +0530,
,,7,7,0,,,,,,images/1153_injuries_infections_lum.jpg,disgust,injury/infection,elevator,,,,,,,,,,,,,,,,,0,7,7,2,,,,,,,,,300.40747960004956,,,,,,,,,,,,,,,,,,,,,,300.4021477000788,300.40747960004956,301.3962145000696,301.3962145000696,301.41301950009074,303.3804630000377,303.4054281000281,303.4054281000281,,,,,,,,,,,,,,,,,,,,,,,,,,,,,,,,,,08,001,male,21,2024-11-22_14h21.32.960,solo project,2024.2.1post4,60.04102002968442,2024-11-22 14h21.58.106210 +0530,
,,8,8,0,,,,,,images/1146_body products neutral_lum.jpg,neutral,body product,reptile,,,,,,,,,,,,,,,,,0,8,8,21,,,,,,,,,303.4054281000281,,,,,,,,,,,,,,,,,,,,,,303.4003911000909,303.4054281000281,304.3965622000396,304.3965622000396,304.41308329999447,306.3802893999964,306.4069476000732,306.4069476000732,,,,,,,,,,,,,,,,,,,,,,,,,,,,,,,,,,08,001,male,21,2024-11-22_14h21.32.960,solo project,2024.2.1post4,60.04102002968442,2024-11-22 14h21.58.106210 +0530,
,,9,9,0,,,,,,images/1250_death neutral_lum.jpg,neutral,death,neurotic,,,,,,,,,,,,,,,,,0,9,9,14,,,,,,,,,306.4069476000732,,,,,,,,,,,,,,,,,,,,,,306.4018832000438,306.4069476000732,307.3962376000127,307.3962376000127,307.41311229998246,309.38055810006335,309.40588740003295,309.40588740003295,,,,,,,,,,,,,,,,,,,,,,,,,,,,,,,,,,08,001,male,21,2024-11-22_14h21.32.960,solo project,2024.2.1post4,60.04102002968442,2024-11-22 14h21.58.106210 +0530,
,,10,10,0,,,,,,images/1223_death_lum.jpg,disgust,death,mischief,,,,,,,,,,,,,,,,,0,10,10,13,,,,,,,,,309.40588740003295,,,,,,,,,,,,,,,,,,,,,,309.40239250008017,309.40588740003295,310.39639530004933,310.39639530004933,310.4130663999822,312.3807014999911,312.40649050008506,312.40649050008506,,,,,,,,,,,,,,,,,,,,,,,,,,,,,,,,,,08,001,male,21,2024-11-22_14h21.32.960,solo project,2024.2.1post4,60.04102002968442,2024-11-22 14h21.58.106210 +0530,
,,11,11,0,,,,,,images/1049_food_neutral_lum.jpg,neutral,food,privacy,,,,,,,,,,,,,,,,,0,11,11,17,,,,,,,,,312.40649050008506,,,,,,,,,,,,,,,,,,,,,,312.4013828000752,312.40649050008506,313.3961723999819,313.3961723999819,313.4132697000168,315.38038370001595,315.4052325000521,315.4052325000521,,,,,,,,,,,,,,,,,,,,,,,,,,,,,,,,,,08,001,male,21,2024-11-22_14h21.32.960,solo project,2024.2.1post4,60.04102002968442,2024-11-22 14h21.58.106210 +0530,
,,12,12,0,,,,,,images/1200_injuries_infections neutral_lum.jpg,neutral,injury/infection,village,,,,,,,,,,,,,,,,,0,12,12,28,,,,,,,,,315.4052325000521,,,,,,,,,,,,,,,,,,,,,,315.400055599981,315.4052325000521,316.39659210003447,316.39659210003447,316.4131494000321,318.38032400002703,318.40771120006684,318.40771120006684,,,,,,,,,,,,,,,,,,,,,,,,,,,,,,,,,,08,001,male,21,2024-11-22_14h21.32.960,solo project,2024.2.1post4,60.04102002968442,2024-11-22 14h21.58.106210 +0530,
,,13,13,0,,,,,,images/1143_body products neutral_lum.jpg,neutral,body product,invest,,,,,,,,,,,,,,,,,0,13,13,6,,,,,,,,,318.40771120006684,,,,,,,,,,,,,,,,,,,,,,318.4023443000624,318.40771120006684,319.3965785000473,319.3965785000473,319.4127821000293,321.3800746999914,321.39859420002904,321.39859420002904,,,,,,,,,,,,,,,,,,,,,,,,,,,,,,,,,,08,001,male,21,2024-11-22_14h21.32.960,solo project,2024.2.1post4,60.04102002968442,2024-11-22 14h21.58.106210 +0530,
,,14,14,0,,,,,,images/1149_body products neutral_lum.jpg,neutral,body product,skeptical,,,,,,,,,,,,,,,,,0,14,14,24,,,,,,,,,321.39859420002904,,,,,,,,,,,,,,,,,,,,,,321.3951211000094,321.39859420002904,322.39644180005416,322.39644180005416,322.41283960000146,324.3803251000354,324.4052182000596,324.4052182000596,,,,,,,,,,,,,,,,,,,,,,,,,,,,,,,,,,08,001,male,21,2024-11-22_14h21.32.960,solo project,2024.2.1post4,60.04102002968442,2024-11-22 14h21.58.106210 +0530,
,,15,15,0,,,,,,images/1299_hygiene neutral_lum.jpg,neutral,hygeine,rancid,,,,,,,,,,,,,,,,,0,15,15,19,,,,,,,,,324.4052182000596,,,,,,,,,,,,,,,,,,,,,,324.40192660002504,324.4052182000596,325.3962521000067,325.3962521000067,325.41341250005644,327.3801332000876,327.40642110002227,327.40642110002227,,,,,,,,,,,,,,,,,,,,,,,,,,,,,,,,,,08,001,male,21,2024-11-22_14h21.32.960,solo project,2024.2.1post4,60.04102002968442,2024-11-22 14h21.58.106210 +0530,
,,16,16,0,,,,,,images/1202_death_lum.jpg,disgust,death,lantern,,,,,,,,,,,,,,,,,0,16,16,8,,,,,,,,,327.40642110002227,,,,,,,,,,,,,,,,,,,,,,327.4013593000127,327.40642110002227,328.3964038999984,328.3964038999984,328.41303110006265,330.38012600003276,330.40516940003727,330.40516940003727,,,,,,,,,,,,,,,,,,,,,,,,,,,,,,,,,,08,001,male,21,2024-11-22_14h21.32.960,solo project,2024.2.1post4,60.04102002968442,2024-11-22 14h21.58.106210 +0530,
,,17,17,0,,,,,,images/1093_animals_neutral_lum.jpg,neutral,animal,lighthouse,,,,,,,,,,,,,,,,,0,17,17,9,,,,,,,,,330.40516940003727,,,,,,,,,,,,,,,,,,,,,,330.400120300008,330.40516940003727,331.3962006000802,331.3962006000802,331.4130943000782,333.38027269998565,333.4066615999909,333.4066615999909,,,,,,,,,,,,,,,,,,,,,,,,,,,,,,,,,,08,001,male,21,2024-11-22_14h21.32.960,solo project,2024.2.1post4,60.04102002968442,2024-11-22 14h21.58.106210 +0530,
,,18,18,0,,,,,,images/1291_hygiene neutral_lum.jpg,neutral,hygeine,hard,,,,,,,,,,,,,,,,,0,18,18,5,,,,,,,,,333.4066615999909,,,,,,,,,,,,,,,,,,,,,,333.4015986000886,333.4066615999909,334.3964080000296,334.3964080000296,334.41256820003036,336.38039659999777,336.4020922000054,336.4020922000054,,,,,,,,,,,,,,,,,,,,,,,,,,,,,,,,,,08,001,male,21,2024-11-22_14h21.32.960,solo project,2024.2.1post4,60.04102002968442,2024-11-22 14h21.58.106210 +0530,
,,19,19,0,,,,,,images/1271_hygiene_lum.jpg,disgust,hygeine,limber,,,,,,,,,,,,,,,,,0,19,19,10,,,,,,,,,336.4020922000054,,,,,,,,,,,,,,,,,,,,,,336.39870780007914,336.4020922000054,337.39629639999475,337.39629639999475,337.4125272000674,339.37993430008646,339.4074321000371,339.4074321000371,,,,,,,,,,,,,,,,,,,,,,,,,,,,,,,,,,08,001,male,21,2024-11-22_14h21.32.960,solo project,2024.2.1post4,60.04102002968442,2024-11-22 14h21.58.106210 +0530,
,,20,20,0,,,,,,images/1104_body products_lum.jpg,disgust,body product,material,,,,,,,,,,,,,,,,,0,20,20,12,,,,,,,,,339.4074321000371,,,,,,,,,,,,,,,,,,,,,,339.4024341000477,339.4074321000371,340.39610760007054,340.39610760007054,340.4129373000469,342.37988390005194,342.4074753000168,342.4074753000168,,,,,,,,,,,,,,,,,,,,,,,,,,,,,,,,,,08,001,male,21,2024-11-22_14h21.32.960,solo project,2024.2.1post4,60.04102002968442,2024-11-22 14h21.58.106210 +0530,
,,21,21,0,,,,,,images/1013_food_lum.jpg,disgust,food,stiff,,,,,,,,,,,,,,,,,0,21,21,25,,,,,,,,,342.4074753000168,,,,,,,,,,,,,,,,,,,,,,342.40228929999284,342.4074753000168,343.39595600008033,343.39595600008033,343.4127202000236,345.38020600005984,345.4072293000063,345.4072293000063,,,,,,,,,,,,,,,,,,,,,,,,,,,,,,,,,,08,001,male,21,2024-11-22_14h21.32.960,solo project,2024.2.1post4,60.04102002968442,2024-11-22 14h21.58.106210 +0530,
,,22,22,0,,,,,,images/1032_food_lum.jpg,disgust,food,rattle,,,,,,,,,,,,,,,,,0,22,22,20,,,,,,,,,345.4072293000063,,,,,,,,,,,,,,,,,,,,,,345.4018586000893,345.4072293000063,346.39581030001864,346.39581030001864,346.41235610004514,348.3800393000711,348.4063158000354,348.4063158000354,,,,,,,,,,,,,,,,,,,,,,,,,,,,,,,,,,08,001,male,21,2024-11-22_14h21.32.960,solo project,2024.2.1post4,60.04102002968442,2024-11-22 14h21.58.106210 +0530,
,,23,23,0,,,,,,images/1099_animals_neutral_lum.jpg,neutral,animal,coast,,,,,,,,,,,,,,,,,0,23,23,0,,,,,,,,,348.4063158000354,,,,,,,,,,,,,,,,,,,,,,348.40103449998423,348.4063158000354,349.39586950000376,349.39586950000376,349.41264710004907,351.3800748999929,351.40615260007326,351.40615260007326,,,,,,,,,,,,,,,,,,,,,,,,,,,,,,,,,,08,001,male,21,2024-11-22_14h21.32.960,solo project,2024.2.1post4,60.04102002968442,2024-11-22 14h21.58.106210 +0530,
,,24,24,0,,,,,,images/1253_hygiene_lum.jpg,disgust,hygeine,manner,,,,,,,,,,,,,,,,,0,24,24,11,,,,,,,,,351.40615260007326,,,,,,,,,,,,,,,,,,,,,,351.40106499998365,351.40615260007326,352.3958522999892,352.3958522999892,352.41274390008766,354.37985260004643,354.4069047999801,354.4069047999801,,,,,,,,,,,,,,,,,,,,,,,,,,,,,,,,,,08,001,male,21,2024-11-22_14h21.32.960,solo project,2024.2.1post4,60.04102002968442,2024-11-22 14h21.58.106210 +0530,
,,25,25,0,,,,,,images/1054_animals_lum.jpg,disgust,animal,serious,,,,,,,,,,,,,,,,,0,25,25,23,,,,,,,,,354.4069047999801,,,,,,,,,,,,,,,,,,,,,,354.4020260000834,354.4069047999801,355.3955917999847,355.3955917999847,355.4124142000219,357.38030429999344,357.40629960002843,357.40629960002843,,,,,,,,,,,,,,,,,,,,,,,,,,,,,,,,,,08,001,male,21,2024-11-22_14h21.32.960,solo project,2024.2.1post4,60.04102002968442,2024-11-22 14h21.58.106210 +0530,
,,26,26,0,,,,,,images/1044_food_neutral_lum.jpg,neutral,food,custom,,,,,,,,,,,,,,,,,0,26,26,1,,,,,,,,,357.40629960002843,,,,,,,,,,,,,,,,,,,,,,357.4012835000176,357.40629960002843,358.3959160000086,358.3959160000086,358.4125655000098,360.3796796000097,360.40606310009025,360.40606310009025,,,,,,,,,,,,,,,,,,,,,,,,,,,,,,,,,,08,001,male,21,2024-11-22_14h21.32.960,solo project,2024.2.1post4,60.04102002968442,2024-11-22 14h21.58.106210 +0530,
,,27,27,0,,,,,,images/1001_food_lum.jpg,disgust,food,radiator,,,,,,,,,,,,,,,,,0,27,27,18,,,,,,,,,360.40606310009025,,,,,,,,,,,,,,,,,,,,,,360.4007841000566,360.40606310009025,361.39587130001746,361.39587130001746,361.41278900008183,363.3794850000413,363.4051261000568,363.4051261000568,,,,,,,,,,,,,,,,,,,,,,,,,,,,,,,,,,08,001,male,21,2024-11-22_14h21.32.960,solo project,2024.2.1post4,60.04102002968442,2024-11-22 14h21.58.106210 +0530,
,,28,28,0,,,,,,images/1107_body products_lum.jpg,disgust,body product,passage,,,,,,,,,,,,,,,,,0,28,28,16,,,,,,,,,363.4051261000568,,,,,,,,,,,,,,,,,,,,,,363.3998730999883,363.4051261000568,364.3959890999831,364.3959890999831,364.41245830000844,366.3795363000827,366.3992634000024,366.3992634000024,,,,,,,,,,,,,,,,,,,,,,,,,,,,,,,,,,08,001,male,21,2024-11-22_14h21.32.960,solo project,2024.2.1post4,60.04102002968442,2024-11-22 14h21.58.106210 +0530,
,,29,29,0,,,,,,images/1247_death neutral_lum.jpg,neutral,death,wine,,,,,,,,,,,,,,,,,0,29,29,29,,,,,,,,,366.3992634000024,,,,,,,,,,,,,,,,,,,,,,366.39550580002833,366.3992634000024,367.3959756999975,367.3959756999975,367.4121775000822,369.3797908000415,369.3951587000629,369.3951587000629,,,,,,,,,,,,,,,,,,,,,,,,,,,,,,,,,,08,001,male,21,2024-11-22_14h21.32.960,solo project,2024.2.1post4,60.04102002968442,2024-11-22 14h21.58.106210 +0530,
,,,,,,,,,,,,,,,,,,,,,,,,,,,,,,,,,,,,,,,,,,,,,,,,,,,,,,,,,,,,,,,,,,,,,,,,369.37991160003,2.0046179000055417,384.24638440005947,space,12.847035599988885,None,,,,,,,,,,,,,,,,,,,,,,,,,,,,08,001,male,21,2024-11-22_14h21.32.960,solo project,2024.2.1post4,60.04102002968442,2024-11-22 14h21.58.106210 +0530,
,,0,0,0,,,,,,,disgust,body product,,passage,old,1.0,2.5205742000835016,,,,,,,,,,,,,,,,,0,0,0,16,,,,,384.2853158999933,,,,,,,,,,,,,,,,,,,,,,,,,,,,,,,,,,,,384.2755107000703,384.2853158999933,384.2853158999933,386.8112435999792,1.0,2.5205742000835016,,,,,,,,,,,,,,,,,,,,,,08,001,male,21,2024-11-22_14h21.32.960,solo project,2024.2.1post4,60.04102002968442,2024-11-22 14h21.58.106210 +0530,
,,1,1,0,,,,,,,None,None,,lightbulb,new,2.0,1.9604928999906406,,,,,,,,,,,,,,,,,0,1,1,40,,,,,386.82688840001356,,,,,,,,,,,,,,,,,,,,,,,,,,,,,,,,,,,,386.8186917999992,386.82688840001356,386.82688840001356,388.79499439999927,2.0,1.9604928999906406,,,,,,,,,,,,,,,,,,,,,,08,001,male,21,2024-11-22_14h21.32.960,solo project,2024.2.1post4,60.04102002968442,2024-11-22 14h21.58.106210 +0530,
,,2,2,0,,,,,,,disgust,death,,mischief,old,2.0,6.488565199892037,,,,,,,,,,,,,,,,,0,2,2,13,,,,,388.81479610002134,,,,,,,,,,,,,,,,,,,,,,,,,,,,,,,,,,,,388.80697350006085,388.81479610002134,388.81479610002134,395.31140880007297,2.0,6.488565199892037,,,,,,,,,,,,,,,,,,,,,,08,001,male,21,2024-11-22_14h21.32.960,solo project,2024.2.1post4,60.04102002968442,2024-11-22 14h21.58.106210 +0530,
,,3,3,0,,,,,,,None,None,,industry,new,2.0,2.7964178000111133,,,,,,,,,,,,,,,,,0,3,3,38,,,,,395.32724190002773,,,,,,,,,,,,,,,,,,,,,,,,,,,,,,,,,,,,395.31646050000563,395.32724190002773,395.32724190002773,398.128570400062,2.0,2.7964178000111133,,,,,,,,,,,,,,,,,,,,,,08,001,male,21,2024-11-22_14h21.32.960,solo project,2024.2.1post4,60.04102002968442,2024-11-22 14h21.58.106210 +0530,
,,4,4,0,,,,,,,disgust,injury/infection,,glacier,old,1.0,4.214333300013095,,,,,,,,,,,,,,,,,0,4,4,4,,,,,398.1440601000795,,,,,,,,,,,,,,,,,,,,,,,,,,,,,,,,,,,,398.13169409998227,398.1440601000795,398.1440601000795,402.3616575000342,1.0,4.214333300013095,,,,,,,,,,,,,,,,,,,,,,08,001,male,21,2024-11-22_14h21.32.960,solo project,2024.2.1post4,60.04102002968442,2024-11-22 14h21.58.106210 +0530,
,,5,5,0,,,,,,,neutral,food,,trumpet,old,1.0,11.89772130001802,,,,,,,,,,,,,,,,,0,5,5,27,,,,,402.3771503000753,,,,,,,,,,,,,,,,,,,,,,,,,,,,,,,,,,,,402.3654258000897,402.3771503000753,402.3771503000753,414.27854700002354,1.0,11.89772130001802,,,,,,,,,,,,,,,,,,,,,,08,001,male,21,2024-11-22_14h21.32.960,solo project,2024.2.1post4,60.04102002968442,2024-11-22 14h21.58.106210 +0530,
,,6,6,0,,,,,,,None,None,,salute,new,2.0,2.2483511999016628,,,,,,,,,,,,,,,,,0,6,6,47,,,,,414.29394350002985,,,,,,,,,,,,,,,,,,,,,,,,,,,,,,,,,,,,414.2807457000017,414.29394350002985,414.29394350002985,416.54477839998435,2.0,2.2483511999016628,,,,,,,,,,,,,,,,,,,,,,08,001,male,21,2024-11-22_14h21.32.960,solo project,2024.2.1post4,60.04102002968442,2024-11-22 14h21.58.106210 +0530,
,,7,7,0,,,,,,,None,None,,whistle,new,1.0,5.513551799929701,,,,,,,,,,,,,,,,,0,7,7,59,,,,,416.5602818999905,,,,,,,,,,,,,,,,,,,,,,,,,,,,,,,,,,,,416.54865150002297,416.5602818999905,416.5602818999905,422.07775950001087,1.0,5.513551799929701,,,,,,,,,,,,,,,,,,,,,,08,001,male,21,2024-11-22_14h21.32.960,solo project,2024.2.1post4,60.04102002968442,2024-11-22 14h21.58.106210 +0530,
,,8,8,0,,,,,,,disgust,death,,lantern,old,2.0,2.8487000999739394,,,,,,,,,,,,,,,,,0,8,8,8,,,,,422.09374749998096,,,,,,,,,,,,,,,,,,,,,,,,,,,,,,,,,,,,422.08012410008814,422.09374749998096,422.09374749998096,424.94440170004964,2.0,2.8487000999739394,,,,,,,,,,,,,,,,,,,,,,08,001,male,21,2024-11-22_14h21.32.960,solo project,2024.2.1post4,60.04102002968442,2024-11-22 14h21.58.106210 +0530,
,,9,9,0,,,,,,,None,None,,trunk,new,2.0,3.0305357000324875,,,,,,,,,,,,,,,,,0,9,9,57,,,,,424.9603247999912,,,,,,,,,,,,,,,,,,,,,,,,,,,,,,,,,,,,424.94835860002786,424.9603247999912,424.9603247999912,427.99430770007893,2.0,3.0305357000324875,,,,,,,,,,,,,,,,,,,,,,08,001,male,21,2024-11-22_14h21.32.960,solo project,2024.2.1post4,60.04102002968442,2024-11-22 14h21.58.106210 +0530,
,,10,10,0,,,,,,,neutral,food,,custom,old,1.0,2.447657899931073,,,,,,,,,,,,,,,,,0,10,10,1,,,,,428.01028500008397,,,,,,,,,,,,,,,,,,,,,,,,,,,,,,,,,,,,427.9981189999962,428.01028500008397,428.01028500008397,430.46153090009466,1.0,2.447657899931073,,,,,,,,,,,,,,,,,,,,,,08,001,male,21,2024-11-22_14h21.32.960,solo project,2024.2.1post4,60.04102002968442,2024-11-22 14h21.58.106210 +0530,
,,11,11,0,,,,,,,None,None,,fabric,new,1.0,2.4981268000556156,,,,,,,,,,,,,,,,,0,11,11,34,,,,,430.47677120007575,,,,,,,,,,,,,,,,,,,,,,,,,,,,,,,,,,,,430.4638427000027,430.47677120007575,430.47677120007575,432.9772803999949,1.0,2.4981268000556156,,,,,,,,,,,,,,,,,,,,,,08,001,male,21,2024-11-22_14h21.32.960,solo project,2024.2.1post4,60.04102002968442,2024-11-22 14h21.58.106210 +0530,
,,12,12,0,,,,,,,None,None,,sentiment,new,2.0,2.8319099000655115,,,,,,,,,,,,,,,,,0,12,12,49,,,,,432.992912500049,,,,,,,,,,,,,,,,,,,,,,,,,,,,,,,,,,,,432.9802064000396,432.992912500049,432.992912500049,435.8275043000467,2.0,2.8319099000655115,,,,,,,,,,,,,,,,,,,,,,08,001,male,21,2024-11-22_14h21.32.960,solo project,2024.2.1post4,60.04102002968442,2024-11-22 14h21.58.106210 +0530,
,,13,13,0,,,,,,,neutral,animal,,lighthouse,old,1.0,2.4149288999615237,,,,,,,,,,,,,,,,,0,13,13,9,,,,,435.8430871000746,,,,,,,,,,,,,,,,,,,,,,,,,,,,,,,,,,,,435.8304901000811,435.8430871000746,435.8430871000746,438.26075000001583,1.0,2.4149288999615237,,,,,,,,,,,,,,,,,,,,,,08,001,male,21,2024-11-22_14h21.32.960,solo project,2024.2.1post4,60.04102002968442,2024-11-22 14h21.58.106210 +0530,
,,14,14,0,,,,,,,None,None,,clock,new,2.0,1.916298000025563,,,,,,,,,,,,,,,,,0,14,14,30,,,,,438.2770001000026,,,,,,,,,,,,,,,,,,,,,,,,,,,,,,,,,,,,438.2628031000495,438.2770001000026,438.2770001000026,440.19443060003687,2.0,1.916298000025563,,,,,,,,,,,,,,,,,,,,,,08,001,male,21,2024-11-22_14h21.32.960,solo project,2024.2.1post4,60.04102002968442,2024-11-22 14h21.58.106210 +0530,
,,15,15,0,,,,,,,None,None,,storm,new,2.0,2.5815315999789163,,,,,,,,,,,,,,,,,0,15,15,52,,,,,440.2101375000784,,,,,,,,,,,,,,,,,,,,,,,,,,,,,,,,,,,,440.1969783999957,440.2101375000784,440.2101375000784,442.79393699998036,2.0,2.5815315999789163,,,,,,,,,,,,,,,,,,,,,,08,001,male,21,2024-11-22_14h21.32.960,solo project,2024.2.1post4,60.04102002968442,2024-11-22 14h21.58.106210 +0530,
,,16,16,0,,,,,,,None,None,,contents,new,1.0,2.9819602000061423,,,,,,,,,,,,,,,,,0,16,16,32,,,,,442.809719700017,,,,,,,,,,,,,,,,,,,,,,,,,,,,,,,,,,,,442.79654860007577,442.809719700017,442.809719700017,445.79414330003783,1.0,2.9819602000061423,,,,,,,,,,,,,,,,,,,,,,08,001,male,21,2024-11-22_14h21.32.960,solo project,2024.2.1post4,60.04102002968442,2024-11-22 14h21.58.106210 +0530,
,,17,17,0,,,,,,,None,None,,medicine,new,1.0,6.748898799996823,,,,,,,,,,,,,,,,,0,17,17,42,,,,,445.81027040001936,,,,,,,,,,,,,,,,,,,,,,,,,,,,,,,,,,,,445.7963696999941,445.81027040001936,445.81027040001936,452.5602747000521,1.0,6.748898799996823,,,,,,,,,,,,,,,,,,,,,,08,001,male,21,2024-11-22_14h21.32.960,solo project,2024.2.1post4,60.04102002968442,2024-11-22 14h21.58.106210 +0530,
,,18,18,0,,,,,,,neutral,death,,neurotic,old,2.0,2.4991720999823883,,,,,,,,,,,,,,,,,0,18,18,14,,,,,452.5761131000472,,,,,,,,,,,,,,,,,,,,,,,,,,,,,,,,,,,,452.56328460003715,452.5761131000472,452.5761131000472,455.0772894000402,2.0,2.4991720999823883,,,,,,,,,,,,,,,,,,,,,,08,001,male,21,2024-11-22_14h21.32.960,solo project,2024.2.1post4,60.04102002968442,2024-11-22 14h21.58.106210 +0530,
,,19,19,0,,,,,,,None,None,,watch,new,1.0,2.0323697000276297,,,,,,,,,,,,,,,,,0,19,19,58,,,,,455.0929211000912,,,,,,,,,,,,,,,,,,,,,,,,,,,,,,,,,,,,455.0794489000691,455.0929211000912,455.0929211000912,457.12734960007947,1.0,2.0323697000276297,,,,,,,,,,,,,,,,,,,,,,08,001,male,21,2024-11-22_14h21.32.960,solo project,2024.2.1post4,60.04102002968442,2024-11-22 14h21.58.106210 +0530,
,,20,20,0,,,,,,,None,None,,paint,new,2.0,12.96509850001894,,,,,,,,,,,,,,,,,0,20,20,43,,,,,457.1436060999986,,,,,,,,,,,,,,,,,,,,,,,,,,,,,,,,,,,,457.1295745000243,457.1436060999986,457.1436060999986,470.1104777000146,2.0,12.96509850001894,,,,,,,,,,,,,,,,,,,,,,08,001,male,21,2024-11-22_14h21.32.960,solo project,2024.2.1post4,60.04102002968442,2024-11-22 14h21.58.106210 +0530,
,,21,21,0,,,,,,,disgust,animal,,serious,old,1.0,5.032382300007157,,,,,,,,,,,,,,,,,0,21,21,23,,,,,470.1263808000367,,,,,,,,,,,,,,,,,,,,,,,,,,,,,,,,,,,,470.1128510000417,470.1263808000367,470.1263808000367,475.1606541000074,1.0,5.032382300007157,,,,,,,,,,,,,,,,,,,,,,08,001,male,21,2024-11-22_14h21.32.960,solo project,2024.2.1post4,60.04102002968442,2024-11-22 14h21.58.106210 +0530,
,,22,22,0,,,,,,,disgust,hygeine,,limber,old,1.0,5.315107099944726,,,,,,,,,,,,,,,,,0,22,22,10,,,,,475.17592320009135,,,,,,,,,,,,,,,,,,,,,,,,,,,,,,,,,,,,475.1631562000839,475.17592320009135,475.17592320009135,480.4936579000205,1.0,5.315107099944726,,,,,,,,,,,,,,,,,,,,,,08,001,male,21,2024-11-22_14h21.32.960,solo project,2024.2.1post4,60.04102002968442,2024-11-22 14h21.58.106210 +0530,
,,23,23,0,,,,,,,None,None,,hand,new,2.0,3.8992912000976503,,,,,,,,,,,,,,,,,0,23,23,35,,,,,480.50965250004083,,,,,,,,,,,,,,,,,,,,,,,,,,,,,,,,,,,,480.4955964999972,480.50965250004083,480.50965250004083,484.4102333000628,2.0,3.8992912000976503,,,,,,,,,,,,,,,,,,,,,,08,001,male,21,2024-11-22_14h21.32.960,solo project,2024.2.1post4,60.04102002968442,2024-11-22 14h21.58.106210 +0530,
,,24,24,0,,,,,,,neutral,body product,,invest,old,2.0,8.06359589996282,,,,,,,,,,,,,,,,,0,24,24,6,,,,,484.42583600000944,,,,,,,,,,,,,,,,,,,,,,,,,,,,,,,,,,,,484.41424690000713,484.42583600000944,484.42583600000944,492.4933793999953,2.0,8.06359589996282,,,,,,,,,,,,,,,,,,,,,,08,001,male,21,2024-11-22_14h21.32.960,solo project,2024.2.1post4,60.04102002968442,2024-11-22 14h21.58.106210 +0530,
,,25,25,0,,,,,,,None,None,,market,new,1.0,7.249265999998897,,,,,,,,,,,,,,,,,0,25,25,41,,,,,492.50931690004654,,,,,,,,,,,,,,,,,,,,,,,,,,,,,,,,,,,,492.495743400068,492.50931690004654,492.50931690004654,499.76037610007916,1.0,7.249265999998897,,,,,,,,,,,,,,,,,,,,,,08,001,male,21,2024-11-22_14h21.32.960,solo project,2024.2.1post4,60.04102002968442,2024-11-22 14h21.58.106210 +0530,
,,26,26,0,,,,,,,neutral,hygeine,,hard,old,2.0,4.815163400024176,,,,,,,,,,,,,,,,,0,26,26,5,,,,,499.7764819000149,,,,,,,,,,,,,,,,,,,,,,,,,,,,,,,,,,,,499.7623456000583,499.7764819000149,499.7764819000149,504.5931924000615,2.0,4.815163400024176,,,,,,,,,,,,,,,,,,,,,,08,001,male,21,2024-11-22_14h21.32.960,solo project,2024.2.1post4,60.04102002968442,2024-11-22 14h21.58.106210 +0530,
,,27,27,0,,,,,,,None,None,,repentant,new,1.0,4.682249800069258,,,,,,,,,,,,,,,,,0,27,27,45,,,,,504.60877769999206,,,,,,,,,,,,,,,,,,,,,,,,,,,,,,,,,,,,504.59590920002665,504.60877769999206,504.60877769999206,509.2937965000747,1.0,4.682249800069258,,,,,,,,,,,,,,,,,,,,,,08,001,male,21,2024-11-22_14h21.32.960,solo project,2024.2.1post4,60.04102002968442,2024-11-22 14h21.58.106210 +0530,
,,28,28,0,,,,,,,None,None,,scissors,new,2.0,3.0471380000235513,,,,,,,,,,,,,,,,,0,28,28,48,,,,,509.30873879999854,,,,,,,,,,,,,,,,,,,,,,,,,,,,,,,,,,,,509.2969130000565,509.30873879999854,509.30873879999854,512.3605441000545,2.0,3.0471380000235513,,,,,,,,,,,,,,,,,,,,,,08,001,male,21,2024-11-22_14h21.32.960,solo project,2024.2.1post4,60.04102002968442,2024-11-22 14h21.58.106210 +0530,
,,29,29,0,,,,,,,None,None,,skyscraper,new,1.0,2.414250100031495,,,,,,,,,,,,,,,,,0,29,29,51,,,,,512.3757803000044,,,,,,,,,,,,,,,,,,,,,,,,,,,,,,,,,,,,512.3636840999825,512.3757803000044,512.3757803000044,514.7932731000474,1.0,2.414250100031495,,,,,,,,,,,,,,,,,,,,,,08,001,male,21,2024-11-22_14h21.32.960,solo project,2024.2.1post4,60.04102002968442,2024-11-22 14h21.58.106210 +0530,
,,30,30,0,,,,,,,disgust,animal,,ennui,old,1.0,2.0990066999802366,,,,,,,,,,,,,,,,,0,30,30,3,,,,,514.8089484000811,,,,,,,,,,,,,,,,,,,,,,,,,,,,,,,,,,,,514.7953239000635,514.8089484000811,514.8089484000811,516.9098667000653,1.0,2.0990066999802366,,,,,,,,,,,,,,,,,,,,,,08,001,male,21,2024-11-22_14h21.32.960,solo project,2024.2.1post4,60.04102002968442,2024-11-22 14h21.58.106210 +0530,
,,31,31,0,,,,,,,neutral,injury/infection,,village,old,2.0,2.331522300024517,,,,,,,,,,,,,,,,,0,31,31,28,,,,,516.9254484000849,,,,,,,,,,,,,,,,,,,,,,,,,,,,,,,,,,,,516.9128177000675,516.9254484000849,516.9254484000849,519.2597429000307,2.0,2.331522300024517,,,,,,,,,,,,,,,,,,,,,,08,001,male,21,2024-11-22_14h21.32.960,solo project,2024.2.1post4,60.04102002968442,2024-11-22 14h21.58.106210 +0530,
,,32,32,0,,,,,,,None,None,,theory,new,2.0,2.2323169000446796,,,,,,,,,,,,,,,,,0,32,32,55,,,,,519.2757560000755,,,,,,,,,,,,,,,,,,,,,,,,,,,,,,,,,,,,519.2619261000073,519.2757560000755,519.2757560000755,521.5097026000731,2.0,2.2323169000446796,,,,,,,,,,,,,,,,,,,,,,08,001,male,21,2024-11-22_14h21.32.960,solo project,2024.2.1post4,60.04102002968442,2024-11-22 14h21.58.106210 +0530,
,,33,33,0,,,,,,,disgust,hygeine,,manner,old,1.0,1.9984452000353485,,,,,,,,,,,,,,,,,0,33,33,11,,,,,521.5255513000302,,,,,,,,,,,,,,,,,,,,,,,,,,,,,,,,,,,,521.5124693000689,521.5255513000302,521.5255513000302,523.5265467000427,1.0,1.9984452000353485,,,,,,,,,,,,,,,,,,,,,,08,001,male,21,2024-11-22_14h21.32.960,solo project,2024.2.1post4,60.04102002968442,2024-11-22 14h21.58.106210 +0530,
,,34,34,0,,,,,,,neutral,death,,wine,old,1.0,4.797874200041406,,,,,,,,,,,,,,,,,0,34,34,29,,,,,523.5421454000752,,,,,,,,,,,,,,,,,,,,,,,,,,,,,,,,,,,,523.5286731000524,523.5421454000752,523.5421454000752,528.3429028000683,1.0,4.797874200041406,,,,,,,,,,,,,,,,,,,,,,08,001,male,21,2024-11-22_14h21.32.960,solo project,2024.2.1post4,60.04102002968442,2024-11-22 14h21.58.106210 +0530,
,,35,35,0,,,,,,,None,None,,shadow,new,2.0,7.881904800073244,,,,,,,,,,,,,,,,,0,35,35,50,,,,,528.3588319000555,,,,,,,,,,,,,,,,,,,,,,,,,,,,,,,,,,,,528.3452803000109,528.3588319000555,528.3588319000555,536.242498400039,2.0,7.881904800073244,,,,,,,,,,,,,,,,,,,,,,08,001,male,21,2024-11-22_14h21.32.960,solo project,2024.2.1post4,60.04102002968442,2024-11-22 14h21.58.106210 +0530,
,,36,36,0,,,,,,,neutral,hygeine,,rancid,old,1.0,11.54864940000698,,,,,,,,,,,,,,,,,0,36,36,19,,,,,536.258150300011,,,,,,,,,,,,,,,,,,,,,,,,,,,,,,,,,,,,536.2449110000161,536.258150300011,536.258150300011,547.8092391000828,1.0,11.54864940000698,,,,,,,,,,,,,,,,,,,,,,08,001,male,21,2024-11-22_14h21.32.960,solo project,2024.2.1post4,60.04102002968442,2024-11-22 14h21.58.106210 +0530,
,,37,37,0,,,,,,,None,None,,highway,new,1.0,3.0327267000684515,,,,,,,,,,,,,,,,,0,37,37,37,,,,,547.8250418000389,,,,,,,,,,,,,,,,,,,,,,,,,,,,,,,,,,,,547.8116625000257,547.8250418000389,547.8250418000389,550.859357999987,1.0,3.0327267000684515,,,,,,,,,,,,,,,,,,,,,,08,001,male,21,2024-11-22_14h21.32.960,solo project,2024.2.1post4,60.04102002968442,2024-11-22 14h21.58.106210 +0530,
,,38,38,0,,,,,,,None,None,,teacher,new,2.0,6.215488400077447,,,,,,,,,,,,,,,,,0,38,38,53,,,,,550.8747814000817,,,,,,,,,,,,,,,,,,,,,,,,,,,,,,,,,,,,550.8617489000317,550.8747814000817,550.8747814000817,557.0924079000251,2.0,6.215488400077447,,,,,,,,,,,,,,,,,,,,,,08,001,male,21,2024-11-22_14h21.32.960,solo project,2024.2.1post4,60.04102002968442,2024-11-22 14h21.58.106210 +0530,
,,39,39,0,,,,,,,None,None,,rough,new,1.0,2.6489613000303507,,,,,,,,,,,,,,,,,0,39,39,46,,,,,557.1081095000263,,,,,,,,,,,,,,,,,,,,,,,,,,,,,,,,,,,,557.0945642000297,557.1081095000263,557.1081095000263,559.7590325000929,1.0,2.6489613000303507,,,,,,,,,,,,,,,,,,,,,,08,001,male,21,2024-11-22_14h21.32.960,solo project,2024.2.1post4,60.04102002968442,2024-11-22 14h21.58.106210 +0530,
,,40,40,0,,,,,,,None,None,,hawk,new,1.0,1.1663931000512093,,,,,,,,,,,,,,,,,0,40,40,36,,,,,559.775376799982,,,,,,,,,,,,,,,,,,,,,,,,,,,,,,,,,,,,559.7609789000126,559.775376799982,559.775376799982,560.9426579000428,1.0,1.1663931000512093,,,,,,,,,,,,,,,,,,,,,,08,001,male,21,2024-11-22_14h21.32.960,solo project,2024.2.1post4,60.04102002968442,2024-11-22 14h21.58.106210 +0530,
,,41,41,0,,,,,,,disgust,injury/infection,,elevator,old,1.0,1.2985191000625491,,,,,,,,,,,,,,,,,0,41,41,2,,,,,560.9582115000812,,,,,,,,,,,,,,,,,,,,,,,,,,,,,,,,,,,,560.9453175000381,560.9582115000812,560.9582115000812,562.2593080000952,1.0,1.2985191000625491,,,,,,,,,,,,,,,,,,,,,,08,001,male,21,2024-11-22_14h21.32.960,solo project,2024.2.1post4,60.04102002968442,2024-11-22 14h21.58.106210 +0530,
,,42,42,0,,,,,,,disgust,body product,,material,old,1.0,2.515124100027606,,,,,,,,,,,,,,,,,0,42,42,12,,,,,562.2751918000868,,,,,,,,,,,,,,,,,,,,,,,,,,,,,,,,,,,,562.2618398000486,562.2751918000868,562.2751918000868,564.7923761000857,1.0,2.515124100027606,,,,,,,,,,,,,,,,,,,,,,08,001,male,21,2024-11-22_14h21.32.960,solo project,2024.2.1post4,60.04102002968442,2024-11-22 14h21.58.106210 +0530,
,,43,43,0,,,,,,,neutral,food,,privacy,old,1.0,2.6653599001001567,,,,,,,,,,,,,,,,,0,43,43,17,,,,,564.8083246999886,,,,,,,,,,,,,,,,,,,,,,,,,,,,,,,,,,,,564.7949496000074,564.8083246999886,564.8083246999886,567.4757505999878,1.0,2.6653599001001567,,,,,,,,,,,,,,,,,,,,,,08,001,male,21,2024-11-22_14h21.32.960,solo project,2024.2.1post4,60.04102002968442,2024-11-22 14h21.58.106210 +0530,
,,44,44,0,,,,,,,neutral,body product,,skeptical,old,2.0,2.114576800027862,,,,,,,,,,,,,,,,,0,44,44,24,,,,,567.4915994000621,,,,,,,,,,,,,,,,,,,,,,,,,,,,,,,,,,,,567.478781200014,567.4915994000621,567.4915994000621,569.6089052000316,2.0,2.114576800027862,,,,,,,,,,,,,,,,,,,,,,08,001,male,21,2024-11-22_14h21.32.960,solo project,2024.2.1post4,60.04102002968442,2024-11-22 14h21.58.106210 +0530,
,,45,45,0,,,,,,,disgust,body product,,reverent,old,1.0,1.8155825999565423,,,,,,,,,,,,,,,,,0,45,45,22,,,,,569.6249674999854,,,,,,,,,,,,,,,,,,,,,,,,,,,,,,,,,,,,569.6113587000873,569.6249674999854,569.6249674999854,571.4425462000072,1.0,1.8155825999565423,,,,,,,,,,,,,,,,,,,,,,08,001,male,21,2024-11-22_14h21.32.960,solo project,2024.2.1post4,60.04102002968442,2024-11-22 14h21.58.106210 +0530,
,,46,46,0,,,,,,,None,None,,lawn,new,2.0,1.8482161000138149,,,,,,,,,,,,,,,,,0,46,46,39,,,,,571.4583809000906,,,,,,,,,,,,,,,,,,,,,,,,,,,,,,,,,,,,571.4459883000236,571.4583809000906,571.4583809000906,573.3092127999989,2.0,1.8482161000138149,,,,,,,,,,,,,,,,,,,,,,08,001,male,21,2024-11-22_14h21.32.960,solo project,2024.2.1post4,60.04102002968442,2024-11-22 14h21.58.106210 +0530,
,,47,47,0,,,,,,,None,None,,tease,new,2.0,3.6989890000550076,,,,,,,,,,,,,,,,,0,47,47,54,,,,,573.3246320000617,,,,,,,,,,,,,,,,,,,,,,,,,,,,,,,,,,,,573.3112507000333,573.3246320000617,573.3246320000617,577.0254926000489,2.0,3.6989890000550076,,,,,,,,,,,,,,,,,,,,,,08,001,male,21,2024-11-22_14h21.32.960,solo project,2024.2.1post4,60.04102002968442,2024-11-22 14h21.58.106210 +0530,
,,48,48,0,,,,,,,neutral,injury/infection,,stove,old,1.0,2.299351599998772,,,,,,,,,,,,,,,,,0,48,48,26,,,,,577.0412550000474,,,,,,,,,,,,,,,,,,,,,,,,,,,,,,,,,,,,577.0277613000944,577.0412550000474,577.0412550000474,579.3423615000211,1.0,2.299351599998772,,,,,,,,,,,,,,,,,,,,,,08,001,male,21,2024-11-22_14h21.32.960,solo project,2024.2.1post4,60.04102002968442,2024-11-22 14h21.58.106210 +0530,
,,49,49,0,,,,,,,neutral,animal,,coast,old,1.0,2.5989321999950334,,,,,,,,,,,,,,,,,0,49,49,0,,,,,579.3584736000048,,,,,,,,,,,,,,,,,,,,,,,,,,,,,,,,,,,,579.3446959999856,579.3584736000048,579.3584736000048,581.9590541000944,1.0,2.5989321999950334,,,,,,,,,,,,,,,,,,,,,,08,001,male,21,2024-11-22_14h21.32.960,solo project,2024.2.1post4,60.04102002968442,2024-11-22 14h21.58.106210 +0530,
,,50,50,0,,,,,,,neutral,animal,,nursery,old,1.0,2.0154386999784037,,,,,,,,,,,,,,,,,0,50,50,15,,,,,581.9748809000012,,,,,,,,,,,,,,,,,,,,,,,,,,,,,,,,,,,,581.961483500083,581.9748809000012,581.9748809000012,583.9923244999954,1.0,2.0154386999784037,,,,,,,,,,,,,,,,,,,,,,08,001,male,21,2024-11-22_14h21.32.960,solo project,2024.2.1post4,60.04102002968442,2024-11-22 14h21.58.106210 +0530,
,,51,51,0,,,,,,,None,None,,poetry,new,2.0,1.4320001000305638,,,,,,,,,,,,,,,,,0,51,51,44,,,,,584.008468999993,,,,,,,,,,,,,,,,,,,,,,,,,,,,,,,,,,,,583.9948234000476,584.008468999993,584.008468999993,585.4420839999802,2.0,1.4320001000305638,,,,,,,,,,,,,,,,,,,,,,08,001,male,21,2024-11-22_14h21.32.960,solo project,2024.2.1post4,60.04102002968442,2024-11-22 14h21.58.106210 +0530,
,,52,52,0,,,,,,,neutral,body product,,reptile,old,1.0,2.015479800058529,,,,,,,,,,,,,,,,,0,52,52,21,,,,,585.4581661000848,,,,,,,,,,,,,,,,,,,,,,,,,,,,,,,,,,,,585.4443815000122,585.4581661000848,585.4581661000848,587.475589800044,1.0,2.015479800058529,,,,,,,,,,,,,,,,,,,,,,08,001,male,21,2024-11-22_14h21.32.960,solo project,2024.2.1post4,60.04102002968442,2024-11-22 14h21.58.106210 +0530,
,,53,53,0,,,,,,,disgust,food,,stiff,old,2.0,1.765826000017114,,,,,,,,,,,,,,,,,0,53,53,25,,,,,587.4915272000944,,,,,,,,,,,,,,,,,,,,,,,,,,,,,,,,,,,,587.4777246000012,587.4915272000944,587.4915272000944,589.2588545000181,2.0,1.765826000017114,,,,,,,,,,,,,,,,,,,,,,08,001,male,21,2024-11-22_14h21.32.960,solo project,2024.2.1post4,60.04102002968442,2024-11-22 14h21.58.106210 +0530,
,,54,54,0,,,,,,,disgust,animal,,journal,old,2.0,3.0138018999714404,,,,,,,,,,,,,,,,,0,54,54,7,,,,,589.2746197000379,,,,,,,,,,,,,,,,,,,,,,,,,,,,,,,,,,,,589.2625946000917,589.2746197000379,589.2746197000379,592.2920877999859,2.0,3.0138018999714404,,,,,,,,,,,,,,,,,,,,,,08,001,male,21,2024-11-22_14h21.32.960,solo project,2024.2.1post4,60.04102002968442,2024-11-22 14h21.58.106210 +0530,
,,55,55,0,,,,,,,None,None,,concentrate,new,1.0,2.1648226999677718,,,,,,,,,,,,,,,,,0,55,55,31,,,,,592.3085050000809,,,,,,,,,,,,,,,,,,,,,,,,,,,,,,,,,,,,592.295034000068,592.3085050000809,592.3085050000809,594.4753443000372,1.0,2.1648226999677718,,,,,,,,,,,,,,,,,,,,,,08,001,male,21,2024-11-22_14h21.32.960,solo project,2024.2.1post4,60.04102002968442,2024-11-22 14h21.58.106210 +0530,
,,56,56,0,,,,,,,disgust,food,,rattle,old,1.0,2.0488360000308603,,,,,,,,,,,,,,,,,0,56,56,20,,,,,594.4912295000395,,,,,,,,,,,,,,,,,,,,,,,,,,,,,,,,,,,,594.4777928000549,594.4912295000395,594.4912295000395,596.5416443999857,1.0,2.0488360000308603,,,,,,,,,,,,,,,,,,,,,,08,001,male,21,2024-11-22_14h21.32.960,solo project,2024.2.1post4,60.04102002968442,2024-11-22 14h21.58.106210 +0530,
,,57,57,0,,,,,,,disgust,food,,radiator,old,2.0,2.1662684000330046,,,,,,,,,,,,,,,,,0,57,57,18,,,,,596.5578471000772,,,,,,,,,,,,,,,,,,,,,,,,,,,,,,,,,,,,596.5440074000508,596.5578471000772,596.5578471000772,598.7256743999897,2.0,2.1662684000330046,,,,,,,,,,,,,,,,,,,,,,08,001,male,21,2024-11-22_14h21.32.960,solo project,2024.2.1post4,60.04102002968442,2024-11-22 14h21.58.106210 +0530,
,,58,58,0,,,,,,,None,None,,detail,new,2.0,1.715059099951759,,,,,,,,,,,,,,,,,0,58,58,33,,,,,598.741262900061,,,,,,,,,,,,,,,,,,,,,,,,,,,,,,,,,,,,598.7284250999801,598.741262900061,598.741262900061,600.4584849000676,2.0,1.715059099951759,,,,,,,,,,,,,,,,,,,,,,08,001,male,21,2024-11-22_14h21.32.960,solo project,2024.2.1post4,60.04102002968442,2024-11-22 14h21.58.106210 +0530,
,,59,59,0,,,,,,,None,None,,truck,new,1.0,4.497598799993284,,,,,,,,,,,,,,,,,0,59,59,56,,,,,600.4742889000336,,,,,,,,,,,,,,,,,,,,,,,,,,,,,,,,,,,,600.4618277000263,600.4742889000336,600.4742889000336,604.9748564000474,1.0,4.497598799993284,,,,,,,,,,,,,,,,,,,,,,08,001,male,21,2024-11-22_14h21.32.960,solo project,2024.2.1post4,60.04102002968442,2024-11-22 14h21.58.106210 +0530,
,,,,,,,,,,,,,,,,,,,,,,,,,,,,,,,,,,,,,,,,,,,,,,,,,,,,,,,,,,,,,,,,,,,,,,,,,,,,,,,,,,,,604.9756596999941,610.9266168000177,1,[5.9349171000067145],[5.934923299937509],,,,,,,,,,,,,,,,,08,001,male,21,2024-11-22_14h21.32.960,solo project,2024.2.1post4,60.04102002968442,2024-11-22 14h21.58.106210 +0530,
,,,,,,,,,,,,,,,,,,,,,,,,,,,,,,,,,,,,,,,,,,,,,,,,,,,,,,,,,,,,,,,,,,,,,,,,,,,,,,,,,,,,,,,,,610.9267104000319,623.3087386999978,space,12.374382199952379,None,,,,,,,,,,,,08,001,male,21,2024-11-22_14h21.32.960,solo project,2024.2.1post4,60.04102002968442,2024-11-22 14h21.58.106210 +0530,
,,,,,,,,,,,,,,,,,,,,,,,,,,,,,,,,,,,,,,,,,,,,,,,,,,,,,,,,,,,,,,,,,,,,,,,,,,,,,,,,,,,,,,,,,,,,,,623.3088113000849,638.2084364000475,space,14.891485499916598,None,,,,,,,08,001,male,21,2024-11-22_14h21.32.960,solo project,2024.2.1post4,60.04102002968442,2024-11-22 14h21.58.106210 +0530,
,,0,0,0,,,,,,,,,,,,,,1,Telephoning in public,0.0,1.0,,,,,,,,,,,,,,,,,0,0,0,0,638.2495074000908,,,,,,,,,,,,,,,,,,,,,,,,,,,,,,,,,,,,,,,,,,,,,,,,,,,,,,,,,638.2267911999952,638.2495074000908,638.2495074000908,669.7534953000722,0.0,1.0,08,001,male,21,2024-11-22_14h21.32.960,solo project,2024.2.1post4,60.04102002968442,2024-11-22 14h21.58.106210 +0530,
,,1,1,0,,,,,,,,,,,,,,2,Participating in small groups,1.0,3.0,,,,,,,,,,,,,,,,,0,1,1,1,669.7716480999952,,,,,,,,,,,,,,,,,,,,,,,,,,,,,,,,,,,,,,,,,,,,,,,,,,,,,,,,,669.7576238000765,669.7716480999952,669.7716480999952,693.5866665000794,1.0,3.0,08,001,male,21,2024-11-22_14h21.32.960,solo project,2024.2.1post4,60.04102002968442,2024-11-22 14h21.58.106210 +0530,
,,2,2,0,,,,,,,,,,,,,,3,Eating in public places,0.0,0.0,,,,,,,,,,,,,,,,,0,2,2,2,693.6042964999797,,,,,,,,,,,,,,,,,,,,,,,,,,,,,,,,,,,,,,,,,,,,,,,,,,,,,,,,,693.5901893000118,693.6042964999797,693.6042964999797,699.0696698999964,0.0,0.0,08,001,male,21,2024-11-22_14h21.32.960,solo project,2024.2.1post4,60.04102002968442,2024-11-22 14h21.58.106210 +0530,
,,3,3,0,,,,,,,,,,,,,,4,Drinking with others in public places,0.0,0.0,,,,,,,,,,,,,,,,,0,3,3,3,699.0894957000855,,,,,,,,,,,,,,,,,,,,,,,,,,,,,,,,,,,,,,,,,,,,,,,,,,,,,,,,,699.0739898000611,699.0894957000855,699.0894957000855,706.8359973999904,0.0,0.0,08,001,male,21,2024-11-22_14h21.32.960,solo project,2024.2.1post4,60.04102002968442,2024-11-22 14h21.58.106210 +0530,
,,4,4,0,,,,,,,,,,,,,,5,Talking to people in authority,0.0,1.0,,,,,,,,,,,,,,,,,0,4,4,4,706.8532487000339,,,,,,,,,,,,,,,,,,,,,,,,,,,,,,,,,,,,,,,,,,,,,,,,,,,,,,,,,706.8391681000357,706.8532487000339,706.8532487000339,713.8051328000147,0.0,1.0,08,001,male,21,2024-11-22_14h21.32.960,solo project,2024.2.1post4,60.04102002968442,2024-11-22 14h21.58.106210 +0530,
,,5,5,0,,,,,,,,,,,,,,6,"Acting, performing, or giving a talk in front of an audience",3.0,2.0,,,,,,,,,,,,,,,,,0,5,5,5,713.8239929000847,,,,,,,,,,,,,,,,,,,,,,,,,,,,,,,,,,,,,,,,,,,,,,,,,,,,,,,,,713.8095733000664,713.8239929000847,713.8239929000847,722.0394845000701,3.0,2.0,08,001,male,21,2024-11-22_14h21.32.960,solo project,2024.2.1post4,60.04102002968442,2024-11-22 14h21.58.106210 +0530,
,,6,6,0,,,,,,,,,,,,,,7,Going to a party,0.0,0.0,,,,,,,,,,,,,,,,,0,6,6,6,722.0587013000622,,,,,,,,,,,,,,,,,,,,,,,,,,,,,,,,,,,,,,,,,,,,,,,,,,,,,,,,,722.0446750000119,722.0587013000622,722.0587013000622,727.1061676000245,0.0,0.0,08,001,male,21,2024-11-22_14h21.32.960,solo project,2024.2.1post4,60.04102002968442,2024-11-22 14h21.58.106210 +0530,
,,7,7,0,,,,,,,,,,,,,,8,Working while being observed,0.0,0.0,,,,,,,,,,,,,,,,,0,7,7,7,727.1240918000694,,,,,,,,,,,,,,,,,,,,,,,,,,,,,,,,,,,,,,,,,,,,,,,,,,,,,,,,,727.1099909000332,727.1240918000694,727.1240918000694,733.2896794000408,0.0,0.0,08,001,male,21,2024-11-22_14h21.32.960,solo project,2024.2.1post4,60.04102002968442,2024-11-22 14h21.58.106210 +0530,
,,8,8,0,,,,,,,,,,,,,,9,Writing while being observed,0.0,0.0,,,,,,,,,,,,,,,,,0,8,8,8,733.306982900016,,,,,,,,,,,,,,,,,,,,,,,,,,,,,,,,,,,,,,,,,,,,,,,,,,,,,,,,,733.2925804000115,733.306982900016,733.306982900016,738.6573485999834,0.0,0.0,08,001,male,21,2024-11-22_14h21.32.960,solo project,2024.2.1post4,60.04102002968442,2024-11-22 14h21.58.106210 +0530,
,,9,9,0,,,,,,,,,,,,,,10,Calling someone you don't know very well,0.0,2.0,,,,,,,,,,,,,,,,,0,9,9,9,738.6767900000559,,,,,,,,,,,,,,,,,,,,,,,,,,,,,,,,,,,,,,,,,,,,,,,,,,,,,,,,,738.661852600053,738.6767900000559,738.6767900000559,744.3559908000752,0.0,2.0,08,001,male,21,2024-11-22_14h21.32.960,solo project,2024.2.1post4,60.04102002968442,2024-11-22 14h21.58.106210 +0530,
,,10,10,0,,,,,,,,,,,,,,11,Talking with people you don't know very well,0.0,1.0,,,,,,,,,,,,,,,,,0,10,10,10,744.3740384000121,,,,,,,,,,,,,,,,,,,,,,,,,,,,,,,,,,,,,,,,,,,,,,,,,,,,,,,,,744.3592993000057,744.3740384000121,744.3740384000121,749.3889492000453,0.0,1.0,08,001,male,21,2024-11-22_14h21.32.960,solo project,2024.2.1post4,60.04102002968442,2024-11-22 14h21.58.106210 +0530,
,,11,11,0,,,,,,,,,,,,,,12,Meeting strangers,1.0,0.0,,,,,,,,,,,,,,,,,0,11,11,11,749.4073312000837,,,,,,,,,,,,,,,,,,,,,,,,,,,,,,,,,,,,,,,,,,,,,,,,,,,,,,,,,749.3929961000104,749.4073312000837,749.4073312000837,761.2058191000251,1.0,0.0,08,001,male,21,2024-11-22_14h21.32.960,solo project,2024.2.1post4,60.04102002968442,2024-11-22 14h21.58.106210 +0530,
,,12,12,0,,,,,,,,,,,,,,13,Urinating in a public bathroom,0.0,0.0,,,,,,,,,,,,,,,,,0,12,12,12,761.2245281999931,,,,,,,,,,,,,,,,,,,,,,,,,,,,,,,,,,,,,,,,,,,,,,,,,,,,,,,,,761.2099683000706,761.2245281999931,761.2245281999931,765.1388604000676,0.0,0.0,08,001,male,21,2024-11-22_14h21.32.960,solo project,2024.2.1post4,60.04102002968442,2024-11-22 14h21.58.106210 +0530,
,,13,13,0,,,,,,,,,,,,,,14,Entering a room when others are already seated,0.0,0.0,,,,,,,,,,,,,,,,,0,13,13,13,765.1561531000771,,,,,,,,,,,,,,,,,,,,,,,,,,,,,,,,,,,,,,,,,,,,,,,,,,,,,,,,,765.1420771999983,765.1561531000771,765.1561531000771,771.3220198000781,0.0,0.0,08,001,male,21,2024-11-22_14h21.32.960,solo project,2024.2.1post4,60.04102002968442,2024-11-22 14h21.58.106210 +0530,
,,14,14,0,,,,,,,,,,,,,,15,Being the center of attention,0.0,0.0,,,,,,,,,,,,,,,,,0,14,14,14,771.3401179000502,,,,,,,,,,,,,,,,,,,,,,,,,,,,,,,,,,,,,,,,,,,,,,,,,,,,,,,,,771.3259957000846,771.3401179000502,771.3401179000502,775.6386660999851,0.0,0.0,08,001,male,21,2024-11-22_14h21.32.960,solo project,2024.2.1post4,60.04102002968442,2024-11-22 14h21.58.106210 +0530,
,,15,15,0,,,,,,,,,,,,,,16,Speaking up at a meeting,1.0,1.0,,,,,,,,,,,,,,,,,0,15,15,15,775.6560058000032,,,,,,,,,,,,,,,,,,,,,,,,,,,,,,,,,,,,,,,,,,,,,,,,,,,,,,,,,775.6421733000316,775.6560058000032,775.6560058000032,778.8889923000243,1.0,1.0,08,001,male,21,2024-11-22_14h21.32.960,solo project,2024.2.1post4,60.04102002968442,2024-11-22 14h21.58.106210 +0530,
,,16,16,0,,,,,,,,,,,,,,17,Taking a test,0.0,3.0,,,,,,,,,,,,,,,,,0,16,16,16,778.9053532000398,,,,,,,,,,,,,,,,,,,,,,,,,,,,,,,,,,,,,,,,,,,,,,,,,,,,,,,,,778.8916204000125,778.9053532000398,778.9053532000398,787.305368600064,0.0,3.0,08,001,male,21,2024-11-22_14h21.32.960,solo project,2024.2.1post4,60.04102002968442,2024-11-22 14h21.58.106210 +0530,
,,17,17,0,,,,,,,,,,,,,,18,Expressing a disagreement or disapproval to people you don’t know very well,0.0,0.0,,,,,,,,,,,,,,,,,0,17,17,17,787.328037600033,,,,,,,,,,,,,,,,,,,,,,,,,,,,,,,,,,,,,,,,,,,,,,,,,,,,,,,,,787.3123130000895,787.328037600033,787.328037600033,792.855098900036,0.0,0.0,08,001,male,21,2024-11-22_14h21.32.960,solo project,2024.2.1post4,60.04102002968442,2024-11-22 14h21.58.106210 +0530,
,,18,18,0,,,,,,,,,,,,,,19,Looking at people you don't know very well in the eyes,0.0,3.0,,,,,,,,,,,,,,,,,0,18,18,18,792.8748530000448,,,,,,,,,,,,,,,,,,,,,,,,,,,,,,,,,,,,,,,,,,,,,,,,,,,,,,,,,792.8600196000189,792.8748530000448,792.8748530000448,801.4382984000258,0.0,3.0,08,001,male,21,2024-11-22_14h21.32.960,solo project,2024.2.1post4,60.04102002968442,2024-11-22 14h21.58.106210 +0530,
,,19,19,0,,,,,,,,,,,,,,20,Giving a report to a group,0.0,0.0,,,,,,,,,,,,,,,,,0,19,19,19,801.4554936999921,,,,,,,,,,,,,,,,,,,,,,,,,,,,,,,,,,,,,,,,,,,,,,,,,,,,,,,,,801.4412481000181,801.4554936999921,801.4554936999921,807.3674988000421,0.0,0.0,08,001,male,21,2024-11-22_14h21.32.960,solo project,2024.2.1post4,60.04102002968442,2024-11-22 14h21.58.106210 +0530,
,,20,20,0,,,,,,,,,,,,,,21,Trying to pick up someone,0.0,0.0,,,,,,,,,,,,,,,,,0,20,20,20,807.3847479000688,,,,,,,,,,,,,,,,,,,,,,,,,,,,,,,,,,,,,,,,,,,,,,,,,,,,,,,,,807.3704529000679,807.3847479000688,807.3847479000688,819.6509713000851,0.0,0.0,08,001,male,21,2024-11-22_14h21.32.960,solo project,2024.2.1post4,60.04102002968442,2024-11-22 14h21.58.106210 +0530,
,,21,21,0,,,,,,,,,,,,,,22,Returning goods to a store,0.0,1.0,,,,,,,,,,,,,,,,,0,21,21,21,819.6694860000862,,,,,,,,,,,,,,,,,,,,,,,,,,,,,,,,,,,,,,,,,,,,,,,,,,,,,,,,,819.6549142000731,819.6694860000862,819.6694860000862,823.8178372000111,0.0,1.0,08,001,male,21,2024-11-22_14h21.32.960,solo project,2024.2.1post4,60.04102002968442,2024-11-22 14h21.58.106210 +0530,
,,22,22,0,,,,,,,,,,,,,,23,Giving a party,0.0,0.0,,,,,,,,,,,,,,,,,0,22,22,22,823.835731200059,,,,,,,,,,,,,,,,,,,,,,,,,,,,,,,,,,,,,,,,,,,,,,,,,,,,,,,,,823.8210858000675,823.835731200059,823.835731200059,827.950843000086,0.0,0.0,08,001,male,21,2024-11-22_14h21.32.960,solo project,2024.2.1post4,60.04102002968442,2024-11-22 14h21.58.106210 +0530,
,,23,23,0,,,,,,,,,,,,,,24,Resisting a high pressure salesperson,0.0,3.0,,,,,,,,,,,,,,,,,0,23,23,23,827.9682721000863,,,,,,,,,,,,,,,,,,,,,,,,,,,,,,,,,,,,,,,,,,,,,,,,,,,,,,,,,827.9541150000878,827.9682721000863,827.9682721000863,837.0842039000709,0.0,3.0,08,001,male,21,2024-11-22_14h21.32.960,solo project,2024.2.1post4,60.04102002968442,2024-11-22 14h21.58.106210 +0530,
