﻿no_per,dsr_per,thisN,thisTrialN,thisRepN,slider.response,slider.rt,no_exp,dsr_exp,slider_2.response,imagefile,type,subtype,study_word,test_word,old_new,slider_3.response,slider_3.rt,lsas_no,lsas_situation,slider_4.response,slider_5.response,trials.thisRepN,trials.thisTrialN,trials.thisN,trials.thisIndex,trials_2.thisRepN,trials_2.thisTrialN,trials_2.thisN,trials_2.thisIndex,trials_3.thisRepN,trials_3.thisTrialN,trials_3.thisN,trials_3.thisIndex,trials_4.thisRepN,trials_4.thisTrialN,trials_4.thisN,trials_4.thisIndex,trials_5.thisRepN,trials_5.thisTrialN,trials_5.thisN,trials_5.thisIndex,thisRow.t,notes,consent.started,consent.stopped,button.numClicks,button.timesOn,button.timesOff,dsr_personal.started,text.started,question.started,slider.started,dsr_personal.stopped,trials.slider.response,trials.slider.rt,dsr_experience.started,dsr_experience.stopped,trials_2.slider_2.response,instr.started,instr.stopped,key_resp.keys,key_resp.rt,key_resp.duration,encoding.started,fixation.started,study_image.started,studyword.started,fixation.stopped,study_image.stopped,studyword.stopped,encoding.stopped,test_instruction.started,key_resp_2.started,test_instruction.stopped,key_resp_2.keys,key_resp_2.rt,key_resp_2.duration,testing.started,t_word.started,slider_3.started,testing.stopped,trials_4.slider_3.response,trials_4.slider_3.rt,end.started,end.stopped,button_2.numClicks,button_2.timesOn,button_2.timesOff,brk.started,brk.stopped,key_resp_3.keys,key_resp_3.rt,key_resp_3.duration,lsas_instr.started,lsas_instr.stopped,key_resp_4.keys,key_resp_4.rt,key_resp_4.duration,lsas.started,text_2.started,text_3.started,lsas.stopped,trials_5.slider_4.response,trials_5.slider_5.response,participant,session,sex,age,date,expName,psychopyVersion,frameRate,expStart,
,,,,,,,,,,,,,,,,,,,,,,,,,,,,,,,,,,,,,,,,,,,,0.007722800015471876,10.232623500050977,1,[10.217993800062686],[10.217999800108373],,,,,,,,,,,,,,,,,,,,,,,,,,,,,,,,,,,,,,,,,,,,,,,,,,,,,,,,,09,001,male,24,2024-11-22_14h38.02.064,solo project,2024.2.1post4,59.48397650784959,2024-11-22 14h38.28.632910 +0530,
1,"I might be willing to try eating monkey meat, under some circumstances.",0,0,0,0.0,8.944396800012328,,,,,,,,,,,,,,,,0,0,0,0,,,,,,,,,,,,,,,,,10.27199370006565,,,,,,,10.257433300022967,10.27199370006565,10.27199370006565,10.27199370006565,19.21801559999585,0.0,8.944396800012328,,,,,,,,,,,,,,,,,,,,,,,,,,,,,,,,,,,,,,,,,,,,,,,,,,09,001,male,24,2024-11-22_14h38.02.064,solo project,2024.2.1post4,59.48397650784959,2024-11-22 14h38.28.632910 +0530,
2,It would bother me to be in a science class and to see a human preserved in a jar.,1,1,0,2.0,9.945077299955301,,,,,,,,,,,,,,,,0,1,1,1,,,,,,,,,,,,,,,,,19.235128000029363,,,,,,,19.223796400008723,19.235128000029363,19.235128000029363,19.235128000029363,29.1845081000356,2.0,9.945077299955301,,,,,,,,,,,,,,,,,,,,,,,,,,,,,,,,,,,,,,,,,,,,,,,,,,09,001,male,24,2024-11-22_14h38.02.064,solo project,2024.2.1post4,59.48397650784959,2024-11-22 14h38.28.632910 +0530,
3,It bothers me to hear someone clear a throat full of mucous.,2,2,0,3.0,8.51357209996786,,,,,,,,,,,,,,,,0,2,2,2,,,,,,,,,,,,,,,,,29.200319200055674,,,,,,,29.189057199982926,29.200319200055674,29.200319200055674,29.200319200055674,37.71835670003202,3.0,8.51357209996786,,,,,,,,,,,,,,,,,,,,,,,,,,,,,,,,,,,,,,,,,,,,,,,,,,09,001,male,24,2024-11-22_14h38.02.064,solo project,2024.2.1post4,59.48397650784959,2024-11-22 14h38.28.632910 +0530,
4,I never let any part of my body touch the toilet seat in public restrooms.,3,3,0,2.0,8.579567300039344,,,,,,,,,,,,,,,,0,3,3,3,,,,,,,,,,,,,,,,,37.73406679998152,,,,,,,37.72242670005653,37.73406679998152,37.73406679998152,37.73406679998152,46.31818880001083,2.0,8.579567300039344,,,,,,,,,,,,,,,,,,,,,,,,,,,,,,,,,,,,,,,,,,,,,,,,,,09,001,male,24,2024-11-22_14h38.02.064,solo project,2024.2.1post4,59.48397650784959,2024-11-22 14h38.28.632910 +0530,
5,I would go out of my way to avoid walking through a graveyard.,4,4,0,3.0,6.031128000002354,,,,,,,,,,,,,,,,0,4,4,4,,,,,,,,,,,,,,,,,46.33320280001499,,,,,,,46.321684000082314,46.33320280001499,46.33320280001499,46.33320280001499,52.36781389999669,3.0,6.031128000002354,,,,,,,,,,,,,,,,,,,,,,,,,,,,,,,,,,,,,,,,,,,,,,,,,,09,001,male,24,2024-11-22_14h38.02.064,solo project,2024.2.1post4,59.48397650784959,2024-11-22 14h38.28.632910 +0530,
6,Seeing a cockroach in someone else's house doesn't bother me.,5,5,0,3.0,6.978452499955893,,,,,,,,,,,,,,,,0,5,5,5,,,,,,,,,,,,,,,,,52.38424590008799,,,,,,,52.37386430008337,52.38424590008799,52.38424590008799,52.38424590008799,59.36736410006415,3.0,6.978452499955893,,,,,,,,,,,,,,,,,,,,,,,,,,,,,,,,,,,,,,,,,,,,,,,,,,09,001,male,24,2024-11-22_14h38.02.064,solo project,2024.2.1post4,59.48397650784959,2024-11-22 14h38.28.632910 +0530,
7,It would bother me tremendously to touch a dead body.,6,6,0,4.0,5.597443999955431,,,,,,,,,,,,,,,,0,6,6,6,,,,,,,,,,,,,,,,,59.383277100045234,,,,,,,59.370964400004596,59.383277100045234,59.383277100045234,59.383277100045234,64.98440230009146,4.0,5.597443999955431,,,,,,,,,,,,,,,,,,,,,,,,,,,,,,,,,,,,,,,,,,,,,,,,,,09,001,male,24,2024-11-22_14h38.02.064,solo project,2024.2.1post4,59.48397650784959,2024-11-22 14h38.28.632910 +0530,
8,"If I see someone vomit, it makes me sick to my stomach.",7,7,0,2.0,5.147763399989344,,,,,,,,,,,,,,,,0,7,7,7,,,,,,,,,,,,,,,,,64.99978690000717,,,,,,,64.98763069999404,64.99978690000717,64.99978690000717,64.99978690000717,70.15066000004299,2.0,5.147763399989344,,,,,,,,,,,,,,,,,,,,,,,,,,,,,,,,,,,,,,,,,,,,,,,,,,09,001,male,24,2024-11-22_14h38.02.064,solo project,2024.2.1post4,59.48397650784959,2024-11-22 14h38.28.632910 +0530,
9,I probably would not go to my favorite restaurant if I found out that the cook had a cold.,8,8,0,4.0,7.880266799940728,,,,,,,,,,,,,,,,0,8,8,8,,,,,,,,,,,,,,,,,70.16621809999924,,,,,,,70.1546868000878,70.16621809999924,70.16621809999924,70.16621809999924,78.0505766000133,4.0,7.880266799940728,,,,,,,,,,,,,,,,,,,,,,,,,,,,,,,,,,,,,,,,,,,,,,,,,,09,001,male,24,2024-11-22_14h38.02.064,solo project,2024.2.1post4,59.48397650784959,2024-11-22 14h38.28.632910 +0530,
10,It would not upset me at all to watch a person with a glass eye take the eye out of the socket.,9,9,0,4.0,10.229697500006296,,,,,,,,,,,,,,,,0,9,9,9,,,,,,,,,,,,,,,,,78.0662394000683,,,,,,,78.05492630007211,78.0662394000683,78.0662394000683,78.0662394000683,88.30027560004964,4.0,10.229697500006296,,,,,,,,,,,,,,,,,,,,,,,,,,,,,,,,,,,,,,,,,,,,,,,,,,09,001,male,24,2024-11-22_14h38.02.064,solo project,2024.2.1post4,59.48397650784959,2024-11-22 14h38.28.632910 +0530,
11,It would bother me to see a rat run across my path in a park.,10,10,0,2.0,6.097137100063264,,,,,,,,,,,,,,,,0,10,10,10,,,,,,,,,,,,,,,,,88.31631490006112,,,,,,,88.3037481000647,88.31631490006112,88.31631490006112,88.31631490006112,94.4170261999825,2.0,6.097137100063264,,,,,,,,,,,,,,,,,,,,,,,,,,,,,,,,,,,,,,,,,,,,,,,,,,09,001,male,24,2024-11-22_14h38.02.064,solo project,2024.2.1post4,59.48397650784959,2024-11-22 14h38.28.632910 +0530,
12,I would rather eat a piece of fruit than a piece of paper.,11,11,0,4.0,5.714975400012918,,,,,,,,,,,,,,,,0,11,11,11,,,,,,,,,,,,,,,,,94.43243350007106,,,,,,,94.42008509999141,94.43243350007106,94.43243350007106,94.43243350007106,100.15016389999073,4.0,5.714975400012918,,,,,,,,,,,,,,,,,,,,,,,,,,,,,,,,,,,,,,,,,,,,,,,,,,09,001,male,24,2024-11-22_14h38.02.064,solo project,2024.2.1post4,59.48397650784959,2024-11-22 14h38.28.632910 +0530,
13,"Even if I was hungry, I would not drink a bowl of my favorite soup if It had been stirred by a used but thoroughly washed flyswatter.",12,12,0,0.0,13.412043099990115,,,,,,,,,,,,,,,,0,12,12,12,,,,,,,,,,,,,,,,,100.16682040004525,,,,,,,100.15611850004643,100.16682040004525,100.16682040004525,100.16682040004525,113.58320540003479,0.0,13.412043099990115,,,,,,,,,,,,,,,,,,,,,,,,,,,,,,,,,,,,,,,,,,,,,,,,,,09,001,male,24,2024-11-22_14h38.02.064,solo project,2024.2.1post4,59.48397650784959,2024-11-22 14h38.28.632910 +0530,
14,It would bother me to sleep in a nice hotel room if I knew that a man had died of a heart attack in that room the night before.,13,13,0,0.0,10.713348699966446,,,,,,,,,,,,,,,,0,13,13,13,,,,,,,,,,,,,,,,,113.59888459998183,,,,,,,113.5876296000788,113.59888459998183,113.59888459998183,113.59888459998183,124.31619130005129,0.0,10.713348699966446,,,,,,,,,,,,,,,,,,,,,,,,,,,,,,,,,,,,,,,,,,,,,,,,,,09,001,male,24,2024-11-22_14h38.02.064,solo project,2024.2.1post4,59.48397650784959,2024-11-22 14h38.28.632910 +0530,
,,0,0,0,,,15,You see maggots on a piece of meat in an outdoor or garbage pail.,4.0,,,,,,,,,,,,,,,,,0,0,0,0,,,,,,,,,,,,,124.34054600005038,,,,,,,,,,,,,,124.32595139998011,145.3496346999891,4.0,,,,,,,,,,,,,,,,,,,,,,,,,,,,,,,,,,,,,,,,,,,,,,,09,001,male,24,2024-11-22_14h38.02.064,solo project,2024.2.1post4,59.48397650784959,2024-11-22 14h38.28.632910 +0530,
,,1,1,0,,,16,You see person eating apple with a knife and fork.,0.0,,,,,,,,,,,,,,,,,0,1,1,1,,,,,,,,,,,,,145.36495630000718,,,,,,,,,,,,,,145.3528321000049,154.2657923999941,0.0,,,,,,,,,,,,,,,,,,,,,,,,,,,,,,,,,,,,,,,,,,,,,,,09,001,male,24,2024-11-22_14h38.02.064,solo project,2024.2.1post4,59.48397650784959,2024-11-22 14h38.28.632910 +0530,
,,2,2,0,,,17,"While you are walking through a tunner under a railroad track, you smell urine.",3.0,,,,,,,,,,,,,,,,,0,2,2,2,,,,,,,,,,,,,154.28263979998883,,,,,,,,,,,,,,154.2708790000761,162.54925000004005,3.0,,,,,,,,,,,,,,,,,,,,,,,,,,,,,,,,,,,,,,,,,,,,,,,09,001,male,24,2024-11-22_14h38.02.064,solo project,2024.2.1post4,59.48397650784959,2024-11-22 14h38.28.632910 +0530,
,,3,3,0,,,18,"You take a sip of soda, an then realize that you drank from the glass that an acquaintance of yours had been drinking from.",0.0,,,,,,,,,,,,,,,,,0,3,3,3,,,,,,,,,,,,,162.56802810006775,,,,,,,,,,,,,,162.5558112000581,171.16580960003193,0.0,,,,,,,,,,,,,,,,,,,,,,,,,,,,,,,,,,,,,,,,,,,,,,,09,001,male,24,2024-11-22_14h38.02.064,solo project,2024.2.1post4,59.48397650784959,2024-11-22 14h38.28.632910 +0530,
,,4,4,0,,,19,"Your friend's pet cat dies, and you have to pick up the dead body with your bare hands.",1.0,,,,,,,,,,,,,,,,,0,4,4,4,,,,,,,,,,,,,171.18138110009022,,,,,,,,,,,,,,171.17004029999953,177.29520360007882,1.0,,,,,,,,,,,,,,,,,,,,,,,,,,,,,,,,,,,,,,,,,,,,,,,09,001,male,24,2024-11-22_14h38.02.064,solo project,2024.2.1post4,59.48397650784959,2024-11-22 14h38.28.632910 +0530,
,,5,5,0,,,20,You see someone put ketchup on vanilla ice cream and eat it.,4.0,,,,,,,,,,,,,,,,,0,5,5,5,,,,,,,,,,,,,177.31153509998694,,,,,,,,,,,,,,177.29944870003965,184.2943403000245,4.0,,,,,,,,,,,,,,,,,,,,,,,,,,,,,,,,,,,,,,,,,,,,,,,09,001,male,24,2024-11-22_14h38.02.064,solo project,2024.2.1post4,59.48397650784959,2024-11-22 14h38.28.632910 +0530,
,,6,6,0,,,21,You see a man with his intestines exposed after an accident.,2.0,,,,,,,,,,,,,,,,,0,6,6,6,,,,,,,,,,,,,184.3097591000842,,,,,,,,,,,,,,184.29844620008953,189.5611466000555,2.0,,,,,,,,,,,,,,,,,,,,,,,,,,,,,,,,,,,,,,,,,,,,,,,09,001,male,24,2024-11-22_14h38.02.064,solo project,2024.2.1post4,59.48397650784959,2024-11-22 14h38.28.632910 +0530,
,,7,7,0,,,22,You discover that a friend of yours changes underwear only once a week.,4.0,,,,,,,,,,,,,,,,,0,7,7,7,,,,,,,,,,,,,189.57629830006044,,,,,,,,,,,,,,189.56491399998777,196.14451760007069,4.0,,,,,,,,,,,,,,,,,,,,,,,,,,,,,,,,,,,,,,,,,,,,,,,09,001,male,24,2024-11-22_14h38.02.064,solo project,2024.2.1post4,59.48397650784959,2024-11-22 14h38.28.632910 +0530,
,,8,8,0,,,23,A friend offers you a piece of chocolate shaped like dog-doo.,3.0,,,,,,,,,,,,,,,,,0,8,8,8,,,,,,,,,,,,,196.1596591999987,,,,,,,,,,,,,,196.14935369999148,200.8605786000844,3.0,,,,,,,,,,,,,,,,,,,,,,,,,,,,,,,,,,,,,,,,,,,,,,,09,001,male,24,2024-11-22_14h38.02.064,solo project,2024.2.1post4,59.48397650784959,2024-11-22 14h38.28.632910 +0530,
,,9,9,0,,,24,You accidentally touch the ashes of a person who has been cremated.,2.0,,,,,,,,,,,,,,,,,0,9,9,9,,,,,,,,,,,,,200.8763124999823,,,,,,,,,,,,,,200.86449200008065,206.41057910001837,2.0,,,,,,,,,,,,,,,,,,,,,,,,,,,,,,,,,,,,,,,,,,,,,,,09,001,male,24,2024-11-22_14h38.02.064,solo project,2024.2.1post4,59.48397650784959,2024-11-22 14h38.28.632910 +0530,
,,10,10,0,,,25,You are about to drink a glass of milk when you smell that it is spoiled.,4.0,,,,,,,,,,,,,,,,,0,10,10,10,,,,,,,,,,,,,206.4262514000293,,,,,,,,,,,,,,206.41422620008234,213.7441453000065,4.0,,,,,,,,,,,,,,,,,,,,,,,,,,,,,,,,,,,,,,,,,,,,,,,09,001,male,24,2024-11-22_14h38.02.064,solo project,2024.2.1post4,59.48397650784959,2024-11-22 14h38.28.632910 +0530,
,,11,11,0,,,26,"As a part of a sex education class, you are required to inflate a new unlubricated condom using your mouth.",2.0,,,,,,,,,,,,,,,,,0,11,11,11,,,,,,,,,,,,,213.7593628000468,,,,,,,,,,,,,,213.7486355000874,221.49395700008608,2.0,,,,,,,,,,,,,,,,,,,,,,,,,,,,,,,,,,,,,,,,,,,,,,,09,001,male,24,2024-11-22_14h38.02.064,solo project,2024.2.1post4,59.48397650784959,2024-11-22 14h38.28.632910 +0530,
,,12,12,0,,,27,"You are walking barefoot on concrete, and you step on an earthworm.",3.0,,,,,,,,,,,,,,,,,0,12,12,12,,,,,,,,,,,,,221.50936010002624,,,,,,,,,,,,,,221.49756090005394,227.52671620005276,3.0,,,,,,,,,,,,,,,,,,,,,,,,,,,,,,,,,,,,,,,,,,,,,,,09,001,male,24,2024-11-22_14h38.02.064,solo project,2024.2.1post4,59.48397650784959,2024-11-22 14h38.28.632910 +0530,
,,,,,,,,,,,,,,,,,,,,,,,,,,,,,,,,,,,,,,,,,,,,,,,,,,,,,,,,,,,227.52679540007375,232.53113870008383,space,4.985639800084755,None,,,,,,,,,,,,,,,,,,,,,,,,,,,,,,,,,,,,,,,,,,09,001,male,24,2024-11-22_14h38.02.064,solo project,2024.2.1post4,59.48397650784959,2024-11-22 14h38.28.632910 +0530,
,,0,0,0,,,,,,images/1073_animals_lum.jpg,disgust,animal,journal,,,,,,,,,,,,,,,,,0,0,0,7,,,,,,,,,232.56069790001493,,,,,,,,,,,,,,,,,,,,,,232.5566963000456,232.56069790001493,233.54656950000208,233.54656950000208,233.56348280003294,235.54789580008946,235.54789580008946,235.53048279997893,,,,,,,,,,,,,,,,,,,,,,,,,,,,,,,,,,09,001,male,24,2024-11-22_14h38.02.064,solo project,2024.2.1post4,59.48397650784959,2024-11-22 14h38.28.632910 +0530,
,,1,1,0,,,,,,images/1100_animals_neutral_lum.jpg,neutral,animal,nursery,,,,,,,,,,,,,,,,,0,1,1,15,,,,,,,,,235.54789580008946,,,,,,,,,,,,,,,,,,,,,,235.5446729999967,235.54789580008946,236.5465759000508,236.5465759000508,236.56308530003298,238.54844849999063,238.54844849999063,238.53028499998618,,,,,,,,,,,,,,,,,,,,,,,,,,,,,,,,,,09,001,male,24,2024-11-22_14h38.02.064,solo project,2024.2.1post4,59.48397650784959,2024-11-22 14h38.28.632910 +0530,
,,2,2,0,,,,,,images/1223_death_lum.jpg,disgust,death,mischief,,,,,,,,,,,,,,,,,0,2,2,13,,,,,,,,,238.54844849999063,,,,,,,,,,,,,,,,,,,,,,238.54526949999854,238.54844849999063,239.5465001000557,239.5465001000557,239.5629118999932,241.54865720006637,241.54865720006637,241.53022010007408,,,,,,,,,,,,,,,,,,,,,,,,,,,,,,,,,,09,001,male,24,2024-11-22_14h38.02.064,solo project,2024.2.1post4,59.48397650784959,2024-11-22 14h38.28.632910 +0530,
,,3,3,0,,,,,,images/1107_body products_lum.jpg,disgust,body product,passage,,,,,,,,,,,,,,,,,0,3,3,16,,,,,,,,,241.54865720006637,,,,,,,,,,,,,,,,,,,,,,241.54535520006903,241.54865720006637,242.54639320005663,242.54639320005663,242.56284810008947,244.54860360000748,244.54860360000748,244.53058340004645,,,,,,,,,,,,,,,,,,,,,,,,,,,,,,,,,,09,001,male,24,2024-11-22_14h38.02.064,solo project,2024.2.1post4,59.48397650784959,2024-11-22 14h38.28.632910 +0530,
,,4,4,0,,,,,,images/1299_hygiene neutral_lum.jpg,neutral,hygeine,rancid,,,,,,,,,,,,,,,,,0,4,4,19,,,,,,,,,244.54860360000748,,,,,,,,,,,,,,,,,,,,,,244.5451413000701,244.54860360000748,245.54639100003988,245.54639100003988,245.56288360001054,247.54831860004924,247.54831860004924,247.53005230007693,,,,,,,,,,,,,,,,,,,,,,,,,,,,,,,,,,09,001,male,24,2024-11-22_14h38.02.064,solo project,2024.2.1post4,59.48397650784959,2024-11-22 14h38.28.632910 +0530,
,,5,5,0,,,,,,images/1291_hygiene neutral_lum.jpg,neutral,hygeine,hard,,,,,,,,,,,,,,,,,0,5,5,5,,,,,,,,,247.54831860004924,,,,,,,,,,,,,,,,,,,,,,247.54368530004285,247.54831860004924,248.54612459999043,248.54612459999043,248.56303650001064,250.54809150006622,250.54809150006622,250.53010350000113,,,,,,,,,,,,,,,,,,,,,,,,,,,,,,,,,,09,001,male,24,2024-11-22_14h38.02.064,solo project,2024.2.1post4,59.48397650784959,2024-11-22 14h38.28.632910 +0530,
,,6,6,0,,,,,,images/1271_hygiene_lum.jpg,disgust,hygeine,limber,,,,,,,,,,,,,,,,,0,6,6,10,,,,,,,,,250.54809150006622,,,,,,,,,,,,,,,,,,,,,,250.54475150001235,250.54809150006622,251.54628010001034,251.54628010001034,251.56283990002703,253.54835090006236,253.54835090006236,253.53034619998652,,,,,,,,,,,,,,,,,,,,,,,,,,,,,,,,,,09,001,male,24,2024-11-22_14h38.02.064,solo project,2024.2.1post4,59.48397650784959,2024-11-22 14h38.28.632910 +0530,
,,7,7,0,,,,,,images/1099_animals_neutral_lum.jpg,neutral,animal,coast,,,,,,,,,,,,,,,,,0,7,7,0,,,,,,,,,253.54835090006236,,,,,,,,,,,,,,,,,,,,,,253.54493390000425,253.54835090006236,254.54619710007682,254.54619710007682,254.56257060007192,256.5485193000641,256.5485193000641,256.5300462000305,,,,,,,,,,,,,,,,,,,,,,,,,,,,,,,,,,09,001,male,24,2024-11-22_14h38.02.064,solo project,2024.2.1post4,59.48397650784959,2024-11-22 14h38.28.632910 +0530,
,,8,8,0,,,,,,images/1032_food_lum.jpg,disgust,food,rattle,,,,,,,,,,,,,,,,,0,8,8,20,,,,,,,,,256.5485193000641,,,,,,,,,,,,,,,,,,,,,,256.5436357000144,256.5485193000641,257.5461146000307,257.5461146000307,257.56300199998077,259.54881840001326,259.54881840001326,259.5300635000458,,,,,,,,,,,,,,,,,,,,,,,,,,,,,,,,,,09,001,male,24,2024-11-22_14h38.02.064,solo project,2024.2.1post4,59.48397650784959,2024-11-22 14h38.28.632910 +0530,
,,9,9,0,,,,,,images/1118_body products_lum.jpg,disgust,body product,reverent,,,,,,,,,,,,,,,,,0,9,9,22,,,,,,,,,259.54881840001326,,,,,,,,,,,,,,,,,,,,,,259.5454492000863,259.54881840001326,260.5460618000943,260.5460618000943,260.5626507999841,262.5495130000636,262.5495130000636,262.5299624000909,,,,,,,,,,,,,,,,,,,,,,,,,,,,,,,,,,09,001,male,24,2024-11-22_14h38.02.064,solo project,2024.2.1post4,59.48397650784959,2024-11-22 14h38.28.632910 +0530,
,,10,10,0,,,,,,images/1202_death_lum.jpg,disgust,death,lantern,,,,,,,,,,,,,,,,,0,10,10,8,,,,,,,,,262.5495130000636,,,,,,,,,,,,,,,,,,,,,,262.5448676000815,262.5495130000636,263.54630030004773,263.54630030004773,263.563031500089,265.5492799000349,265.5492799000349,265.53024970006663,,,,,,,,,,,,,,,,,,,,,,,,,,,,,,,,,,09,001,male,24,2024-11-22_14h38.02.064,solo project,2024.2.1post4,59.48397650784959,2024-11-22 14h38.28.632910 +0530,
,,11,11,0,,,,,,images/1049_food_neutral_lum.jpg,neutral,food,privacy,,,,,,,,,,,,,,,,,0,11,11,17,,,,,,,,,265.5492799000349,,,,,,,,,,,,,,,,,,,,,,265.54440020001493,265.5492799000349,266.54618280008435,266.54618280008435,266.5628848000197,268.54794600000605,268.54794600000605,268.5299027999863,,,,,,,,,,,,,,,,,,,,,,,,,,,,,,,,,,09,001,male,24,2024-11-22_14h38.02.064,solo project,2024.2.1post4,59.48397650784959,2024-11-22 14h38.28.632910 +0530,
,,12,12,0,,,,,,images/1247_death neutral_lum.jpg,neutral,death,wine,,,,,,,,,,,,,,,,,0,12,12,29,,,,,,,,,268.54794600000605,,,,,,,,,,,,,,,,,,,,,,268.5442294999957,268.54794600000605,269.5460373000242,269.5460373000242,269.56261060002726,271.5494387000799,271.5494387000799,271.52965350006707,,,,,,,,,,,,,,,,,,,,,,,,,,,,,,,,,,09,001,male,24,2024-11-22_14h38.02.064,solo project,2024.2.1post4,59.48397650784959,2024-11-22 14h38.28.632910 +0530,
,,13,13,0,,,,,,images/1041_food_neutral_lum.jpg,neutral,food,trumpet,,,,,,,,,,,,,,,,,0,13,13,27,,,,,,,,,271.5494387000799,,,,,,,,,,,,,,,,,,,,,,271.54426330002025,271.5494387000799,272.54604809999,272.54604809999,272.56365070003085,274.55086880002636,274.55086880002636,274.52998190000653,,,,,,,,,,,,,,,,,,,,,,,,,,,,,,,,,,09,001,male,24,2024-11-22_14h38.02.064,solo project,2024.2.1post4,59.48397650784959,2024-11-22 14h38.28.632910 +0530,
,,14,14,0,,,,,,images/1149_body products neutral_lum.jpg,neutral,body product,skeptical,,,,,,,,,,,,,,,,,0,14,14,24,,,,,,,,,274.55086880002636,,,,,,,,,,,,,,,,,,,,,,274.54630230006296,274.55086880002636,275.54576810006984,275.54576810006984,275.56261190003715,277.54861950001214,277.54861950001214,277.52989680005703,,,,,,,,,,,,,,,,,,,,,,,,,,,,,,,,,,09,001,male,24,2024-11-22_14h38.02.064,solo project,2024.2.1post4,59.48397650784959,2024-11-22 14h38.28.632910 +0530,
,,15,15,0,,,,,,images/1165_injuries_infections_lum.jpg,disgust,injury/infection,glacier,,,,,,,,,,,,,,,,,0,15,15,4,,,,,,,,,277.54861950001214,,,,,,,,,,,,,,,,,,,,,,277.5439261000138,277.54861950001214,278.5458582000574,278.5458582000574,278.56273740006145,280.5484564000508,280.5484564000508,280.5304138000356,,,,,,,,,,,,,,,,,,,,,,,,,,,,,,,,,,09,001,male,24,2024-11-22_14h38.02.064,solo project,2024.2.1post4,59.48397650784959,2024-11-22 14h38.28.632910 +0530,
,,16,16,0,,,,,,images/1200_injuries_infections neutral_lum.jpg,neutral,injury/infection,village,,,,,,,,,,,,,,,,,0,16,16,28,,,,,,,,,280.5484564000508,,,,,,,,,,,,,,,,,,,,,,280.54349439998623,280.5484564000508,281.5457201000536,281.5457201000536,281.56259640003555,283.5480175000848,283.5480175000848,283.53002040006686,,,,,,,,,,,,,,,,,,,,,,,,,,,,,,,,,,09,001,male,24,2024-11-22_14h38.02.064,solo project,2024.2.1post4,59.48397650784959,2024-11-22 14h38.28.632910 +0530,
,,17,17,0,,,,,,images/1054_animals_lum.jpg,disgust,animal,serious,,,,,,,,,,,,,,,,,0,17,17,23,,,,,,,,,283.5480175000848,,,,,,,,,,,,,,,,,,,,,,283.5434735000599,283.5480175000848,284.5460427000653,284.5460427000653,284.5623583000852,286.54795140004717,286.54795140004717,286.5293971999781,,,,,,,,,,,,,,,,,,,,,,,,,,,,,,,,,,09,001,male,24,2024-11-22_14h38.02.064,solo project,2024.2.1post4,59.48397650784959,2024-11-22 14h38.28.632910 +0530,
,,18,18,0,,,,,,images/1146_body products neutral_lum.jpg,neutral,body product,reptile,,,,,,,,,,,,,,,,,0,18,18,21,,,,,,,,,286.54795140004717,,,,,,,,,,,,,,,,,,,,,,286.5428704000078,286.54795140004717,287.54596500005573,287.54596500005573,287.5628764000721,289.549618100049,289.549618100049,289.53019660001155,,,,,,,,,,,,,,,,,,,,,,,,,,,,,,,,,,09,001,male,24,2024-11-22_14h38.02.064,solo project,2024.2.1post4,59.48397650784959,2024-11-22 14h38.28.632910 +0530,
,,19,19,0,,,,,,images/1001_food_lum.jpg,disgust,food,radiator,,,,,,,,,,,,,,,,,0,19,19,18,,,,,,,,,289.549618100049,,,,,,,,,,,,,,,,,,,,,,289.54501070000697,289.549618100049,290.5457185000414,290.5457185000414,290.5624874000205,292.54655660002027,292.54655660002027,292.52938209997956,,,,,,,,,,,,,,,,,,,,,,,,,,,,,,,,,,09,001,male,24,2024-11-22_14h38.02.064,solo project,2024.2.1post4,59.48397650784959,2024-11-22 14h38.28.632910 +0530,
,,20,20,0,,,,,,images/1062_animals_lum.jpg,disgust,animal,ennui,,,,,,,,,,,,,,,,,0,20,20,3,,,,,,,,,292.54655660002027,,,,,,,,,,,,,,,,,,,,,,292.54208789998665,292.54655660002027,293.54575570009183,293.54575570009183,293.54575570009183,295.5504270000383,295.5504270000383,295.52964860002976,,,,,,,,,,,,,,,,,,,,,,,,,,,,,,,,,,09,001,male,24,2024-11-22_14h38.02.064,solo project,2024.2.1post4,59.48397650784959,2024-11-22 14h38.28.632910 +0530,
,,21,21,0,,,,,,images/1104_body products_lum.jpg,disgust,body product,material,,,,,,,,,,,,,,,,,0,21,21,12,,,,,,,,,295.5504270000383,,,,,,,,,,,,,,,,,,,,,,295.54543579998426,295.5504270000383,296.54559210001025,296.54559210001025,296.5624512000941,298.5478671999881,298.5478671999881,298.5299442000687,,,,,,,,,,,,,,,,,,,,,,,,,,,,,,,,,,09,001,male,24,2024-11-22_14h38.02.064,solo project,2024.2.1post4,59.48397650784959,2024-11-22 14h38.28.632910 +0530,
,,22,22,0,,,,,,images/1192_injuries_infections neutral_lum.jpg,neutral,injury/infection,stove,,,,,,,,,,,,,,,,,0,22,22,26,,,,,,,,,298.5478671999881,,,,,,,,,,,,,,,,,,,,,,298.5434099000413,298.5478671999881,299.546119500068,299.546119500068,299.5624957000837,301.54926010000054,301.54926010000054,301.5297734000487,,,,,,,,,,,,,,,,,,,,,,,,,,,,,,,,,,09,001,male,24,2024-11-22_14h38.02.064,solo project,2024.2.1post4,59.48397650784959,2024-11-22 14h38.28.632910 +0530,
,,23,23,0,,,,,,images/1013_food_lum.jpg,disgust,food,stiff,,,,,,,,,,,,,,,,,0,23,23,25,,,,,,,,,301.54926010000054,,,,,,,,,,,,,,,,,,,,,,301.5442273999797,301.54926010000054,302.5454579000361,302.5454579000361,302.56212270003743,304.54837370000314,304.54837370000314,304.52957000001334,,,,,,,,,,,,,,,,,,,,,,,,,,,,,,,,,,09,001,male,24,2024-11-22_14h38.02.064,solo project,2024.2.1post4,59.48397650784959,2024-11-22 14h38.28.632910 +0530,
,,24,24,0,,,,,,images/1093_animals_neutral_lum.jpg,neutral,animal,lighthouse,,,,,,,,,,,,,,,,,0,24,24,9,,,,,,,,,304.54837370000314,,,,,,,,,,,,,,,,,,,,,,304.54327080002986,304.54837370000314,305.54578689998016,305.54578689998016,305.5625896999845,307.5493862000294,307.5493862000294,307.5293962000869,,,,,,,,,,,,,,,,,,,,,,,,,,,,,,,,,,09,001,male,24,2024-11-22_14h38.02.064,solo project,2024.2.1post4,59.48397650784959,2024-11-22 14h38.28.632910 +0530,
,,25,25,0,,,,,,images/1253_hygiene_lum.jpg,disgust,hygeine,manner,,,,,,,,,,,,,,,,,0,25,25,11,,,,,,,,,307.5493862000294,,,,,,,,,,,,,,,,,,,,,,307.5445219000103,307.5493862000294,308.54563639999833,308.54563639999833,308.56215470004827,310.5490688000573,310.5490688000573,310.5296915000072,,,,,,,,,,,,,,,,,,,,,,,,,,,,,,,,,,09,001,male,24,2024-11-22_14h38.02.064,solo project,2024.2.1post4,59.48397650784959,2024-11-22 14h38.28.632910 +0530,
,,26,26,0,,,,,,images/1250_death neutral_lum.jpg,neutral,death,neurotic,,,,,,,,,,,,,,,,,0,26,26,14,,,,,,,,,310.5490688000573,,,,,,,,,,,,,,,,,,,,,,310.5438353000209,310.5490688000573,311.54560319997836,311.54560319997836,311.56224370002747,313.54818759998307,313.54818759998307,313.5296086000744,,,,,,,,,,,,,,,,,,,,,,,,,,,,,,,,,,09,001,male,24,2024-11-22_14h38.02.064,solo project,2024.2.1post4,59.48397650784959,2024-11-22 14h38.28.632910 +0530,
,,27,27,0,,,,,,images/1153_injuries_infections_lum.jpg,disgust,injury/infection,elevator,,,,,,,,,,,,,,,,,0,27,27,2,,,,,,,,,313.54818759998307,,,,,,,,,,,,,,,,,,,,,,313.54330060002394,313.54818759998307,314.54560349998064,314.54560349998064,314.5631826000754,316.54826710000634,316.54826710000634,316.5296727999812,,,,,,,,,,,,,,,,,,,,,,,,,,,,,,,,,,09,001,male,24,2024-11-22_14h38.02.064,solo project,2024.2.1post4,59.48397650784959,2024-11-22 14h38.28.632910 +0530,
,,28,28,0,,,,,,images/1044_food_neutral_lum.jpg,neutral,food,custom,,,,,,,,,,,,,,,,,0,28,28,1,,,,,,,,,316.54826710000634,,,,,,,,,,,,,,,,,,,,,,316.5431941000279,316.54826710000634,317.5455526000587,317.5455526000587,317.5621846000431,319.549165799981,319.549165799981,319.5298417999875,,,,,,,,,,,,,,,,,,,,,,,,,,,,,,,,,,09,001,male,24,2024-11-22_14h38.02.064,solo project,2024.2.1post4,59.48397650784959,2024-11-22 14h38.28.632910 +0530,
,,29,29,0,,,,,,images/1143_body products neutral_lum.jpg,neutral,body product,invest,,,,,,,,,,,,,,,,,0,29,29,6,,,,,,,,,319.549165799981,,,,,,,,,,,,,,,,,,,,,,319.5438665000256,319.549165799981,320.54581670009065,320.54581670009065,320.56232840009034,322.5451958000194,322.5451958000194,322.5292666000314,,,,,,,,,,,,,,,,,,,,,,,,,,,,,,,,,,09,001,male,24,2024-11-22_14h38.02.064,solo project,2024.2.1post4,59.48397650784959,2024-11-22 14h38.28.632910 +0530,
,,,,,,,,,,,,,,,,,,,,,,,,,,,,,,,,,,,,,,,,,,,,,,,,,,,,,,,,,,,,,,,,,,,,,,,,322.5293491000775,2.0141242999816313,333.4124934000429,space,8.862478399998508,None,,,,,,,,,,,,,,,,,,,,,,,,,,,,09,001,male,24,2024-11-22_14h38.02.064,solo project,2024.2.1post4,59.48397650784959,2024-11-22 14h38.28.632910 +0530,
,,0,0,0,,,,,,,None,None,,skyscraper,new,2.0,3.030676000053063,,,,,,,,,,,,,,,,,0,0,0,51,,,,,333.44329020008445,,,,,,,,,,,,,,,,,,,,,,,,,,,,,,,,,,,,333.4336725000758,333.44329020008445,333.44329020008445,336.47977810003795,2.0,3.030676000053063,,,,,,,,,,,,,,,,,,,,,,09,001,male,24,2024-11-22_14h38.02.064,solo project,2024.2.1post4,59.48397650784959,2024-11-22 14h38.28.632910 +0530,
,,1,1,0,,,,,,,disgust,hygeine,,limber,old,1.0,1.8621508000651374,,,,,,,,,,,,,,,,,0,1,1,10,,,,,336.4949616000522,,,,,,,,,,,,,,,,,,,,,,,,,,,,,,,,,,,,336.48584570002276,336.4949616000522,336.4949616000522,338.3627698000055,1.0,1.8621508000651374,,,,,,,,,,,,,,,,,,,,,,09,001,male,24,2024-11-22_14h38.02.064,solo project,2024.2.1post4,59.48397650784959,2024-11-22 14h38.28.632910 +0530,
,,2,2,0,,,,,,,None,None,,industry,new,2.0,2.3785434999736026,,,,,,,,,,,,,,,,,0,2,2,38,,,,,338.37854419997893,,,,,,,,,,,,,,,,,,,,,,,,,,,,,,,,,,,,338.3686699999962,338.37854419997893,338.37854419997893,340.76288270007353,2.0,2.3785434999736026,,,,,,,,,,,,,,,,,,,,,,09,001,male,24,2024-11-22_14h38.02.064,solo project,2024.2.1post4,59.48397650784959,2024-11-22 14h38.28.632910 +0530,
,,3,3,0,,,,,,,neutral,body product,,invest,old,1.0,1.480104099959135,,,,,,,,,,,,,,,,,0,3,3,6,,,,,340.77864350005984,,,,,,,,,,,,,,,,,,,,,,,,,,,,,,,,,,,,340.76656020001974,340.77864350005984,340.77864350005984,342.26316650002263,1.0,1.480104099959135,,,,,,,,,,,,,,,,,,,,,,09,001,male,24,2024-11-22_14h38.02.064,solo project,2024.2.1post4,59.48397650784959,2024-11-22 14h38.28.632910 +0530,
,,4,4,0,,,,,,,None,None,,market,new,2.0,1.8979685000376776,,,,,,,,,,,,,,,,,0,4,4,41,,,,,342.2784522000002,,,,,,,,,,,,,,,,,,,,,,,,,,,,,,,,,,,,342.2662871000357,342.2784522000002,342.2784522000002,344.17941209999844,2.0,1.8979685000376776,,,,,,,,,,,,,,,,,,,,,,09,001,male,24,2024-11-22_14h38.02.064,solo project,2024.2.1post4,59.48397650784959,2024-11-22 14h38.28.632910 +0530,
,,5,5,0,,,,,,,None,None,,scissors,new,2.0,1.897326400037855,,,,,,,,,,,,,,,,,0,5,5,48,,,,,344.1952382000163,,,,,,,,,,,,,,,,,,,,,,,,,,,,,,,,,,,,344.1833356000716,344.1952382000163,344.1952382000163,346.0965146999806,2.0,1.897326400037855,,,,,,,,,,,,,,,,,,,,,,09,001,male,24,2024-11-22_14h38.02.064,solo project,2024.2.1post4,59.48397650784959,2024-11-22 14h38.28.632910 +0530,
,,6,6,0,,,,,,,None,None,,theory,new,2.0,1.1975629000226036,,,,,,,,,,,,,,,,,0,6,6,55,,,,,346.11177040007897,,,,,,,,,,,,,,,,,,,,,,,,,,,,,,,,,,,,346.10034660005476,346.11177040007897,346.11177040007897,347.3127468000166,2.0,1.1975629000226036,,,,,,,,,,,,,,,,,,,,,,09,001,male,24,2024-11-22_14h38.02.064,solo project,2024.2.1post4,59.48397650784959,2024-11-22 14h38.28.632910 +0530,
,,7,7,0,,,,,,,None,None,,poetry,new,2.0,1.215068000019528,,,,,,,,,,,,,,,,,0,7,7,44,,,,,347.3283891000319,,,,,,,,,,,,,,,,,,,,,,,,,,,,,,,,,,,,347.31584910000674,347.3283891000319,347.3283891000319,348.54662240005564,2.0,1.215068000019528,,,,,,,,,,,,,,,,,,,,,,09,001,male,24,2024-11-22_14h38.02.064,solo project,2024.2.1post4,59.48397650784959,2024-11-22 14h38.28.632910 +0530,
,,8,8,0,,,,,,,None,None,,whistle,new,2.0,1.6305129999527708,,,,,,,,,,,,,,,,,0,8,8,59,,,,,348.5619435000699,,,,,,,,,,,,,,,,,,,,,,,,,,,,,,,,,,,,348.5504724000348,348.5619435000699,348.5619435000699,350.19659360009246,2.0,1.6305129999527708,,,,,,,,,,,,,,,,,,,,,,09,001,male,24,2024-11-22_14h38.02.064,solo project,2024.2.1post4,59.48397650784959,2024-11-22 14h38.28.632910 +0530,
,,9,9,0,,,,,,,disgust,death,,lantern,old,1.0,1.5764800999313593,,,,,,,,,,,,,,,,,0,9,9,8,,,,,350.21168409998063,,,,,,,,,,,,,,,,,,,,,,,,,,,,,,,,,,,,350.1989941999782,350.21168409998063,350.21168409998063,351.79030610003974,1.0,1.5764800999313593,,,,,,,,,,,,,,,,,,,,,,09,001,male,24,2024-11-22_14h38.02.064,solo project,2024.2.1post4,59.48397650784959,2024-11-22 14h38.28.632910 +0530,
,,10,10,0,,,,,,,None,None,,repentant,new,1.0,1.3665032000280917,,,,,,,,,,,,,,,,,0,10,10,45,,,,,351.80594710004516,,,,,,,,,,,,,,,,,,,,,,,,,,,,,,,,,,,,351.7928813000908,351.80594710004516,351.80594710004516,353.1736151999794,1.0,1.3665032000280917,,,,,,,,,,,,,,,,,,,,,,09,001,male,24,2024-11-22_14h38.02.064,solo project,2024.2.1post4,59.48397650784959,2024-11-22 14h38.28.632910 +0530,
,,11,11,0,,,,,,,neutral,body product,,reptile,old,1.0,0.7994702999712899,,,,,,,,,,,,,,,,,0,11,11,21,,,,,353.1897871000692,,,,,,,,,,,,,,,,,,,,,,,,,,,,,,,,,,,,353.17587580007967,353.1897871000692,353.1897871000692,353.9903620000696,1.0,0.7994702999712899,,,,,,,,,,,,,,,,,,,,,,09,001,male,24,2024-11-22_14h38.02.064,solo project,2024.2.1post4,59.48397650784959,2024-11-22 14h38.28.632910 +0530,
,,12,12,0,,,,,,,disgust,animal,,serious,old,1.0,2.3826187000377104,,,,,,,,,,,,,,,,,0,12,12,23,,,,,354.00582479999866,,,,,,,,,,,,,,,,,,,,,,,,,,,,,,,,,,,,353.9927440000465,354.00582479999866,354.00582479999866,356.3904431000119,1.0,2.3826187000377104,,,,,,,,,,,,,,,,,,,,,,09,001,male,24,2024-11-22_14h38.02.064,solo project,2024.2.1post4,59.48397650784959,2024-11-22 14h38.28.632910 +0530,
,,13,13,0,,,,,,,None,None,,lightbulb,new,2.0,2.013584699947387,,,,,,,,,,,,,,,,,0,13,13,40,,,,,356.4060788000934,,,,,,,,,,,,,,,,,,,,,,,,,,,,,,,,,,,,356.3945368999848,356.4060788000934,356.4060788000934,358.42347380006686,2.0,2.013584699947387,,,,,,,,,,,,,,,,,,,,,,09,001,male,24,2024-11-22_14h38.02.064,solo project,2024.2.1post4,59.48397650784959,2024-11-22 14h38.28.632910 +0530,
,,14,14,0,,,,,,,disgust,body product,,material,old,1.0,1.716484900098294,,,,,,,,,,,,,,,,,0,14,14,12,,,,,358.43950109998696,,,,,,,,,,,,,,,,,,,,,,,,,,,,,,,,,,,,358.4258524000179,358.43950109998696,358.43950109998696,360.1571230000118,1.0,1.716484900098294,,,,,,,,,,,,,,,,,,,,,,09,001,male,24,2024-11-22_14h38.02.064,solo project,2024.2.1post4,59.48397650784959,2024-11-22 14h38.28.632910 +0530,
,,15,15,0,,,,,,,None,None,,storm,new,2.0,1.465114799910225,,,,,,,,,,,,,,,,,0,15,15,52,,,,,360.17253109999,,,,,,,,,,,,,,,,,,,,,,,,,,,,,,,,,,,,360.1596583999926,360.17253109999,360.17253109999,361.6403458000859,2.0,1.465114799910225,,,,,,,,,,,,,,,,,,,,,,09,001,male,24,2024-11-22_14h38.02.064,solo project,2024.2.1post4,59.48397650784959,2024-11-22 14h38.28.632910 +0530,
,,16,16,0,,,,,,,neutral,hygeine,,rancid,old,1.0,2.1823379000416026,,,,,,,,,,,,,,,,,0,16,16,19,,,,,361.6563905000221,,,,,,,,,,,,,,,,,,,,,,,,,,,,,,,,,,,,361.6426444000099,361.6563905000221,361.6563905000221,363.84032820002176,1.0,2.1823379000416026,,,,,,,,,,,,,,,,,,,,,,09,001,male,24,2024-11-22_14h38.02.064,solo project,2024.2.1post4,59.48397650784959,2024-11-22 14h38.28.632910 +0530,
,,17,17,0,,,,,,,None,None,,contents,new,2.0,2.8488058999646455,,,,,,,,,,,,,,,,,0,17,17,32,,,,,363.8558946000412,,,,,,,,,,,,,,,,,,,,,,,,,,,,,,,,,,,,363.8428401000565,363.8558946000412,363.8558946000412,366.7074913000688,2.0,2.8488058999646455,,,,,,,,,,,,,,,,,,,,,,09,001,male,24,2024-11-22_14h38.02.064,solo project,2024.2.1post4,59.48397650784959,2024-11-22 14h38.28.632910 +0530,
,,18,18,0,,,,,,,neutral,food,,custom,old,1.0,1.5146325000096112,,,,,,,,,,,,,,,,,0,18,18,1,,,,,366.72273560008034,,,,,,,,,,,,,,,,,,,,,,,,,,,,,,,,,,,,366.70994960004464,366.72273560008034,366.72273560008034,368.240050500026,1.0,1.5146325000096112,,,,,,,,,,,,,,,,,,,,,,09,001,male,24,2024-11-22_14h38.02.064,solo project,2024.2.1post4,59.48397650784959,2024-11-22 14h38.28.632910 +0530,
,,19,19,0,,,,,,,neutral,animal,,nursery,old,1.0,1.365538700018078,,,,,,,,,,,,,,,,,0,19,19,15,,,,,368.255813100026,,,,,,,,,,,,,,,,,,,,,,,,,,,,,,,,,,,,368.2426974000409,368.255813100026,368.255813100026,369.6234334000619,1.0,1.365538700018078,,,,,,,,,,,,,,,,,,,,,,09,001,male,24,2024-11-22_14h38.02.064,solo project,2024.2.1post4,59.48397650784959,2024-11-22 14h38.28.632910 +0530,
,,20,20,0,,,,,,,disgust,animal,,ennui,old,1.0,0.7830172000685707,,,,,,,,,,,,,,,,,0,20,20,3,,,,,369.6397130000405,,,,,,,,,,,,,,,,,,,,,,,,,,,,,,,,,,,,369.62569350004196,369.6397130000405,369.6397130000405,370.4232032999862,1.0,0.7830172000685707,,,,,,,,,,,,,,,,,,,,,,09,001,male,24,2024-11-22_14h38.02.064,solo project,2024.2.1post4,59.48397650784959,2024-11-22 14h38.28.632910 +0530,
,,21,21,0,,,,,,,neutral,injury/infection,,village,old,1.0,0.7824314000317827,,,,,,,,,,,,,,,,,0,21,21,28,,,,,370.439295600052,,,,,,,,,,,,,,,,,,,,,,,,,,,,,,,,,,,,370.42573400004767,370.439295600052,370.439295600052,371.2233053999953,1.0,0.7824314000317827,,,,,,,,,,,,,,,,,,,,,,09,001,male,24,2024-11-22_14h38.02.064,solo project,2024.2.1post4,59.48397650784959,2024-11-22 14h38.28.632910 +0530,
,,22,22,0,,,,,,,None,None,,trunk,new,2.0,2.082241600030102,,,,,,,,,,,,,,,,,0,22,22,57,,,,,371.2389598999871,,,,,,,,,,,,,,,,,,,,,,,,,,,,,,,,,,,,371.2257908000611,371.2389598999871,371.2389598999871,373.3236072000582,2.0,2.082241600030102,,,,,,,,,,,,,,,,,,,,,,09,001,male,24,2024-11-22_14h38.02.064,solo project,2024.2.1post4,59.48397650784959,2024-11-22 14h38.28.632910 +0530,
,,23,23,0,,,,,,,None,None,,rough,new,2.0,1.632795299985446,,,,,,,,,,,,,,,,,0,23,23,46,,,,,373.3391016999958,,,,,,,,,,,,,,,,,,,,,,,,,,,,,,,,,,,,373.3257992999861,373.3391016999958,373.3391016999958,374.97329930006526,2.0,1.632795299985446,,,,,,,,,,,,,,,,,,,,,,09,001,male,24,2024-11-22_14h38.02.064,solo project,2024.2.1post4,59.48397650784959,2024-11-22 14h38.28.632910 +0530,
,,24,24,0,,,,,,,None,None,,shadow,new,2.0,0.916037300019525,,,,,,,,,,,,,,,,,0,24,24,50,,,,,374.98932689998765,,,,,,,,,,,,,,,,,,,,,,,,,,,,,,,,,,,,374.97574380005244,374.98932689998765,374.98932689998765,375.90717410005163,2.0,0.916037300019525,,,,,,,,,,,,,,,,,,,,,,09,001,male,24,2024-11-22_14h38.02.064,solo project,2024.2.1post4,59.48397650784959,2024-11-22 14h38.28.632910 +0530,
,,25,25,0,,,,,,,disgust,food,,stiff,old,1.0,1.9632192000281066,,,,,,,,,,,,,,,,,0,25,25,25,,,,,375.9223260000581,,,,,,,,,,,,,,,,,,,,,,,,,,,,,,,,,,,,375.91093470004853,375.9223260000581,375.9223260000581,377.89047430001665,1.0,1.9632192000281066,,,,,,,,,,,,,,,,,,,,,,09,001,male,24,2024-11-22_14h38.02.064,solo project,2024.2.1post4,59.48397650784959,2024-11-22 14h38.28.632910 +0530,
,,26,26,0,,,,,,,None,None,,hand,new,2.0,2.2152581000700593,,,,,,,,,,,,,,,,,0,26,26,35,,,,,377.90593060001265,,,,,,,,,,,,,,,,,,,,,,,,,,,,,,,,,,,,377.8927693000296,377.90593060001265,377.90593060001265,380.1236811000854,2.0,2.2152581000700593,,,,,,,,,,,,,,,,,,,,,,09,001,male,24,2024-11-22_14h38.02.064,solo project,2024.2.1post4,59.48397650784959,2024-11-22 14h38.28.632910 +0530,
,,27,27,0,,,,,,,None,None,,clock,new,2.0,1.8313730000518262,,,,,,,,,,,,,,,,,0,27,27,30,,,,,380.1389990000753,,,,,,,,,,,,,,,,,,,,,,,,,,,,,,,,,,,,380.1261382000521,380.1389990000753,380.1389990000753,381.9734699000837,2.0,1.8313730000518262,,,,,,,,,,,,,,,,,,,,,,09,001,male,24,2024-11-22_14h38.02.064,solo project,2024.2.1post4,59.48397650784959,2024-11-22 14h38.28.632910 +0530,
,,28,28,0,,,,,,,neutral,food,,privacy,old,1.0,1.9154940999578685,,,,,,,,,,,,,,,,,0,28,28,17,,,,,381.98891730001196,,,,,,,,,,,,,,,,,,,,,,,,,,,,,,,,,,,,381.9760536000831,381.98891730001196,381.98891730001196,383.90694790007547,1.0,1.9154940999578685,,,,,,,,,,,,,,,,,,,,,,09,001,male,24,2024-11-22_14h38.02.064,solo project,2024.2.1post4,59.48397650784959,2024-11-22 14h38.28.632910 +0530,
,,29,29,0,,,,,,,None,None,,tease,new,2.0,3.7484716000035405,,,,,,,,,,,,,,,,,0,29,29,54,,,,,383.9220557999797,,,,,,,,,,,,,,,,,,,,,,,,,,,,,,,,,,,,383.9093275000341,383.9220557999797,383.9220557999797,387.673368900083,2.0,3.7484716000035405,,,,,,,,,,,,,,,,,,,,,,09,001,male,24,2024-11-22_14h38.02.064,solo project,2024.2.1post4,59.48397650784959,2024-11-22 14h38.28.632910 +0530,
,,30,30,0,,,,,,,disgust,body product,,reverent,old,1.0,1.5985363000072539,,,,,,,,,,,,,,,,,0,30,30,22,,,,,387.6890566999791,,,,,,,,,,,,,,,,,,,,,,,,,,,,,,,,,,,,387.6758539000293,387.6890566999791,387.6890566999791,389.29004740004893,1.0,1.5985363000072539,,,,,,,,,,,,,,,,,,,,,,09,001,male,24,2024-11-22_14h38.02.064,solo project,2024.2.1post4,59.48397650784959,2024-11-22 14h38.28.632910 +0530,
,,31,31,0,,,,,,,None,None,,fabric,new,2.0,2.2482256001094356,,,,,,,,,,,,,,,,,0,31,31,34,,,,,389.305747800041,,,,,,,,,,,,,,,,,,,,,,,,,,,,,,,,,,,,389.2925051000202,389.305747800041,389.305747800041,391.5566810000455,2.0,2.2482256001094356,,,,,,,,,,,,,,,,,,,,,,09,001,male,24,2024-11-22_14h38.02.064,solo project,2024.2.1post4,59.48397650784959,2024-11-22 14h38.28.632910 +0530,
,,32,32,0,,,,,,,disgust,food,,radiator,old,1.0,2.5152519000694156,,,,,,,,,,,,,,,,,0,32,32,18,,,,,391.5725327000255,,,,,,,,,,,,,,,,,,,,,,,,,,,,,,,,,,,,391.5592313000234,391.5725327000255,391.5725327000255,394.0902437000768,1.0,2.5152519000694156,,,,,,,,,,,,,,,,,,,,,,09,001,male,24,2024-11-22_14h38.02.064,solo project,2024.2.1post4,59.48397650784959,2024-11-22 14h38.28.632910 +0530,
,,33,33,0,,,,,,,None,None,,hawk,new,2.0,1.9989165000151843,,,,,,,,,,,,,,,,,0,33,33,36,,,,,394.1055514999898,,,,,,,,,,,,,,,,,,,,,,,,,,,,,,,,,,,,394.09248290001415,394.1055514999898,394.1055514999898,396.1065212000394,2.0,1.9989165000151843,,,,,,,,,,,,,,,,,,,,,,09,001,male,24,2024-11-22_14h38.02.064,solo project,2024.2.1post4,59.48397650784959,2024-11-22 14h38.28.632910 +0530,
,,34,34,0,,,,,,,neutral,body product,,skeptical,old,1.0,1.5811194999841973,,,,,,,,,,,,,,,,,0,34,34,24,,,,,396.1220648000017,,,,,,,,,,,,,,,,,,,,,,,,,,,,,,,,,,,,396.1096658000024,396.1220648000017,396.1220648000017,397.70620530005544,1.0,1.5811194999841973,,,,,,,,,,,,,,,,,,,,,,09,001,male,24,2024-11-22_14h38.02.064,solo project,2024.2.1post4,59.48397650784959,2024-11-22 14h38.28.632910 +0530,
,,35,35,0,,,,,,,None,None,,medicine,new,2.0,2.4488919000141323,,,,,,,,,,,,,,,,,0,35,35,42,,,,,397.72207320004236,,,,,,,,,,,,,,,,,,,,,,,,,,,,,,,,,,,,397.70909810008015,397.72207320004236,397.72207320004236,400.1730010000756,2.0,2.4488919000141323,,,,,,,,,,,,,,,,,,,,,,09,001,male,24,2024-11-22_14h38.02.064,solo project,2024.2.1post4,59.48397650784959,2024-11-22 14h38.28.632910 +0530,
,,36,36,0,,,,,,,neutral,food,,trumpet,old,2.0,3.914625499979593,,,,,,,,,,,,,,,,,0,36,36,27,,,,,400.1888071000576,,,,,,,,,,,,,,,,,,,,,,,,,,,,,,,,,,,,400.1755336000351,400.1888071000576,400.1888071000576,404.1065715000732,2.0,3.914625499979593,,,,,,,,,,,,,,,,,,,,,,09,001,male,24,2024-11-22_14h38.02.064,solo project,2024.2.1post4,59.48397650784959,2024-11-22 14h38.28.632910 +0530,
,,37,37,0,,,,,,,None,None,,highway,new,1.0,2.6656414999160916,,,,,,,,,,,,,,,,,0,37,37,37,,,,,404.12184939999133,,,,,,,,,,,,,,,,,,,,,,,,,,,,,,,,,,,,404.10891619999893,404.12184939999133,404.12184939999133,406.7896780000301,1.0,2.6656414999160916,,,,,,,,,,,,,,,,,,,,,,09,001,male,24,2024-11-22_14h38.02.064,solo project,2024.2.1post4,59.48397650784959,2024-11-22 14h38.28.632910 +0530,
,,38,38,0,,,,,,,neutral,death,,wine,old,1.0,0.7483347000088543,,,,,,,,,,,,,,,,,0,38,38,29,,,,,406.80535080004483,,,,,,,,,,,,,,,,,,,,,,,,,,,,,,,,,,,,406.7918545000721,406.80535080004483,406.80535080004483,407.5558799999999,1.0,0.7483347000088543,,,,,,,,,,,,,,,,,,,,,,09,001,male,24,2024-11-22_14h38.02.064,solo project,2024.2.1post4,59.48397650784959,2024-11-22 14h38.28.632910 +0530,
,,39,39,0,,,,,,,neutral,hygeine,,hard,old,1.0,4.515395599999465,,,,,,,,,,,,,,,,,0,39,39,5,,,,,407.5718944000546,,,,,,,,,,,,,,,,,,,,,,,,,,,,,,,,,,,,407.5582070000237,407.5718944000546,407.5718944000546,412.08987110003363,1.0,4.515395599999465,,,,,,,,,,,,,,,,,,,,,,09,001,male,24,2024-11-22_14h38.02.064,solo project,2024.2.1post4,59.48397650784959,2024-11-22 14h38.28.632910 +0530,
,,40,40,0,,,,,,,disgust,injury/infection,,elevator,old,1.0,0.7646327000111341,,,,,,,,,,,,,,,,,0,40,40,2,,,,,412.10520210000686,,,,,,,,,,,,,,,,,,,,,,,,,,,,,,,,,,,,412.0921637000283,412.10520210000686,412.10520210000686,412.8728446000023,1.0,0.7646327000111341,,,,,,,,,,,,,,,,,,,,,,09,001,male,24,2024-11-22_14h38.02.064,solo project,2024.2.1post4,59.48397650784959,2024-11-22 14h38.28.632910 +0530,
,,41,41,0,,,,,,,disgust,injury/infection,,glacier,old,1.0,0.9651902000186965,,,,,,,,,,,,,,,,,0,41,41,4,,,,,412.88850120001007,,,,,,,,,,,,,,,,,,,,,,,,,,,,,,,,,,,,412.8752924000146,412.88850120001007,412.88850120001007,413.8570749000646,1.0,0.9651902000186965,,,,,,,,,,,,,,,,,,,,,,09,001,male,24,2024-11-22_14h38.02.064,solo project,2024.2.1post4,59.48397650784959,2024-11-22 14h38.28.632910 +0530,
,,42,42,0,,,,,,,neutral,death,,neurotic,old,1.0,1.1648984000785276,,,,,,,,,,,,,,,,,0,42,42,14,,,,,413.8722231000429,,,,,,,,,,,,,,,,,,,,,,,,,,,,,,,,,,,,413.8596708000405,413.8722231000429,413.8722231000429,415.0396941000363,1.0,1.1648984000785276,,,,,,,,,,,,,,,,,,,,,,09,001,male,24,2024-11-22_14h38.02.064,solo project,2024.2.1post4,59.48397650784959,2024-11-22 14h38.28.632910 +0530,
,,43,43,0,,,,,,,neutral,injury/infection,,stove,old,2.0,1.7154715000651777,,,,,,,,,,,,,,,,,0,43,43,26,,,,,415.05519320000894,,,,,,,,,,,,,,,,,,,,,,,,,,,,,,,,,,,,415.0419739000499,415.05519320000894,415.05519320000894,416.77289170003496,2.0,1.7154715000651777,,,,,,,,,,,,,,,,,,,,,,09,001,male,24,2024-11-22_14h38.02.064,solo project,2024.2.1post4,59.48397650784959,2024-11-22 14h38.28.632910 +0530,
,,44,44,0,,,,,,,disgust,food,,rattle,old,1.0,6.015080600045621,,,,,,,,,,,,,,,,,0,44,44,20,,,,,416.78869710001163,,,,,,,,,,,,,,,,,,,,,,,,,,,,,,,,,,,,416.77523400005884,416.78869710001163,416.78869710001163,422.80643200001214,1.0,6.015080600045621,,,,,,,,,,,,,,,,,,,,,,09,001,male,24,2024-11-22_14h38.02.064,solo project,2024.2.1post4,59.48397650784959,2024-11-22 14h38.28.632910 +0530,
,,45,45,0,,,,,,,disgust,animal,,journal,old,1.0,2.262355500017293,,,,,,,,,,,,,,,,,0,45,45,7,,,,,422.8216675000731,,,,,,,,,,,,,,,,,,,,,,,,,,,,,,,,,,,,422.81211210007314,422.8216675000731,422.8216675000731,425.08991109998897,1.0,2.262355500017293,,,,,,,,,,,,,,,,,,,,,,09,001,male,24,2024-11-22_14h38.02.064,solo project,2024.2.1post4,59.48397650784959,2024-11-22 14h38.28.632910 +0530,
,,46,46,0,,,,,,,None,None,,concentrate,new,1.0,1.7647550000110641,,,,,,,,,,,,,,,,,0,46,46,31,,,,,425.1054030000232,,,,,,,,,,,,,,,,,,,,,,,,,,,,,,,,,,,,425.0925264999969,425.1054030000232,425.1054030000232,426.87266570003703,1.0,1.7647550000110641,,,,,,,,,,,,,,,,,,,,,,09,001,male,24,2024-11-22_14h38.02.064,solo project,2024.2.1post4,59.48397650784959,2024-11-22 14h38.28.632910 +0530,
,,47,47,0,,,,,,,None,None,,lawn,new,2.0,2.049402799922973,,,,,,,,,,,,,,,,,0,47,47,39,,,,,426.88829200004693,,,,,,,,,,,,,,,,,,,,,,,,,,,,,,,,,,,,426.8749695000006,426.88829200004693,426.88829200004693,428.93951310007833,2.0,2.049402799922973,,,,,,,,,,,,,,,,,,,,,,09,001,male,24,2024-11-22_14h38.02.064,solo project,2024.2.1post4,59.48397650784959,2024-11-22 14h38.28.632910 +0530,
,,48,48,0,,,,,,,neutral,animal,,lighthouse,old,1.0,1.9815951000200585,,,,,,,,,,,,,,,,,0,48,48,9,,,,,428.9552935999818,,,,,,,,,,,,,,,,,,,,,,,,,,,,,,,,,,,,428.9424000000581,428.9552935999818,428.9552935999818,430.93908640008885,1.0,1.9815951000200585,,,,,,,,,,,,,,,,,,,,,,09,001,male,24,2024-11-22_14h38.02.064,solo project,2024.2.1post4,59.48397650784959,2024-11-22 14h38.28.632910 +0530,
,,49,49,0,,,,,,,None,None,,watch,new,2.0,5.932715300004929,,,,,,,,,,,,,,,,,0,49,49,58,,,,,430.95503319997806,,,,,,,,,,,,,,,,,,,,,,,,,,,,,,,,,,,,430.94136480009183,430.95503319997806,430.95503319997806,436.889583399985,2.0,5.932715300004929,,,,,,,,,,,,,,,,,,,,,,09,001,male,24,2024-11-22_14h38.02.064,solo project,2024.2.1post4,59.48397650784959,2024-11-22 14h38.28.632910 +0530,
,,50,50,0,,,,,,,None,None,,truck,new,2.0,1.5482581000542268,,,,,,,,,,,,,,,,,0,50,50,56,,,,,436.90538630005904,,,,,,,,,,,,,,,,,,,,,,,,,,,,,,,,,,,,436.8921109000221,436.90538630005904,436.90538630005904,438.45573899999727,2.0,1.5482581000542268,,,,,,,,,,,,,,,,,,,,,,09,001,male,24,2024-11-22_14h38.02.064,solo project,2024.2.1post4,59.48397650784959,2024-11-22 14h38.28.632910 +0530,
,,51,51,0,,,,,,,disgust,body product,,passage,old,1.0,4.1158983000786975,,,,,,,,,,,,,,,,,0,51,51,16,,,,,438.47139610000886,,,,,,,,,,,,,,,,,,,,,,,,,,,,,,,,,,,,438.458098800038,438.47139610000886,438.47139610000886,442.5889464999782,1.0,4.1158983000786975,,,,,,,,,,,,,,,,,,,,,,09,001,male,24,2024-11-22_14h38.02.064,solo project,2024.2.1post4,59.48397650784959,2024-11-22 14h38.28.632910 +0530,
,,52,52,0,,,,,,,neutral,animal,,coast,old,2.0,2.5483654000563547,,,,,,,,,,,,,,,,,0,52,52,0,,,,,442.60476460005157,,,,,,,,,,,,,,,,,,,,,,,,,,,,,,,,,,,,442.59118300001137,442.60476460005157,442.60476460005157,445.15596320002805,2.0,2.5483654000563547,,,,,,,,,,,,,,,,,,,,,,09,001,male,24,2024-11-22_14h38.02.064,solo project,2024.2.1post4,59.48397650784959,2024-11-22 14h38.28.632910 +0530,
,,53,53,0,,,,,,,disgust,death,,mischief,old,1.0,2.014692400000058,,,,,,,,,,,,,,,,,0,53,53,13,,,,,445.1716831000522,,,,,,,,,,,,,,,,,,,,,,,,,,,,,,,,,,,,445.159043700085,445.1716831000522,445.1716831000522,447.18914410006255,1.0,2.014692400000058,,,,,,,,,,,,,,,,,,,,,,09,001,male,24,2024-11-22_14h38.02.064,solo project,2024.2.1post4,59.48397650784959,2024-11-22 14h38.28.632910 +0530,
,,54,54,0,,,,,,,None,None,,teacher,new,2.0,1.6654976999852806,,,,,,,,,,,,,,,,,0,54,54,53,,,,,447.20477349997964,,,,,,,,,,,,,,,,,,,,,,,,,,,,,,,,,,,,447.19148969999515,447.20477349997964,447.20477349997964,448.8722852000501,2.0,1.6654976999852806,,,,,,,,,,,,,,,,,,,,,,09,001,male,24,2024-11-22_14h38.02.064,solo project,2024.2.1post4,59.48397650784959,2024-11-22 14h38.28.632910 +0530,
,,55,55,0,,,,,,,None,None,,detail,new,2.0,1.8814142000628635,,,,,,,,,,,,,,,,,0,55,55,33,,,,,448.8880370000843,,,,,,,,,,,,,,,,,,,,,,,,,,,,,,,,,,,,448.8747276000213,448.8880370000843,448.8880370000843,450.7723336000927,2.0,1.8814142000628635,,,,,,,,,,,,,,,,,,,,,,09,001,male,24,2024-11-22_14h38.02.064,solo project,2024.2.1post4,59.48397650784959,2024-11-22 14h38.28.632910 +0530,
,,56,56,0,,,,,,,None,None,,paint,new,2.0,1.0316385000478476,,,,,,,,,,,,,,,,,0,56,56,43,,,,,450.78799720003735,,,,,,,,,,,,,,,,,,,,,,,,,,,,,,,,,,,,450.7748344000429,450.78799720003735,450.78799720003735,451.8237986000022,2.0,1.0316385000478476,,,,,,,,,,,,,,,,,,,,,,09,001,male,24,2024-11-22_14h38.02.064,solo project,2024.2.1post4,59.48397650784959,2024-11-22 14h38.28.632910 +0530,
,,57,57,0,,,,,,,None,None,,sentiment,new,2.0,1.5305523000424728,,,,,,,,,,,,,,,,,0,57,57,49,,,,,451.838099900051,,,,,,,,,,,,,,,,,,,,,,,,,,,,,,,,,,,,451.82653660001233,451.838099900051,451.838099900051,453.3724943000125,2.0,1.5305523000424728,,,,,,,,,,,,,,,,,,,,,,09,001,male,24,2024-11-22_14h38.02.064,solo project,2024.2.1post4,59.48397650784959,2024-11-22 14h38.28.632910 +0530,
,,58,58,0,,,,,,,None,None,,salute,new,2.0,2.3150278000393882,,,,,,,,,,,,,,,,,0,58,58,47,,,,,453.3879829000216,,,,,,,,,,,,,,,,,,,,,,,,,,,,,,,,,,,,453.3749646000797,453.3879829000216,453.3879829000216,455.7055417000083,2.0,2.3150278000393882,,,,,,,,,,,,,,,,,,,,,,09,001,male,24,2024-11-22_14h38.02.064,solo project,2024.2.1post4,59.48397650784959,2024-11-22 14h38.28.632910 +0530,
,,59,59,0,,,,,,,disgust,hygeine,,manner,old,1.0,1.865898699965328,,,,,,,,,,,,,,,,,0,59,59,11,,,,,455.7213238000404,,,,,,,,,,,,,,,,,,,,,,,,,,,,,,,,,,,,455.7078129000729,455.7213238000404,455.7213238000404,457.5890733000124,1.0,1.865898699965328,,,,,,,,,,,,,,,,,,,,,,09,001,male,24,2024-11-22_14h38.02.064,solo project,2024.2.1post4,59.48397650784959,2024-11-22 14h38.28.632910 +0530,
,,,,,,,,,,,,,,,,,,,,,,,,,,,,,,,,,,,,,,,,,,,,,,,,,,,,,,,,,,,,,,,,,,,,,,,,,,,,,,,,,,,,457.58969390008133,463.54019020008855,1,[5.934621100081131],[5.934627300011925],,,,,,,,,,,,,,,,,09,001,male,24,2024-11-22_14h38.02.064,solo project,2024.2.1post4,59.48397650784959,2024-11-22 14h38.28.632910 +0530,
,,,,,,,,,,,,,,,,,,,,,,,,,,,,,,,,,,,,,,,,,,,,,,,,,,,,,,,,,,,,,,,,,,,,,,,,,,,,,,,,,,,,,,,,,463.54029240005184,466.67285289999563,space,3.128563799895346,None,,,,,,,,,,,,09,001,male,24,2024-11-22_14h38.02.064,solo project,2024.2.1post4,59.48397650784959,2024-11-22 14h38.28.632910 +0530,
,,,,,,,,,,,,,,,,,,,,,,,,,,,,,,,,,,,,,,,,,,,,,,,,,,,,,,,,,,,,,,,,,,,,,,,,,,,,,,,,,,,,,,,,,,,,,,466.6729030000279,472.0227666000137,space,5.3355395999969915,None,,,,,,,09,001,male,24,2024-11-22_14h38.02.064,solo project,2024.2.1post4,59.48397650784959,2024-11-22 14h38.28.632910 +0530,
,,0,0,0,,,,,,,,,,,,,,1,Telephoning in public,2.0,1.0,,,,,,,,,,,,,,,,,0,0,0,0,472.05704460002016,,,,,,,,,,,,,,,,,,,,,,,,,,,,,,,,,,,,,,,,,,,,,,,,,,,,,,,,,472.03478980006184,472.05704460002016,472.05704460002016,494.8405555000063,2.0,1.0,09,001,male,24,2024-11-22_14h38.02.064,solo project,2024.2.1post4,59.48397650784959,2024-11-22 14h38.28.632910 +0530,
,,1,1,0,,,,,,,,,,,,,,2,Participating in small groups,0.0,0.0,,,,,,,,,,,,,,,,,0,1,1,1,494.860725000035,,,,,,,,,,,,,,,,,,,,,,,,,,,,,,,,,,,,,,,,,,,,,,,,,,,,,,,,,494.84469779999927,494.860725000035,494.860725000035,501.00641190004535,0.0,0.0,09,001,male,24,2024-11-22_14h38.02.064,solo project,2024.2.1post4,59.48397650784959,2024-11-22 14h38.28.632910 +0530,
,,2,2,0,,,,,,,,,,,,,,3,Eating in public places,0.0,0.0,,,,,,,,,,,,,,,,,0,2,2,2,501.02534629998263,,,,,,,,,,,,,,,,,,,,,,,,,,,,,,,,,,,,,,,,,,,,,,,,,,,,,,,,,501.0099240000127,501.02534629998263,501.02534629998263,508.2980427000439,0.0,0.0,09,001,male,24,2024-11-22_14h38.02.064,solo project,2024.2.1post4,59.48397650784959,2024-11-22 14h38.28.632910 +0530,
,,3,3,0,,,,,,,,,,,,,,4,Drinking with others in public places,1.0,2.0,,,,,,,,,,,,,,,,,0,3,3,3,508.3173227000516,,,,,,,,,,,,,,,,,,,,,,,,,,,,,,,,,,,,,,,,,,,,,,,,,,,,,,,,,508.3023517000256,508.3173227000516,508.3173227000516,515.0479608000023,1.0,2.0,09,001,male,24,2024-11-22_14h38.02.064,solo project,2024.2.1post4,59.48397650784959,2024-11-22 14h38.28.632910 +0530,
,,4,4,0,,,,,,,,,,,,,,5,Talking to people in authority,0.0,0.0,,,,,,,,,,,,,,,,,0,4,4,4,515.0663623000728,,,,,,,,,,,,,,,,,,,,,,,,,,,,,,,,,,,,,,,,,,,,,,,,,,,,,,,,,515.0510624999879,515.0663623000728,515.0663623000728,520.4383859999944,0.0,0.0,09,001,male,24,2024-11-22_14h38.02.064,solo project,2024.2.1post4,59.48397650784959,2024-11-22 14h38.28.632910 +0530,
,,5,5,0,,,,,,,,,,,,,,6,"Acting, performing, or giving a talk in front of an audience",0.0,0.0,,,,,,,,,,,,,,,,,0,5,5,5,520.4579496000661,,,,,,,,,,,,,,,,,,,,,,,,,,,,,,,,,,,,,,,,,,,,,,,,,,,,,,,,,520.4427669000579,520.4579496000661,520.4579496000661,527.5799115999835,0.0,0.0,09,001,male,24,2024-11-22_14h38.02.064,solo project,2024.2.1post4,59.48397650784959,2024-11-22 14h38.28.632910 +0530,
,,6,6,0,,,,,,,,,,,,,,7,Going to a party,0.0,0.0,,,,,,,,,,,,,,,,,0,6,6,6,527.5992669999832,,,,,,,,,,,,,,,,,,,,,,,,,,,,,,,,,,,,,,,,,,,,,,,,,,,,,,,,,527.5840324000455,527.5992669999832,527.5992669999832,531.0288664000109,0.0,0.0,09,001,male,24,2024-11-22_14h38.02.064,solo project,2024.2.1post4,59.48397650784959,2024-11-22 14h38.28.632910 +0530,
,,7,7,0,,,,,,,,,,,,,,8,Working while being observed,2.0,2.0,,,,,,,,,,,,,,,,,0,7,7,7,531.0478695000056,,,,,,,,,,,,,,,,,,,,,,,,,,,,,,,,,,,,,,,,,,,,,,,,,,,,,,,,,531.0326708999928,531.0478695000056,531.0478695000056,536.3957731000846,2.0,2.0,09,001,male,24,2024-11-22_14h38.02.064,solo project,2024.2.1post4,59.48397650784959,2024-11-22 14h38.28.632910 +0530,
,,8,8,0,,,,,,,,,,,,,,9,Writing while being observed,0.0,0.0,,,,,,,,,,,,,,,,,0,8,8,8,536.4142241000663,,,,,,,,,,,,,,,,,,,,,,,,,,,,,,,,,,,,,,,,,,,,,,,,,,,,,,,,,536.3988258000463,536.4142241000663,536.4142241000663,540.9809381000232,0.0,0.0,09,001,male,24,2024-11-22_14h38.02.064,solo project,2024.2.1post4,59.48397650784959,2024-11-22 14h38.28.632910 +0530,
,,9,9,0,,,,,,,,,,,,,,10,Calling someone you don't know very well,1.0,1.0,,,,,,,,,,,,,,,,,0,9,9,9,541.0002029000316,,,,,,,,,,,,,,,,,,,,,,,,,,,,,,,,,,,,,,,,,,,,,,,,,,,,,,,,,540.9854701000731,541.0002029000316,541.0002029000316,547.6667445000494,1.0,1.0,09,001,male,24,2024-11-22_14h38.02.064,solo project,2024.2.1post4,59.48397650784959,2024-11-22 14h38.28.632910 +0530,
,,10,10,0,,,,,,,,,,,,,,11,Talking with people you don't know very well,1.0,1.0,,,,,,,,,,,,,,,,,0,10,10,10,547.685257300036,,,,,,,,,,,,,,,,,,,,,,,,,,,,,,,,,,,,,,,,,,,,,,,,,,,,,,,,,547.6703411000781,547.685257300036,547.685257300036,553.3264198000543,1.0,1.0,09,001,male,24,2024-11-22_14h38.02.064,solo project,2024.2.1post4,59.48397650784959,2024-11-22 14h38.28.632910 +0530,
,,11,11,0,,,,,,,,,,,,,,12,Meeting strangers,0.0,0.0,,,,,,,,,,,,,,,,,0,11,11,11,553.3456812000368,,,,,,,,,,,,,,,,,,,,,,,,,,,,,,,,,,,,,,,,,,,,,,,,,,,,,,,,,553.3303008000366,553.3456812000368,553.3456812000368,557.0431072000647,0.0,0.0,09,001,male,24,2024-11-22_14h38.02.064,solo project,2024.2.1post4,59.48397650784959,2024-11-22 14h38.28.632910 +0530,
,,12,12,0,,,,,,,,,,,,,,13,Urinating in a public bathroom,0.0,0.0,,,,,,,,,,,,,,,,,0,12,12,12,557.0620934000472,,,,,,,,,,,,,,,,,,,,,,,,,,,,,,,,,,,,,,,,,,,,,,,,,,,,,,,,,557.0472790000495,557.0620934000472,557.0620934000472,560.7324658000143,0.0,0.0,09,001,male,24,2024-11-22_14h38.02.064,solo project,2024.2.1post4,59.48397650784959,2024-11-22 14h38.28.632910 +0530,
,,13,13,0,,,,,,,,,,,,,,14,Entering a room when others are already seated,0.0,0.0,,,,,,,,,,,,,,,,,0,13,13,13,560.7509829000337,,,,,,,,,,,,,,,,,,,,,,,,,,,,,,,,,,,,,,,,,,,,,,,,,,,,,,,,,560.7361053000204,560.7509829000337,560.7509829000337,567.240988100064,0.0,0.0,09,001,male,24,2024-11-22_14h38.02.064,solo project,2024.2.1post4,59.48397650784959,2024-11-22 14h38.28.632910 +0530,
,,14,14,0,,,,,,,,,,,,,,15,Being the center of attention,0.0,0.0,,,,,,,,,,,,,,,,,0,14,14,14,567.2602185000433,,,,,,,,,,,,,,,,,,,,,,,,,,,,,,,,,,,,,,,,,,,,,,,,,,,,,,,,,567.2453904000577,567.2602185000433,567.2602185000433,571.0634398000548,0.0,0.0,09,001,male,24,2024-11-22_14h38.02.064,solo project,2024.2.1post4,59.48397650784959,2024-11-22 14h38.28.632910 +0530,
,,15,15,0,,,,,,,,,,,,,,16,Speaking up at a meeting,0.0,0.0,,,,,,,,,,,,,,,,,0,15,15,15,571.0821652000304,,,,,,,,,,,,,,,,,,,,,,,,,,,,,,,,,,,,,,,,,,,,,,,,,,,,,,,,,571.0671127000824,571.0821652000304,571.0821652000304,574.9624321000883,0.0,0.0,09,001,male,24,2024-11-22_14h38.02.064,solo project,2024.2.1post4,59.48397650784959,2024-11-22 14h38.28.632910 +0530,
,,16,16,0,,,,,,,,,,,,,,17,Taking a test,0.0,0.0,,,,,,,,,,,,,,,,,0,16,16,16,574.9800489000045,,,,,,,,,,,,,,,,,,,,,,,,,,,,,,,,,,,,,,,,,,,,,,,,,,,,,,,,,574.9651654000627,574.9800489000045,574.9800489000045,577.7550380000612,0.0,0.0,09,001,male,24,2024-11-22_14h38.02.064,solo project,2024.2.1post4,59.48397650784959,2024-11-22 14h38.28.632910 +0530,
,,17,17,0,,,,,,,,,,,,,,18,Expressing a disagreement or disapproval to people you don’t know very well,1.0,1.0,,,,,,,,,,,,,,,,,0,17,17,17,577.7756892000325,,,,,,,,,,,,,,,,,,,,,,,,,,,,,,,,,,,,,,,,,,,,,,,,,,,,,,,,,577.7606244999915,577.7756892000325,577.7756892000325,581.3037514000898,1.0,1.0,09,001,male,24,2024-11-22_14h38.02.064,solo project,2024.2.1post4,59.48397650784959,2024-11-22 14h38.28.632910 +0530,
,,18,18,0,,,,,,,,,,,,,,19,Looking at people you don't know very well in the eyes,0.0,0.0,,,,,,,,,,,,,,,,,0,18,18,18,581.3241080000298,,,,,,,,,,,,,,,,,,,,,,,,,,,,,,,,,,,,,,,,,,,,,,,,,,,,,,,,,581.3085213000886,581.3241080000298,581.3241080000298,585.2587102000834,0.0,0.0,09,001,male,24,2024-11-22_14h38.02.064,solo project,2024.2.1post4,59.48397650784959,2024-11-22 14h38.28.632910 +0530,
,,19,19,0,,,,,,,,,,,,,,20,Giving a report to a group,0.0,0.0,,,,,,,,,,,,,,,,,0,19,19,19,585.2767103000078,,,,,,,,,,,,,,,,,,,,,,,,,,,,,,,,,,,,,,,,,,,,,,,,,,,,,,,,,585.2616665000096,585.2767103000078,585.2767103000078,588.0745631000027,0.0,0.0,09,001,male,24,2024-11-22_14h38.02.064,solo project,2024.2.1post4,59.48397650784959,2024-11-22 14h38.28.632910 +0530,
,,20,20,0,,,,,,,,,,,,,,21,Trying to pick up someone,0.0,0.0,,,,,,,,,,,,,,,,,0,20,20,20,588.092215700075,,,,,,,,,,,,,,,,,,,,,,,,,,,,,,,,,,,,,,,,,,,,,,,,,,,,,,,,,588.0774429000448,588.092215700075,588.092215700075,590.8955524000339,0.0,0.0,09,001,male,24,2024-11-22_14h38.02.064,solo project,2024.2.1post4,59.48397650784959,2024-11-22 14h38.28.632910 +0530,
,,21,21,0,,,,,,,,,,,,,,22,Returning goods to a store,0.0,0.0,,,,,,,,,,,,,,,,,0,21,21,21,590.9160132000688,,,,,,,,,,,,,,,,,,,,,,,,,,,,,,,,,,,,,,,,,,,,,,,,,,,,,,,,,590.9002032000571,590.9160132000688,590.9160132000688,594.775818800088,0.0,0.0,09,001,male,24,2024-11-22_14h38.02.064,solo project,2024.2.1post4,59.48397650784959,2024-11-22 14h38.28.632910 +0530,
,,22,22,0,,,,,,,,,,,,,,23,Giving a party,1.0,1.0,,,,,,,,,,,,,,,,,0,22,22,22,594.7941274000332,,,,,,,,,,,,,,,,,,,,,,,,,,,,,,,,,,,,,,,,,,,,,,,,,,,,,,,,,594.7786267000483,594.7941274000332,594.7941274000332,597.7262956000632,1.0,1.0,09,001,male,24,2024-11-22_14h38.02.064,solo project,2024.2.1post4,59.48397650784959,2024-11-22 14h38.28.632910 +0530,
,,23,23,0,,,,,,,,,,,,,,24,Resisting a high pressure salesperson,0.0,0.0,,,,,,,,,,,,,,,,,0,23,23,23,597.7450787000125,,,,,,,,,,,,,,,,,,,,,,,,,,,,,,,,,,,,,,,,,,,,,,,,,,,,,,,,,597.7296168000903,597.7450787000125,597.7450787000125,601.6308289000299,0.0,0.0,09,001,male,24,2024-11-22_14h38.02.064,solo project,2024.2.1post4,59.48397650784959,2024-11-22 14h38.28.632910 +0530,
