﻿no_per,dsr_per,thisN,thisTrialN,thisRepN,slider.response,slider.rt,no_exp,dsr_exp,slider_2.response,imagefile,type,subtype,study_word,test_word,old_new,slider_3.response,slider_3.rt,lsas_no,lsas_situation,slider_4.response,slider_5.response,trials.thisRepN,trials.thisTrialN,trials.thisN,trials.thisIndex,trials_2.thisRepN,trials_2.thisTrialN,trials_2.thisN,trials_2.thisIndex,trials_3.thisRepN,trials_3.thisTrialN,trials_3.thisN,trials_3.thisIndex,trials_4.thisRepN,trials_4.thisTrialN,trials_4.thisN,trials_4.thisIndex,trials_5.thisRepN,trials_5.thisTrialN,trials_5.thisN,trials_5.thisIndex,thisRow.t,notes,consent.started,consent.stopped,button.numClicks,button.timesOn,button.timesOff,dsr_personal.started,text.started,question.started,slider.started,dsr_personal.stopped,trials.slider.response,trials.slider.rt,dsr_experience.started,dsr_experience.stopped,trials_2.slider_2.response,instr.started,instr.stopped,key_resp.keys,key_resp.rt,key_resp.duration,encoding.started,fixation.started,study_image.started,studyword.started,fixation.stopped,study_image.stopped,studyword.stopped,encoding.stopped,test_instruction.started,key_resp_2.started,test_instruction.stopped,key_resp_2.keys,key_resp_2.rt,key_resp_2.duration,testing.started,t_word.started,slider_3.started,testing.stopped,trials_4.slider_3.response,trials_4.slider_3.rt,end.started,end.stopped,button_2.numClicks,button_2.timesOn,button_2.timesOff,brk.started,brk.stopped,key_resp_3.keys,key_resp_3.rt,key_resp_3.duration,lsas_instr.started,lsas_instr.stopped,key_resp_4.keys,key_resp_4.rt,key_resp_4.duration,lsas.started,text_2.started,text_3.started,lsas.stopped,trials_5.slider_4.response,trials_5.slider_5.response,participant,session,sex,age,date,expName,psychopyVersion,frameRate,expStart,
,,,,,,,,,,,,,,,,,,,,,,,,,,,,,,,,,,,,,,,,,,,,0.0077420000452548265,21.580927500035614,1,[21.566524699912407],[21.566531999967992],,,,,,,,,,,,,,,,,,,,,,,,,,,,,,,,,,,,,,,,,,,,,,,,,,,,,,,,,10,001,male,24,2024-11-22_14h49.31.651,solo project,2024.2.1post4,59.55511141632895,2024-11-22 14h49.54.497765 +0530,
1,"I might be willing to try eating monkey meat, under some circumstances.",0,0,0,0.0,7.951428600004874,,,,,,,,,,,,,,,,0,0,0,0,,,,,,,,,,,,,,,,,21.61228779994417,,,,,,,21.598211399978027,21.61228779994417,21.61228779994417,21.61228779994417,29.565709399990737,0.0,7.951428600004874,,,,,,,,,,,,,,,,,,,,,,,,,,,,,,,,,,,,,,,,,,,,,,,,,,10,001,male,24,2024-11-22_14h49.31.651,solo project,2024.2.1post4,59.55511141632895,2024-11-22 14h49.54.497765 +0530,
2,It would bother me to be in a science class and to see a human preserved in a jar.,1,1,0,2.0,16.178598300088197,,,,,,,,,,,,,,,,0,1,1,1,,,,,,,,,,,,,,,,,29.581122000003234,,,,,,,29.570775900036097,29.581122000003234,29.581122000003234,29.581122000003234,45.76538780005649,2.0,16.178598300088197,,,,,,,,,,,,,,,,,,,,,,,,,,,,,,,,,,,,,,,,,,,,,,,,,,10,001,male,24,2024-11-22_14h49.31.651,solo project,2024.2.1post4,59.55511141632895,2024-11-22 14h49.54.497765 +0530,
3,It bothers me to hear someone clear a throat full of mucous.,2,2,0,1.0,10.713877399917692,,,,,,,,,,,,,,,,0,2,2,2,,,,,,,,,,,,,,,,,45.780799399944954,,,,,,,45.76945839996915,45.780799399944954,45.780799399944954,45.780799399944954,56.49860309995711,1.0,10.713877399917692,,,,,,,,,,,,,,,,,,,,,,,,,,,,,,,,,,,,,,,,,,,,,,,,,,10,001,male,24,2024-11-22_14h49.31.651,solo project,2024.2.1post4,59.55511141632895,2024-11-22 14h49.54.497765 +0530,
4,I never let any part of my body touch the toilet seat in public restrooms.,3,3,0,3.0,18.079795100027695,,,,,,,,,,,,,,,,0,3,3,3,,,,,,,,,,,,,,,,,56.514231499983,,,,,,,56.50207919999957,56.514231499983,56.514231499983,56.514231499983,74.59856760001276,3.0,18.079795100027695,,,,,,,,,,,,,,,,,,,,,,,,,,,,,,,,,,,,,,,,,,,,,,,,,,10,001,male,24,2024-11-22_14h49.31.651,solo project,2024.2.1post4,59.55511141632895,2024-11-22 14h49.54.497765 +0530,
5,I would go out of my way to avoid walking through a graveyard.,4,4,0,4.0,19.847355199977756,,,,,,,,,,,,,,,,0,4,4,4,,,,,,,,,,,,,,,,,74.61358849995304,,,,,,,74.60238279995974,74.61358849995304,74.61358849995304,74.61358849995304,94.46464140003081,4.0,19.847355199977756,,,,,,,,,,,,,,,,,,,,,,,,,,,,,,,,,,,,,,,,,,,,,,,,,,10,001,male,24,2024-11-22_14h49.31.651,solo project,2024.2.1post4,59.55511141632895,2024-11-22 14h49.54.497765 +0530,
6,Seeing a cockroach in someone else's house doesn't bother me.,5,5,0,4.0,5.712323199957609,,,,,,,,,,,,,,,,0,5,5,5,,,,,,,,,,,,,,,,,94.48034829995595,,,,,,,94.46984379994683,94.48034829995595,94.48034829995595,94.48034829995595,100.19781419995707,4.0,5.712323199957609,,,,,,,,,,,,,,,,,,,,,,,,,,,,,,,,,,,,,,,,,,,,,,,,,,10,001,male,24,2024-11-22_14h49.31.651,solo project,2024.2.1post4,59.55511141632895,2024-11-22 14h49.54.497765 +0530,
7,It would bother me tremendously to touch a dead body.,6,6,0,0.0,6.7641934000421315,,,,,,,,,,,,,,,,0,6,6,6,,,,,,,,,,,,,,,,,100.2135288999416,,,,,,,100.20082949998323,100.2135288999416,100.2135288999416,100.2135288999416,106.98068070004229,0.0,6.7641934000421315,,,,,,,,,,,,,,,,,,,,,,,,,,,,,,,,,,,,,,,,,,,,,,,,,,10,001,male,24,2024-11-22_14h49.31.651,solo project,2024.2.1post4,59.55511141632895,2024-11-22 14h49.54.497765 +0530,
8,"If I see someone vomit, it makes me sick to my stomach.",7,7,0,0.0,12.198528900044039,,,,,,,,,,,,,,,,0,7,7,7,,,,,,,,,,,,,,,,,106.99637850001454,,,,,,,106.98370410001371,106.99637850001454,106.99637850001454,106.99637850001454,119.19747480005026,0.0,12.198528900044039,,,,,,,,,,,,,,,,,,,,,,,,,,,,,,,,,,,,,,,,,,,,,,,,,,10,001,male,24,2024-11-22_14h49.31.651,solo project,2024.2.1post4,59.55511141632895,2024-11-22 14h49.54.497765 +0530,
9,I probably would not go to my favorite restaurant if I found out that the cook had a cold.,8,8,0,0.0,14.063700100057758,,,,,,,,,,,,,,,,0,8,8,8,,,,,,,,,,,,,,,,,119.2128187000053,,,,,,,119.20131130004302,119.2128187000053,119.2128187000053,119.2128187000053,133.28094440000132,0.0,14.063700100057758,,,,,,,,,,,,,,,,,,,,,,,,,,,,,,,,,,,,,,,,,,,,,,,,,,10,001,male,24,2024-11-22_14h49.31.651,solo project,2024.2.1post4,59.55511141632895,2024-11-22 14h49.54.497765 +0530,
10,It would not upset me at all to watch a person with a glass eye take the eye out of the socket.,9,9,0,2.0,38.11366499995347,,,,,,,,,,,,,,,,0,9,9,9,,,,,,,,,,,,,,,,,133.29579929995816,,,,,,,133.28483659995254,133.29579929995816,133.29579929995816,133.29579929995816,171.4134359000018,2.0,38.11366499995347,,,,,,,,,,,,,,,,,,,,,,,,,,,,,,,,,,,,,,,,,,,,,,,,,,10,001,male,24,2024-11-22_14h49.31.651,solo project,2024.2.1post4,59.55511141632895,2024-11-22 14h49.54.497765 +0530,
11,It would bother me to see a rat run across my path in a park.,10,10,0,1.0,10.71502840006724,,,,,,,,,,,,,,,,0,10,10,10,,,,,,,,,,,,,,,,,171.4288961000275,,,,,,,171.41680260002613,171.4288961000275,171.4288961000275,171.4288961000275,182.14698520000093,1.0,10.71502840006724,,,,,,,,,,,,,,,,,,,,,,,,,,,,,,,,,,,,,,,,,,,,,,,,,,10,001,male,24,2024-11-22_14h49.31.651,solo project,2024.2.1post4,59.55511141632895,2024-11-22 14h49.54.497765 +0530,
12,I would rather eat a piece of fruit than a piece of paper.,11,11,0,4.0,29.530740099959075,,,,,,,,,,,,,,,,0,11,11,11,,,,,,,,,,,,,,,,,182.16250920004677,,,,,,,182.1500936000375,182.16250920004677,182.16250920004677,182.16250920004677,211.69654080003966,4.0,29.530740099959075,,,,,,,,,,,,,,,,,,,,,,,,,,,,,,,,,,,,,,,,,,,,,,,,,,10,001,male,24,2024-11-22_14h49.31.651,solo project,2024.2.1post4,59.55511141632895,2024-11-22 14h49.54.497765 +0530,
13,"Even if I was hungry, I would not drink a bowl of my favorite soup if It had been stirred by a used but thoroughly washed flyswatter.",12,12,0,4.0,37.86103709996678,,,,,,,,,,,,,,,,0,12,12,12,,,,,,,,,,,,,,,,,211.7124768999638,,,,,,,211.70244989998173,211.7124768999638,211.7124768999638,211.7124768999638,249.5789400000358,4.0,37.86103709996678,,,,,,,,,,,,,,,,,,,,,,,,,,,,,,,,,,,,,,,,,,,,,,,,,,10,001,male,24,2024-11-22_14h49.31.651,solo project,2024.2.1post4,59.55511141632895,2024-11-22 14h49.54.497765 +0530,
14,It would bother me to sleep in a nice hotel room if I knew that a man had died of a heart attack in that room the night before.,13,13,0,0.0,13.945541799999774,,,,,,,,,,,,,,,,0,13,13,13,,,,,,,,,,,,,,,,,249.59432969999034,,,,,,,249.5840315000387,249.59432969999034,249.59432969999034,249.59432969999034,263.54588390002027,0.0,13.945541799999774,,,,,,,,,,,,,,,,,,,,,,,,,,,,,,,,,,,,,,,,,,,,,,,,,,10,001,male,24,2024-11-22_14h49.31.651,solo project,2024.2.1post4,59.55511141632895,2024-11-22 14h49.54.497765 +0530,
,,0,0,0,,,15,You see maggots on a piece of meat in an outdoor or garbage pail.,0.0,,,,,,,,,,,,,,,,,0,0,0,0,,,,,,,,,,,,,263.5691412000451,,,,,,,,,,,,,,263.5549340000143,313.9282417000504,0.0,,,,,,,,,,,,,,,,,,,,,,,,,,,,,,,,,,,,,,,,,,,,,,,10,001,male,24,2024-11-22_14h49.31.651,solo project,2024.2.1post4,59.55511141632895,2024-11-22 14h49.54.497765 +0530,
,,1,1,0,,,16,You see person eating apple with a knife and fork.,0.0,,,,,,,,,,,,,,,,,0,1,1,1,,,,,,,,,,,,,313.9436594999861,,,,,,,,,,,,,,313.93106430000626,336.2448859999422,0.0,,,,,,,,,,,,,,,,,,,,,,,,,,,,,,,,,,,,,,,,,,,,,,,10,001,male,24,2024-11-22_14h49.31.651,solo project,2024.2.1post4,59.55511141632895,2024-11-22 14h49.54.497765 +0530,
,,2,2,0,,,17,"While you are walking through a tunner under a railroad track, you smell urine.",4.0,,,,,,,,,,,,,,,,,0,2,2,2,,,,,,,,,,,,,336.2635956000304,,,,,,,,,,,,,,336.25068699999247,346.23596159997396,4.0,,,,,,,,,,,,,,,,,,,,,,,,,,,,,,,,,,,,,,,,,,,,,,,10,001,male,24,2024-11-22_14h49.31.651,solo project,2024.2.1post4,59.55511141632895,2024-11-22 14h49.54.497765 +0530,
,,3,3,0,,,18,"You take a sip of soda, an then realize that you drank from the glass that an acquaintance of yours had been drinking from.",0.0,,,,,,,,,,,,,,,,,0,3,3,3,,,,,,,,,,,,,346.2520790999988,,,,,,,,,,,,,,346.2420182999922,371.6857445000205,0.0,,,,,,,,,,,,,,,,,,,,,,,,,,,,,,,,,,,,,,,,,,,,,,,10,001,male,24,2024-11-22_14h49.31.651,solo project,2024.2.1post4,59.55511141632895,2024-11-22 14h49.54.497765 +0530,
,,4,4,0,,,19,"Your friend's pet cat dies, and you have to pick up the dead body with your bare hands.",0.0,,,,,,,,,,,,,,,,,0,4,4,4,,,,,,,,,,,,,371.70146510005,,,,,,,,,,,,,,371.6897230000468,386.1522249999689,0.0,,,,,,,,,,,,,,,,,,,,,,,,,,,,,,,,,,,,,,,,,,,,,,,10,001,male,24,2024-11-22_14h49.31.651,solo project,2024.2.1post4,59.55511141632895,2024-11-22 14h49.54.497765 +0530,
,,5,5,0,,,20,You see someone put ketchup on vanilla ice cream and eat it.,2.0,,,,,,,,,,,,,,,,,0,5,5,5,,,,,,,,,,,,,386.167559399968,,,,,,,,,,,,,,386.1553484000033,394.87336970004253,2.0,,,,,,,,,,,,,,,,,,,,,,,,,,,,,,,,,,,,,,,,,,,,,,,10,001,male,24,2024-11-22_14h49.31.651,solo project,2024.2.1post4,59.55511141632895,2024-11-22 14h49.54.497765 +0530,
,,6,6,0,,,21,You see a man with his intestines exposed after an accident.,1.0,,,,,,,,,,,,,,,,,0,6,6,6,,,,,,,,,,,,,394.88884479994886,,,,,,,,,,,,,,394.87740809994284,405.84015689999796,1.0,,,,,,,,,,,,,,,,,,,,,,,,,,,,,,,,,,,,,,,,,,,,,,,10,001,male,24,2024-11-22_14h49.31.651,solo project,2024.2.1post4,59.55511141632895,2024-11-22 14h49.54.497765 +0530,
,,7,7,0,,,22,You discover that a friend of yours changes underwear only once a week.,4.0,,,,,,,,,,,,,,,,,0,7,7,7,,,,,,,,,,,,,405.8558595000068,,,,,,,,,,,,,,405.8434955000412,418.6899144999916,4.0,,,,,,,,,,,,,,,,,,,,,,,,,,,,,,,,,,,,,,,,,,,,,,,10,001,male,24,2024-11-22_14h49.31.651,solo project,2024.2.1post4,59.55511141632895,2024-11-22 14h49.54.497765 +0530,
,,8,8,0,,,23,A friend offers you a piece of chocolate shaped like dog-doo.,4.0,,,,,,,,,,,,,,,,,0,8,8,8,,,,,,,,,,,,,418.7058070000494,,,,,,,,,,,,,,418.69433019997086,428.7731590999756,4.0,,,,,,,,,,,,,,,,,,,,,,,,,,,,,,,,,,,,,,,,,,,,,,,10,001,male,24,2024-11-22_14h49.31.651,solo project,2024.2.1post4,59.55511141632895,2024-11-22 14h49.54.497765 +0530,
,,9,9,0,,,24,You accidentally touch the ashes of a person who has been cremated.,1.0,,,,,,,,,,,,,,,,,0,9,9,9,,,,,,,,,,,,,428.7893078000052,,,,,,,,,,,,,,428.77644869999494,441.1900460999459,1.0,,,,,,,,,,,,,,,,,,,,,,,,,,,,,,,,,,,,,,,,,,,,,,,10,001,male,24,2024-11-22_14h49.31.651,solo project,2024.2.1post4,59.55511141632895,2024-11-22 14h49.54.497765 +0530,
,,10,10,0,,,25,You are about to drink a glass of milk when you smell that it is spoiled.,3.0,,,,,,,,,,,,,,,,,0,10,10,10,,,,,,,,,,,,,441.20518349995837,,,,,,,,,,,,,,441.19347900000867,451.98980219999794,3.0,,,,,,,,,,,,,,,,,,,,,,,,,,,,,,,,,,,,,,,,,,,,,,,10,001,male,24,2024-11-22_14h49.31.651,solo project,2024.2.1post4,59.55511141632895,2024-11-22 14h49.54.497765 +0530,
,,11,11,0,,,26,"As a part of a sex education class, you are required to inflate a new unlubricated condom using your mouth.",0.0,,,,,,,,,,,,,,,,,0,11,11,11,,,,,,,,,,,,,452.00525329995435,,,,,,,,,,,,,,451.99513269995805,479.289585600025,0.0,,,,,,,,,,,,,,,,,,,,,,,,,,,,,,,,,,,,,,,,,,,,,,,10,001,male,24,2024-11-22_14h49.31.651,solo project,2024.2.1post4,59.55511141632895,2024-11-22 14h49.54.497765 +0530,
,,12,12,0,,,27,"You are walking barefoot on concrete, and you step on an earthworm.",0.0,,,,,,,,,,,,,,,,,0,12,12,12,,,,,,,,,,,,,479.3049785000039,,,,,,,,,,,,,,479.2928949999623,534.7219312000088,0.0,,,,,,,,,,,,,,,,,,,,,,,,,,,,,,,,,,,,,,,,,,,,,,,10,001,male,24,2024-11-22_14h49.31.651,solo project,2024.2.1post4,59.55511141632895,2024-11-22 14h49.54.497765 +0530,
,,,,,,,,,,,,,,,,,,,,,,,,,,,,,,,,,,,,,,,,,,,,,,,,,,,,,,,,,,,534.722012000042,538.2917718000244,space,3.56288660003338,None,,,,,,,,,,,,,,,,,,,,,,,,,,,,,,,,,,,,,,,,,,10,001,male,24,2024-11-22_14h49.31.651,solo project,2024.2.1post4,59.55511141632895,2024-11-22 14h49.54.497765 +0530,
,,0,0,0,,,,,,images/1271_hygiene_lum.jpg,disgust,hygeine,limber,,,,,,,,,,,,,,,,,0,0,0,10,,,,,,,,,538.3208201000234,,,,,,,,,,,,,,,,,,,,,,538.3164178000297,538.3208201000234,539.3067564000376,539.3067564000376,539.3237328999676,541.3085995999863,541.3085995999863,541.2905011000112,,,,,,,,,,,,,,,,,,,,,,,,,,,,,,,,,,10,001,male,24,2024-11-22_14h49.31.651,solo project,2024.2.1post4,59.55511141632895,2024-11-22 14h49.54.497765 +0530,
,,1,1,0,,,,,,images/1118_body products_lum.jpg,disgust,body product,reverent,,,,,,,,,,,,,,,,,0,1,1,22,,,,,,,,,541.3085995999863,,,,,,,,,,,,,,,,,,,,,,541.3054759999504,541.3085995999863,542.3073093000567,542.3073093000567,542.3234541999409,544.3077100999653,544.3077100999653,544.2904907000484,,,,,,,,,,,,,,,,,,,,,,,,,,,,,,,,,,10,001,male,24,2024-11-22_14h49.31.651,solo project,2024.2.1post4,59.55511141632895,2024-11-22 14h49.54.497765 +0530,
,,2,2,0,,,,,,images/1146_body products neutral_lum.jpg,neutral,body product,reptile,,,,,,,,,,,,,,,,,0,2,2,21,,,,,,,,,544.3077100999653,,,,,,,,,,,,,,,,,,,,,,544.304458700004,544.3077100999653,545.3069997000275,545.3069997000275,545.3234149999917,547.3082538000308,547.3082538000308,547.2904694000026,,,,,,,,,,,,,,,,,,,,,,,,,,,,,,,,,,10,001,male,24,2024-11-22_14h49.31.651,solo project,2024.2.1post4,59.55511141632895,2024-11-22 14h49.54.497765 +0530,
,,3,3,0,,,,,,images/1253_hygiene_lum.jpg,disgust,hygeine,manner,,,,,,,,,,,,,,,,,0,3,3,11,,,,,,,,,547.3082538000308,,,,,,,,,,,,,,,,,,,,,,547.3048801999539,547.3082538000308,548.3067140999483,548.3067140999483,548.3231280000182,550.3090812000446,550.3090812000446,550.290603499976,,,,,,,,,,,,,,,,,,,,,,,,,,,,,,,,,,10,001,male,24,2024-11-22_14h49.31.651,solo project,2024.2.1post4,59.55511141632895,2024-11-22 14h49.54.497765 +0530,
,,4,4,0,,,,,,images/1143_body products neutral_lum.jpg,neutral,body product,invest,,,,,,,,,,,,,,,,,0,4,4,6,,,,,,,,,550.3090812000446,,,,,,,,,,,,,,,,,,,,,,550.3057959999423,550.3090812000446,551.3069521000143,551.3069521000143,551.3235461999429,553.307557299966,553.307557299966,553.2903496000217,,,,,,,,,,,,,,,,,,,,,,,,,,,,,,,,,,10,001,male,24,2024-11-22_14h49.31.651,solo project,2024.2.1post4,59.55511141632895,2024-11-22 14h49.54.497765 +0530,
,,5,5,0,,,,,,images/1200_injuries_infections neutral_lum.jpg,neutral,injury/infection,village,,,,,,,,,,,,,,,,,0,5,5,28,,,,,,,,,553.307557299966,,,,,,,,,,,,,,,,,,,,,,553.3040138999932,553.307557299966,554.3067341999849,554.3067341999849,554.3233575000195,556.3085717000067,556.3085717000067,556.2906662999885,,,,,,,,,,,,,,,,,,,,,,,,,,,,,,,,,,10,001,male,24,2024-11-22_14h49.31.651,solo project,2024.2.1post4,59.55511141632895,2024-11-22 14h49.54.497765 +0530,
,,6,6,0,,,,,,images/1100_animals_neutral_lum.jpg,neutral,animal,nursery,,,,,,,,,,,,,,,,,0,6,6,15,,,,,,,,,556.3085717000067,,,,,,,,,,,,,,,,,,,,,,556.3046412999975,556.3085717000067,557.3064164000098,557.3064164000098,557.3231131000211,559.3092511999421,559.3092511999421,559.2904551000101,,,,,,,,,,,,,,,,,,,,,,,,,,,,,,,,,,10,001,male,24,2024-11-22_14h49.31.651,solo project,2024.2.1post4,59.55511141632895,2024-11-22 14h49.54.497765 +0530,
,,7,7,0,,,,,,images/1041_food_neutral_lum.jpg,neutral,food,trumpet,,,,,,,,,,,,,,,,,0,7,7,27,,,,,,,,,559.3092511999421,,,,,,,,,,,,,,,,,,,,,,559.3041589000495,559.3092511999421,560.3067289999453,560.3067289999453,560.3232835000381,562.3097036000108,562.3097036000108,562.2901031000074,,,,,,,,,,,,,,,,,,,,,,,,,,,,,,,,,,10,001,male,24,2024-11-22_14h49.31.651,solo project,2024.2.1post4,59.55511141632895,2024-11-22 14h49.54.497765 +0530,
,,8,8,0,,,,,,images/1202_death_lum.jpg,disgust,death,lantern,,,,,,,,,,,,,,,,,0,8,8,8,,,,,,,,,562.3097036000108,,,,,,,,,,,,,,,,,,,,,,562.3051605999935,562.3097036000108,563.3065849000122,563.3065849000122,563.3234657000285,565.3091192999855,565.3091192999855,565.290141299949,,,,,,,,,,,,,,,,,,,,,,,,,,,,,,,,,,10,001,male,24,2024-11-22_14h49.31.651,solo project,2024.2.1post4,59.55511141632895,2024-11-22 14h49.54.497765 +0530,
,,9,9,0,,,,,,images/1032_food_lum.jpg,disgust,food,rattle,,,,,,,,,,,,,,,,,0,9,9,20,,,,,,,,,565.3091192999855,,,,,,,,,,,,,,,,,,,,,,565.303985800012,565.3091192999855,566.3066090999637,566.3066090999637,566.3233806999633,568.3084981000284,568.3084981000284,568.2909234999679,,,,,,,,,,,,,,,,,,,,,,,,,,,,,,,,,,10,001,male,24,2024-11-22_14h49.31.651,solo project,2024.2.1post4,59.55511141632895,2024-11-22 14h49.54.497765 +0530,
,,10,10,0,,,,,,images/1247_death neutral_lum.jpg,neutral,death,wine,,,,,,,,,,,,,,,,,0,10,10,29,,,,,,,,,568.3084981000284,,,,,,,,,,,,,,,,,,,,,,568.3051239999477,568.3084981000284,569.3066664000507,569.3066664000507,569.322853300022,571.3087813999737,571.3087813999737,571.2905276999809,,,,,,,,,,,,,,,,,,,,,,,,,,,,,,,,,,10,001,male,24,2024-11-22_14h49.31.651,solo project,2024.2.1post4,59.55511141632895,2024-11-22 14h49.54.497765 +0530,
,,11,11,0,,,,,,images/1054_animals_lum.jpg,disgust,animal,serious,,,,,,,,,,,,,,,,,0,11,11,23,,,,,,,,,571.3087813999737,,,,,,,,,,,,,,,,,,,,,,571.3048792999471,571.3087813999737,572.3066025000298,572.3066025000298,572.3231282000197,574.3090165000176,574.3090165000176,574.2903176000109,,,,,,,,,,,,,,,,,,,,,,,,,,,,,,,,,,10,001,male,24,2024-11-22_14h49.31.651,solo project,2024.2.1post4,59.55511141632895,2024-11-22 14h49.54.497765 +0530,
,,12,12,0,,,,,,images/1062_animals_lum.jpg,disgust,animal,ennui,,,,,,,,,,,,,,,,,0,12,12,3,,,,,,,,,574.3090165000176,,,,,,,,,,,,,,,,,,,,,,574.3037129000295,574.3090165000176,575.3063593000406,575.3063593000406,575.3230768999783,577.308282700018,577.308282700018,577.2901722999522,,,,,,,,,,,,,,,,,,,,,,,,,,,,,,,,,,10,001,male,24,2024-11-22_14h49.31.651,solo project,2024.2.1post4,59.55511141632895,2024-11-22 14h49.54.497765 +0530,
,,13,13,0,,,,,,images/1165_injuries_infections_lum.jpg,disgust,injury/infection,glacier,,,,,,,,,,,,,,,,,0,13,13,4,,,,,,,,,577.308282700018,,,,,,,,,,,,,,,,,,,,,,577.3048113000114,577.308282700018,578.3060357000213,578.3060357000213,578.3226640999783,580.308313800022,580.308313800022,580.2902341999579,,,,,,,,,,,,,,,,,,,,,,,,,,,,,,,,,,10,001,male,24,2024-11-22_14h49.31.651,solo project,2024.2.1post4,59.55511141632895,2024-11-22 14h49.54.497765 +0530,
,,14,14,0,,,,,,images/1149_body products neutral_lum.jpg,neutral,body product,skeptical,,,,,,,,,,,,,,,,,0,14,14,24,,,,,,,,,580.308313800022,,,,,,,,,,,,,,,,,,,,,,580.3049681000412,580.308313800022,581.3058980000205,581.3058980000205,581.3231725000078,583.3084010999883,583.3084010999883,583.2903461999958,,,,,,,,,,,,,,,,,,,,,,,,,,,,,,,,,,10,001,male,24,2024-11-22_14h49.31.651,solo project,2024.2.1post4,59.55511141632895,2024-11-22 14h49.54.497765 +0530,
,,15,15,0,,,,,,images/1223_death_lum.jpg,disgust,death,mischief,,,,,,,,,,,,,,,,,0,15,15,13,,,,,,,,,583.3084010999883,,,,,,,,,,,,,,,,,,,,,,583.3048845999874,583.3084010999883,584.3061848999932,584.3061848999932,584.3228187999921,586.3071131999604,586.3071131999604,586.2899006999796,,,,,,,,,,,,,,,,,,,,,,,,,,,,,,,,,,10,001,male,24,2024-11-22_14h49.31.651,solo project,2024.2.1post4,59.55511141632895,2024-11-22 14h49.54.497765 +0530,
,,16,16,0,,,,,,images/1299_hygiene neutral_lum.jpg,neutral,hygeine,rancid,,,,,,,,,,,,,,,,,0,16,16,19,,,,,,,,,586.3071131999604,,,,,,,,,,,,,,,,,,,,,,586.3034175999928,586.3071131999604,587.3061235999921,587.3061235999921,587.322967599961,589.3100927999476,589.3100927999476,589.2904242000077,,,,,,,,,,,,,,,,,,,,,,,,,,,,,,,,,,10,001,male,24,2024-11-22_14h49.31.651,solo project,2024.2.1post4,59.55511141632895,2024-11-22 14h49.54.497765 +0530,
,,17,17,0,,,,,,images/1250_death neutral_lum.jpg,neutral,death,neurotic,,,,,,,,,,,,,,,,,0,17,17,14,,,,,,,,,589.3100927999476,,,,,,,,,,,,,,,,,,,,,,589.3047354000155,589.3100927999476,590.3061098000035,590.3061098000035,590.3233762000455,592.3083797999425,592.3083797999425,592.2898787000449,,,,,,,,,,,,,,,,,,,,,,,,,,,,,,,,,,10,001,male,24,2024-11-22_14h49.31.651,solo project,2024.2.1post4,59.55511141632895,2024-11-22 14h49.54.497765 +0530,
,,18,18,0,,,,,,images/1192_injuries_infections neutral_lum.jpg,neutral,injury/infection,stove,,,,,,,,,,,,,,,,,0,18,18,26,,,,,,,,,592.3083797999425,,,,,,,,,,,,,,,,,,,,,,592.3033931000391,592.3083797999425,593.3064123999793,593.3064123999793,593.3225797000341,595.3088406999595,595.3088406999595,595.290043200017,,,,,,,,,,,,,,,,,,,,,,,,,,,,,,,,,,10,001,male,24,2024-11-22_14h49.31.651,solo project,2024.2.1post4,59.55511141632895,2024-11-22 14h49.54.497765 +0530,
,,19,19,0,,,,,,images/1107_body products_lum.jpg,disgust,body product,passage,,,,,,,,,,,,,,,,,0,19,19,16,,,,,,,,,595.3088406999595,,,,,,,,,,,,,,,,,,,,,,595.3035424000118,595.3088406999595,596.3063782999525,596.3063782999525,596.3227994999615,598.3077727999771,598.3077727999771,598.2900878000073,,,,,,,,,,,,,,,,,,,,,,,,,,,,,,,,,,10,001,male,24,2024-11-22_14h49.31.651,solo project,2024.2.1post4,59.55511141632895,2024-11-22 14h49.54.497765 +0530,
,,20,20,0,,,,,,images/1073_animals_lum.jpg,disgust,animal,journal,,,,,,,,,,,,,,,,,0,20,20,7,,,,,,,,,598.3077727999771,,,,,,,,,,,,,,,,,,,,,,598.3046678999672,598.3077727999771,599.3061755000381,599.3061755000381,599.3228820000077,601.3081079999683,601.3081079999683,601.2899239000399,,,,,,,,,,,,,,,,,,,,,,,,,,,,,,,,,,10,001,male,24,2024-11-22_14h49.31.651,solo project,2024.2.1post4,59.55511141632895,2024-11-22 14h49.54.497765 +0530,
,,21,21,0,,,,,,images/1291_hygiene neutral_lum.jpg,neutral,hygeine,hard,,,,,,,,,,,,,,,,,0,21,21,5,,,,,,,,,601.3081079999683,,,,,,,,,,,,,,,,,,,,,,601.303335399949,601.3081079999683,602.30571710004,602.30571710004,602.3225375999464,604.3106320999796,604.3106320999796,604.2898715999909,,,,,,,,,,,,,,,,,,,,,,,,,,,,,,,,,,10,001,male,24,2024-11-22_14h49.31.651,solo project,2024.2.1post4,59.55511141632895,2024-11-22 14h49.54.497765 +0530,
,,22,22,0,,,,,,images/1099_animals_neutral_lum.jpg,neutral,animal,coast,,,,,,,,,,,,,,,,,0,22,22,0,,,,,,,,,604.3106320999796,,,,,,,,,,,,,,,,,,,,,,604.3053899999941,604.3106320999796,605.3059672999661,605.3059672999661,605.3227796000428,607.3090448000003,607.3090448000003,607.2898214999586,,,,,,,,,,,,,,,,,,,,,,,,,,,,,,,,,,10,001,male,24,2024-11-22_14h49.31.651,solo project,2024.2.1post4,59.55511141632895,2024-11-22 14h49.54.497765 +0530,
,,23,23,0,,,,,,images/1049_food_neutral_lum.jpg,neutral,food,privacy,,,,,,,,,,,,,,,,,0,23,23,17,,,,,,,,,607.3090448000003,,,,,,,,,,,,,,,,,,,,,,607.3039212999865,607.3090448000003,608.3058215000201,608.3058215000201,608.3222539999988,610.3091334999772,610.3091334999772,610.2898445000174,,,,,,,,,,,,,,,,,,,,,,,,,,,,,,,,,,10,001,male,24,2024-11-22_14h49.31.651,solo project,2024.2.1post4,59.55511141632895,2024-11-22 14h49.54.497765 +0530,
,,24,24,0,,,,,,images/1153_injuries_infections_lum.jpg,disgust,injury/infection,elevator,,,,,,,,,,,,,,,,,0,24,24,2,,,,,,,,,610.3091334999772,,,,,,,,,,,,,,,,,,,,,,610.3038530000485,610.3091334999772,611.3059790000552,611.3059790000552,611.3226987000089,613.310026000021,613.310026000021,613.289585600025,,,,,,,,,,,,,,,,,,,,,,,,,,,,,,,,,,10,001,male,24,2024-11-22_14h49.31.651,solo project,2024.2.1post4,59.55511141632895,2024-11-22 14h49.54.497765 +0530,
,,25,25,0,,,,,,images/1104_body products_lum.jpg,disgust,body product,material,,,,,,,,,,,,,,,,,0,25,25,12,,,,,,,,,613.310026000021,,,,,,,,,,,,,,,,,,,,,,613.3047819000203,613.310026000021,614.3059945000568,614.3059945000568,614.3224040999776,616.3094634000445,616.3094634000445,616.2903430999722,,,,,,,,,,,,,,,,,,,,,,,,,,,,,,,,,,10,001,male,24,2024-11-22_14h49.31.651,solo project,2024.2.1post4,59.55511141632895,2024-11-22 14h49.54.497765 +0530,
,,26,26,0,,,,,,images/1044_food_neutral_lum.jpg,neutral,food,custom,,,,,,,,,,,,,,,,,0,26,26,1,,,,,,,,,616.3094634000445,,,,,,,,,,,,,,,,,,,,,,616.3043712000363,616.3094634000445,617.305751399952,617.305751399952,617.3224390000105,619.3100101000164,619.3100101000164,619.2901674000314,,,,,,,,,,,,,,,,,,,,,,,,,,,,,,,,,,10,001,male,24,2024-11-22_14h49.31.651,solo project,2024.2.1post4,59.55511141632895,2024-11-22 14h49.54.497765 +0530,
,,27,27,0,,,,,,images/1001_food_lum.jpg,disgust,food,radiator,,,,,,,,,,,,,,,,,0,27,27,18,,,,,,,,,619.3100101000164,,,,,,,,,,,,,,,,,,,,,,619.3045989000238,619.3100101000164,620.3057384999702,620.3057384999702,620.3225231999531,622.3083635000512,622.3083635000512,622.2895119000459,,,,,,,,,,,,,,,,,,,,,,,,,,,,,,,,,,10,001,male,24,2024-11-22_14h49.31.651,solo project,2024.2.1post4,59.55511141632895,2024-11-22 14h49.54.497765 +0530,
,,28,28,0,,,,,,images/1093_animals_neutral_lum.jpg,neutral,animal,lighthouse,,,,,,,,,,,,,,,,,0,28,28,9,,,,,,,,,622.3083635000512,,,,,,,,,,,,,,,,,,,,,,622.3037339999573,622.3083635000512,623.3059060999658,623.3059060999658,623.3225153000094,625.3092527999543,625.3092527999543,625.2897418000503,,,,,,,,,,,,,,,,,,,,,,,,,,,,,,,,,,10,001,male,24,2024-11-22_14h49.31.651,solo project,2024.2.1post4,59.55511141632895,2024-11-22 14h49.54.497765 +0530,
,,29,29,0,,,,,,images/1013_food_lum.jpg,disgust,food,stiff,,,,,,,,,,,,,,,,,0,29,29,25,,,,,,,,,625.3092527999543,,,,,,,,,,,,,,,,,,,,,,625.3038617999991,625.3092527999543,626.3053560999688,626.3053560999688,626.3222831999883,628.3053094999632,628.3053094999632,628.2893286000472,,,,,,,,,,,,,,,,,,,,,,,,,,,,,,,,,,10,001,male,24,2024-11-22_14h49.31.651,solo project,2024.2.1post4,59.55511141632895,2024-11-22 14h49.54.497765 +0530,
,,,,,,,,,,,,,,,,,,,,,,,,,,,,,,,,,,,,,,,,,,,,,,,,,,,,,,,,,,,,,,,,,,,,,,,,628.2894701999612,2.013754599960521,637.939503200003,space,7.626482299994677,None,,,,,,,,,,,,,,,,,,,,,,,,,,,,10,001,male,24,2024-11-22_14h49.31.651,solo project,2024.2.1post4,59.55511141632895,2024-11-22 14h49.54.497765 +0530,
,,0,0,0,,,,,,,disgust,death,,mischief,old,1.0,3.464061100035906,,,,,,,,,,,,,,,,,0,0,0,13,,,,,637.9724770999746,,,,,,,,,,,,,,,,,,,,,,,,,,,,,,,,,,,,637.9625575999962,637.9724770999746,637.9724770999746,641.4423138999846,1.0,3.464061100035906,,,,,,,,,,,,,,,,,,,,,,10,001,male,24,2024-11-22_14h49.31.651,solo project,2024.2.1post4,59.55511141632895,2024-11-22 14h49.54.497765 +0530,
,,1,1,0,,,,,,,disgust,body product,,material,old,1.0,3.1949810999212787,,,,,,,,,,,,,,,,,0,1,1,12,,,,,641.457719399943,,,,,,,,,,,,,,,,,,,,,,,,,,,,,,,,,,,,641.4485940999584,641.457719399943,641.457719399943,644.6592063000426,1.0,3.1949810999212787,,,,,,,,,,,,,,,,,,,,,,10,001,male,24,2024-11-22_14h49.31.651,solo project,2024.2.1post4,59.55511141632895,2024-11-22 14h49.54.497765 +0530,
,,2,2,0,,,,,,,neutral,body product,,skeptical,old,2.0,2.9300171999493614,,,,,,,,,,,,,,,,,0,2,2,24,,,,,644.6747603999684,,,,,,,,,,,,,,,,,,,,,,,,,,,,,,,,,,,,644.6639629000565,644.6747603999684,644.6747603999684,647.6090858000098,2.0,2.9300171999493614,,,,,,,,,,,,,,,,,,,,,,10,001,male,24,2024-11-22_14h49.31.651,solo project,2024.2.1post4,59.55511141632895,2024-11-22 14h49.54.497765 +0530,
,,3,3,0,,,,,,,disgust,animal,,ennui,old,1.0,3.264625900075771,,,,,,,,,,,,,,,,,0,3,3,3,,,,,647.6245873000007,,,,,,,,,,,,,,,,,,,,,,,,,,,,,,,,,,,,647.6131394000258,647.6245873000007,647.6245873000007,650.8925045999931,1.0,3.264625900075771,,,,,,,,,,,,,,,,,,,,,,10,001,male,24,2024-11-22_14h49.31.651,solo project,2024.2.1post4,59.55511141632895,2024-11-22 14h49.54.497765 +0530,
,,4,4,0,,,,,,,disgust,hygeine,,limber,old,2.0,2.880245100008324,,,,,,,,,,,,,,,,,0,4,4,10,,,,,650.9078520999756,,,,,,,,,,,,,,,,,,,,,,,,,,,,,,,,,,,,650.8961316000205,650.9078520999756,650.9078520999756,653.7917062999913,2.0,2.880245100008324,,,,,,,,,,,,,,,,,,,,,,10,001,male,24,2024-11-22_14h49.31.651,solo project,2024.2.1post4,59.55511141632895,2024-11-22 14h49.54.497765 +0530,
,,5,5,0,,,,,,,neutral,food,,custom,old,1.0,3.131095699965954,,,,,,,,,,,,,,,,,0,5,5,1,,,,,653.8075639000162,,,,,,,,,,,,,,,,,,,,,,,,,,,,,,,,,,,,653.7957189000444,653.8075639000162,653.8075639000162,656.9419636999955,1.0,3.131095699965954,,,,,,,,,,,,,,,,,,,,,,10,001,male,24,2024-11-22_14h49.31.651,solo project,2024.2.1post4,59.55511141632895,2024-11-22 14h49.54.497765 +0530,
,,6,6,0,,,,,,,None,None,,trunk,new,2.0,2.180972500005737,,,,,,,,,,,,,,,,,0,6,6,57,,,,,656.9578935999889,,,,,,,,,,,,,,,,,,,,,,,,,,,,,,,,,,,,656.9452236000216,656.9578935999889,656.9578935999889,659.1419940999476,2.0,2.180972500005737,,,,,,,,,,,,,,,,,,,,,,10,001,male,24,2024-11-22_14h49.31.651,solo project,2024.2.1post4,59.55511141632895,2024-11-22 14h49.54.497765 +0530,
,,7,7,0,,,,,,,None,None,,repentant,new,2.0,2.815541399992071,,,,,,,,,,,,,,,,,0,7,7,45,,,,,659.1581083999481,,,,,,,,,,,,,,,,,,,,,,,,,,,,,,,,,,,,659.1444171000039,659.1581083999481,659.1581083999481,661.9754724999657,2.0,2.815541399992071,,,,,,,,,,,,,,,,,,,,,,10,001,male,24,2024-11-22_14h49.31.651,solo project,2024.2.1post4,59.55511141632895,2024-11-22 14h49.54.497765 +0530,
,,8,8,0,,,,,,,disgust,food,,radiator,old,2.0,2.3639939000131562,,,,,,,,,,,,,,,,,0,8,8,18,,,,,661.9913773000007,,,,,,,,,,,,,,,,,,,,,,,,,,,,,,,,,,,,661.979103700025,661.9913773000007,661.9913773000007,664.3588490999537,2.0,2.3639939000131562,,,,,,,,,,,,,,,,,,,,,,10,001,male,24,2024-11-22_14h49.31.651,solo project,2024.2.1post4,59.55511141632895,2024-11-22 14h49.54.497765 +0530,
,,9,9,0,,,,,,,disgust,food,,rattle,old,2.0,1.282456999993883,,,,,,,,,,,,,,,,,0,9,9,20,,,,,664.3745095999911,,,,,,,,,,,,,,,,,,,,,,,,,,,,,,,,,,,,664.360797500005,664.3745095999911,664.3745095999911,665.6587623000378,2.0,1.282456999993883,,,,,,,,,,,,,,,,,,,,,,10,001,male,24,2024-11-22_14h49.31.651,solo project,2024.2.1post4,59.55511141632895,2024-11-22 14h49.54.497765 +0530,
,,10,10,0,,,,,,,neutral,hygeine,,rancid,old,2.0,1.6823926999932155,,,,,,,,,,,,,,,,,0,10,10,19,,,,,665.6740972000407,,,,,,,,,,,,,,,,,,,,,,,,,,,,,,,,,,,,665.6610516000073,665.6740972000407,665.6740972000407,667.3587484000018,2.0,1.6823926999932155,,,,,,,,,,,,,,,,,,,,,,10,001,male,24,2024-11-22_14h49.31.651,solo project,2024.2.1post4,59.55511141632895,2024-11-22 14h49.54.497765 +0530,
,,11,11,0,,,,,,,None,None,,detail,new,2.0,1.2157022999599576,,,,,,,,,,,,,,,,,0,11,11,33,,,,,667.374470800045,,,,,,,,,,,,,,,,,,,,,,,,,,,,,,,,,,,,667.3609405000461,667.374470800045,667.374470800045,668.5915706000524,2.0,1.2157022999599576,,,,,,,,,,,,,,,,,,,,,,10,001,male,24,2024-11-22_14h49.31.651,solo project,2024.2.1post4,59.55511141632895,2024-11-22 14h49.54.497765 +0530,
,,12,12,0,,,,,,,None,None,,clock,new,2.0,1.0996137000620365,,,,,,,,,,,,,,,,,0,12,12,30,,,,,668.6075083999895,,,,,,,,,,,,,,,,,,,,,,,,,,,,,,,,,,,,668.5936387999682,668.6075083999895,668.6075083999895,669.7080799000105,2.0,1.0996137000620365,,,,,,,,,,,,,,,,,,,,,,10,001,male,24,2024-11-22_14h49.31.651,solo project,2024.2.1post4,59.55511141632895,2024-11-22 14h49.54.497765 +0530,
,,13,13,0,,,,,,,None,None,,shadow,new,2.0,1.0137586001073942,,,,,,,,,,,,,,,,,0,13,13,50,,,,,669.7243994999444,,,,,,,,,,,,,,,,,,,,,,,,,,,,,,,,,,,,669.7126628999831,669.7243994999444,669.7243994999444,670.7419534999644,2.0,1.0137586001073942,,,,,,,,,,,,,,,,,,,,,,10,001,male,24,2024-11-22_14h49.31.651,solo project,2024.2.1post4,59.55511141632895,2024-11-22 14h49.54.497765 +0530,
,,14,14,0,,,,,,,None,None,,lawn,new,2.0,1.2483792999992147,,,,,,,,,,,,,,,,,0,14,14,39,,,,,670.7575609999476,,,,,,,,,,,,,,,,,,,,,,,,,,,,,,,,,,,,670.7440171999624,670.7575609999476,670.7575609999476,672.0088161999593,2.0,1.2483792999992147,,,,,,,,,,,,,,,,,,,,,,10,001,male,24,2024-11-22_14h49.31.651,solo project,2024.2.1post4,59.55511141632895,2024-11-22 14h49.54.497765 +0530,
,,15,15,0,,,,,,,neutral,injury/infection,,village,old,1.0,2.4287143000401556,,,,,,,,,,,,,,,,,0,15,15,28,,,,,672.0242391000502,,,,,,,,,,,,,,,,,,,,,,,,,,,,,,,,,,,,672.0142869000556,672.0242391000502,672.0242391000502,674.4586810000474,1.0,2.4287143000401556,,,,,,,,,,,,,,,,,,,,,,10,001,male,24,2024-11-22_14h49.31.651,solo project,2024.2.1post4,59.55511141632895,2024-11-22 14h49.54.497765 +0530,
,,16,16,0,,,,,,,None,None,,storm,new,2.0,1.9812110000057146,,,,,,,,,,,,,,,,,0,16,16,52,,,,,674.4745149000082,,,,,,,,,,,,,,,,,,,,,,,,,,,,,,,,,,,,674.4612388999667,674.4745149000082,674.4745149000082,676.4584565999685,2.0,1.9812110000057146,,,,,,,,,,,,,,,,,,,,,,10,001,male,24,2024-11-22_14h49.31.651,solo project,2024.2.1post4,59.55511141632895,2024-11-22 14h49.54.497765 +0530,
,,17,17,0,,,,,,,None,None,,medicine,new,2.0,1.915205099969171,,,,,,,,,,,,,,,,,0,17,17,42,,,,,676.4741811000276,,,,,,,,,,,,,,,,,,,,,,,,,,,,,,,,,,,,676.4608938000165,676.4741811000276,676.4741811000276,678.3919529999839,2.0,1.915205099969171,,,,,,,,,,,,,,,,,,,,,,10,001,male,24,2024-11-22_14h49.31.651,solo project,2024.2.1post4,59.55511141632895,2024-11-22 14h49.54.497765 +0530,
,,18,18,0,,,,,,,disgust,hygeine,,manner,old,1.0,2.1151347999693826,,,,,,,,,,,,,,,,,0,18,18,11,,,,,678.4075618999777,,,,,,,,,,,,,,,,,,,,,,,,,,,,,,,,,,,,678.3942936999956,678.4075618999777,678.4075618999777,680.5251536000287,1.0,2.1151347999693826,,,,,,,,,,,,,,,,,,,,,,10,001,male,24,2024-11-22_14h49.31.651,solo project,2024.2.1post4,59.55511141632895,2024-11-22 14h49.54.497765 +0530,
,,19,19,0,,,,,,,None,None,,market,new,2.0,3.0649735999759287,,,,,,,,,,,,,,,,,0,19,19,41,,,,,680.5408447999507,,,,,,,,,,,,,,,,,,,,,,,,,,,,,,,,,,,,680.527786300052,680.5408447999507,680.5408447999507,683.6081611999543,2.0,3.0649735999759287,,,,,,,,,,,,,,,,,,,,,,10,001,male,24,2024-11-22_14h49.31.651,solo project,2024.2.1post4,59.55511141632895,2024-11-22 14h49.54.497765 +0530,
,,20,20,0,,,,,,,neutral,food,,trumpet,old,1.0,2.6657317000208423,,,,,,,,,,,,,,,,,0,20,20,27,,,,,683.6244682000251,,,,,,,,,,,,,,,,,,,,,,,,,,,,,,,,,,,,683.6104345000349,683.6244682000251,683.6244682000251,686.2913898000261,1.0,2.6657317000208423,,,,,,,,,,,,,,,,,,,,,,10,001,male,24,2024-11-22_14h49.31.651,solo project,2024.2.1post4,59.55511141632895,2024-11-22 14h49.54.497765 +0530,
,,21,21,0,,,,,,,neutral,animal,,nursery,old,1.0,2.7969453999539837,,,,,,,,,,,,,,,,,0,21,21,15,,,,,686.3072168000508,,,,,,,,,,,,,,,,,,,,,,,,,,,,,,,,,,,,686.2951883999631,686.3072168000508,686.3072168000508,689.1098991000326,1.0,2.7969453999539837,,,,,,,,,,,,,,,,,,,,,,10,001,male,24,2024-11-22_14h49.31.651,solo project,2024.2.1post4,59.55511141632895,2024-11-22 14h49.54.497765 +0530,
,,22,22,0,,,,,,,None,None,,teacher,new,2.0,3.013525699963793,,,,,,,,,,,,,,,,,0,22,22,53,,,,,689.1240670999978,,,,,,,,,,,,,,,,,,,,,,,,,,,,,,,,,,,,689.1123720000032,689.1240670999978,689.1240670999978,692.1415348999435,2.0,3.013525699963793,,,,,,,,,,,,,,,,,,,,,,10,001,male,24,2024-11-22_14h49.31.651,solo project,2024.2.1post4,59.55511141632895,2024-11-22 14h49.54.497765 +0530,
,,23,23,0,,,,,,,neutral,animal,,coast,old,2.0,9.865611499990337,,,,,,,,,,,,,,,,,0,23,23,0,,,,,692.157474800013,,,,,,,,,,,,,,,,,,,,,,,,,,,,,,,,,,,,692.1436654999852,692.157474800013,692.157474800013,702.0251355000073,2.0,9.865611499990337,,,,,,,,,,,,,,,,,,,,,,10,001,male,24,2024-11-22_14h49.31.651,solo project,2024.2.1post4,59.55511141632895,2024-11-22 14h49.54.497765 +0530,
,,24,24,0,,,,,,,None,None,,salute,new,2.0,1.1156867999816313,,,,,,,,,,,,,,,,,0,24,24,47,,,,,702.0404986999929,,,,,,,,,,,,,,,,,,,,,,,,,,,,,,,,,,,,702.027292600018,702.0404986999929,702.0404986999929,703.1580943999579,2.0,1.1156867999816313,,,,,,,,,,,,,,,,,,,,,,10,001,male,24,2024-11-22_14h49.31.651,solo project,2024.2.1post4,59.55511141632895,2024-11-22 14h49.54.497765 +0530,
,,25,25,0,,,,,,,None,None,,highway,new,2.0,0.9816060999874026,,,,,,,,,,,,,,,,,0,25,25,37,,,,,703.1742926000152,,,,,,,,,,,,,,,,,,,,,,,,,,,,,,,,,,,,703.1615396999987,703.1742926000152,703.1742926000152,704.1584709000308,2.0,0.9816060999874026,,,,,,,,,,,,,,,,,,,,,,10,001,male,24,2024-11-22_14h49.31.651,solo project,2024.2.1post4,59.55511141632895,2024-11-22 14h49.54.497765 +0530,
,,26,26,0,,,,,,,disgust,injury/infection,,elevator,old,1.0,2.281146099907346,,,,,,,,,,,,,,,,,0,26,26,2,,,,,704.1737275000196,,,,,,,,,,,,,,,,,,,,,,,,,,,,,,,,,,,,704.1615344999591,704.1737275000196,704.1737275000196,706.458155100001,1.0,2.281146099907346,,,,,,,,,,,,,,,,,,,,,,10,001,male,24,2024-11-22_14h49.31.651,solo project,2024.2.1post4,59.55511141632895,2024-11-22 14h49.54.497765 +0530,
,,27,27,0,,,,,,,neutral,animal,,lighthouse,old,2.0,5.048720900085755,,,,,,,,,,,,,,,,,0,27,27,9,,,,,706.4734697999666,,,,,,,,,,,,,,,,,,,,,,,,,,,,,,,,,,,,706.4607647999655,706.4734697999666,706.4734697999666,711.5244838000508,2.0,5.048720900085755,,,,,,,,,,,,,,,,,,,,,,10,001,male,24,2024-11-22_14h49.31.651,solo project,2024.2.1post4,59.55511141632895,2024-11-22 14h49.54.497765 +0530,
,,28,28,0,,,,,,,neutral,food,,privacy,old,2.0,1.8823604999342933,,,,,,,,,,,,,,,,,0,28,28,17,,,,,711.5404478999553,,,,,,,,,,,,,,,,,,,,,,,,,,,,,,,,,,,,711.5269473999506,711.5404478999553,711.5404478999553,713.4243567000376,2.0,1.8823604999342933,,,,,,,,,,,,,,,,,,,,,,10,001,male,24,2024-11-22_14h49.31.651,solo project,2024.2.1post4,59.55511141632895,2024-11-22 14h49.54.497765 +0530,
,,29,29,0,,,,,,,None,None,,lightbulb,new,2.0,1.7157974999863654,,,,,,,,,,,,,,,,,0,29,29,40,,,,,713.4405778000364,,,,,,,,,,,,,,,,,,,,,,,,,,,,,,,,,,,,713.4270689999685,713.4405778000364,713.4405778000364,715.1588652000064,2.0,1.7157974999863654,,,,,,,,,,,,,,,,,,,,,,10,001,male,24,2024-11-22_14h49.31.651,solo project,2024.2.1post4,59.55511141632895,2024-11-22 14h49.54.497765 +0530,
,,30,30,0,,,,,,,None,None,,rough,new,2.0,2.647964400006458,,,,,,,,,,,,,,,,,0,30,30,46,,,,,715.1733161000302,,,,,,,,,,,,,,,,,,,,,,,,,,,,,,,,,,,,715.1611377999652,715.1733161000302,715.1733161000302,717.8244879000122,2.0,2.647964400006458,,,,,,,,,,,,,,,,,,,,,,10,001,male,24,2024-11-22_14h49.31.651,solo project,2024.2.1post4,59.55511141632895,2024-11-22 14h49.54.497765 +0530,
,,31,31,0,,,,,,,None,None,,tease,new,2.0,1.7990657000336796,,,,,,,,,,,,,,,,,0,31,31,54,,,,,717.8403748000273,,,,,,,,,,,,,,,,,,,,,,,,,,,,,,,,,,,,717.8268050999613,717.8403748000273,717.8403748000273,719.6414325999795,2.0,1.7990657000336796,,,,,,,,,,,,,,,,,,,,,,10,001,male,24,2024-11-22_14h49.31.651,solo project,2024.2.1post4,59.55511141632895,2024-11-22 14h49.54.497765 +0530,
,,32,32,0,,,,,,,None,None,,paint,new,2.0,1.44888829998672,,,,,,,,,,,,,,,,,0,32,32,43,,,,,719.6576004000381,,,,,,,,,,,,,,,,,,,,,,,,,,,,,,,,,,,,719.6438191999914,719.6576004000381,719.6576004000381,721.1081451999489,2.0,1.44888829998672,,,,,,,,,,,,,,,,,,,,,,10,001,male,24,2024-11-22_14h49.31.651,solo project,2024.2.1post4,59.55511141632895,2024-11-22 14h49.54.497765 +0530,
,,33,33,0,,,,,,,None,None,,contents,new,1.0,3.281771400012076,,,,,,,,,,,,,,,,,0,33,33,32,,,,,721.1236936999485,,,,,,,,,,,,,,,,,,,,,,,,,,,,,,,,,,,,721.1106596000027,721.1236936999485,721.1236936999485,724.4091007000534,1.0,3.281771400012076,,,,,,,,,,,,,,,,,,,,,,10,001,male,24,2024-11-22_14h49.31.651,solo project,2024.2.1post4,59.55511141632895,2024-11-22 14h49.54.497765 +0530,
,,34,34,0,,,,,,,neutral,hygeine,,hard,old,2.0,1.714383800048381,,,,,,,,,,,,,,,,,0,34,34,5,,,,,724.4236801000079,,,,,,,,,,,,,,,,,,,,,,,,,,,,,,,,,,,,724.4117062999867,724.4236801000079,724.4236801000079,726.1409004000016,2.0,1.714383800048381,,,,,,,,,,,,,,,,,,,,,,10,001,male,24,2024-11-22_14h49.31.651,solo project,2024.2.1post4,59.55511141632895,2024-11-22 14h49.54.497765 +0530,
,,35,35,0,,,,,,,neutral,death,,neurotic,old,1.0,2.7477790999691933,,,,,,,,,,,,,,,,,0,35,35,14,,,,,726.1565546999918,,,,,,,,,,,,,,,,,,,,,,,,,,,,,,,,,,,,726.1441922000377,726.1565546999918,726.1565546999918,728.907549399999,1.0,2.7477790999691933,,,,,,,,,,,,,,,,,,,,,,10,001,male,24,2024-11-22_14h49.31.651,solo project,2024.2.1post4,59.55511141632895,2024-11-22 14h49.54.497765 +0530,
,,36,36,0,,,,,,,None,None,,whistle,new,2.0,2.8157731000101194,,,,,,,,,,,,,,,,,0,36,36,59,,,,,728.9240355000366,,,,,,,,,,,,,,,,,,,,,,,,,,,,,,,,,,,,728.9100833999692,728.9240355000366,728.9240355000366,731.7414511999814,2.0,2.8157731000101194,,,,,,,,,,,,,,,,,,,,,,10,001,male,24,2024-11-22_14h49.31.651,solo project,2024.2.1post4,59.55511141632895,2024-11-22 14h49.54.497765 +0530,
,,37,37,0,,,,,,,None,None,,hawk,new,2.0,1.4648651001043618,,,,,,,,,,,,,,,,,0,37,37,36,,,,,731.7569017000496,,,,,,,,,,,,,,,,,,,,,,,,,,,,,,,,,,,,731.7434972999617,731.7569017000496,731.7569017000496,733.2247583999997,2.0,1.4648651001043618,,,,,,,,,,,,,,,,,,,,,,10,001,male,24,2024-11-22_14h49.31.651,solo project,2024.2.1post4,59.55511141632895,2024-11-22 14h49.54.497765 +0530,
,,38,38,0,,,,,,,disgust,food,,stiff,old,1.0,4.447687800042331,,,,,,,,,,,,,,,,,0,38,38,25,,,,,733.239732200047,,,,,,,,,,,,,,,,,,,,,,,,,,,,,,,,,,,,733.227832900011,733.239732200047,733.239732200047,737.6905831999611,1.0,4.447687800042331,,,,,,,,,,,,,,,,,,,,,,10,001,male,24,2024-11-22_14h49.31.651,solo project,2024.2.1post4,59.55511141632895,2024-11-22 14h49.54.497765 +0530,
,,39,39,0,,,,,,,neutral,death,,wine,old,1.0,2.282337100012228,,,,,,,,,,,,,,,,,0,39,39,29,,,,,737.7061774999602,,,,,,,,,,,,,,,,,,,,,,,,,,,,,,,,,,,,737.6933140000328,737.7061774999602,737.7061774999602,739.9909019999905,1.0,2.282337100012228,,,,,,,,,,,,,,,,,,,,,,10,001,male,24,2024-11-22_14h49.31.651,solo project,2024.2.1post4,59.55511141632895,2024-11-22 14h49.54.497765 +0530,
,,40,40,0,,,,,,,None,None,,industry,new,2.0,2.2486656999681145,,,,,,,,,,,,,,,,,0,40,40,38,,,,,740.0067430000054,,,,,,,,,,,,,,,,,,,,,,,,,,,,,,,,,,,,739.9937410999555,740.0067430000054,740.0067430000054,742.2573849000037,2.0,2.2486656999681145,,,,,,,,,,,,,,,,,,,,,,10,001,male,24,2024-11-22_14h49.31.651,solo project,2024.2.1post4,59.55511141632895,2024-11-22 14h49.54.497765 +0530,
,,41,41,0,,,,,,,disgust,body product,,passage,old,2.0,2.232527699903585,,,,,,,,,,,,,,,,,0,41,41,16,,,,,742.2737665999448,,,,,,,,,,,,,,,,,,,,,,,,,,,,,,,,,,,,742.2596708999481,742.2737665999448,742.2737665999448,744.5075944999699,2.0,2.232527699903585,,,,,,,,,,,,,,,,,,,,,,10,001,male,24,2024-11-22_14h49.31.651,solo project,2024.2.1post4,59.55511141632895,2024-11-22 14h49.54.497765 +0530,
,,42,42,0,,,,,,,neutral,body product,,invest,old,1.0,3.96587830001954,,,,,,,,,,,,,,,,,0,42,42,6,,,,,744.5231941000093,,,,,,,,,,,,,,,,,,,,,,,,,,,,,,,,,,,,744.5098495000275,744.5231941000093,744.5231941000093,748.4910680999747,1.0,3.96587830001954,,,,,,,,,,,,,,,,,,,,,,10,001,male,24,2024-11-22_14h49.31.651,solo project,2024.2.1post4,59.55511141632895,2024-11-22 14h49.54.497765 +0530,
,,43,43,0,,,,,,,None,None,,concentrate,new,2.0,3.7811188999330625,,,,,,,,,,,,,,,,,0,43,43,31,,,,,748.5070795000065,,,,,,,,,,,,,,,,,,,,,,,,,,,,,,,,,,,,748.4938192999689,748.5070795000065,748.5070795000065,752.2909046999412,2.0,3.7811188999330625,,,,,,,,,,,,,,,,,,,,,,10,001,male,24,2024-11-22_14h49.31.651,solo project,2024.2.1post4,59.55511141632895,2024-11-22 14h49.54.497765 +0530,
,,44,44,0,,,,,,,disgust,death,,lantern,old,1.0,3.41566729999613,,,,,,,,,,,,,,,,,0,44,44,8,,,,,752.3062159999972,,,,,,,,,,,,,,,,,,,,,,,,,,,,,,,,,,,,752.2932682000101,752.3062159999972,752.3062159999972,755.7239812000189,1.0,3.41566729999613,,,,,,,,,,,,,,,,,,,,,,10,001,male,24,2024-11-22_14h49.31.651,solo project,2024.2.1post4,59.55511141632895,2024-11-22 14h49.54.497765 +0530,
,,45,45,0,,,,,,,disgust,animal,,serious,old,2.0,2.049018600024283,,,,,,,,,,,,,,,,,0,45,45,23,,,,,755.7399784999434,,,,,,,,,,,,,,,,,,,,,,,,,,,,,,,,,,,,755.7262932000449,755.7399784999434,755.7399784999434,757.7905046000378,2.0,2.049018600024283,,,,,,,,,,,,,,,,,,,,,,10,001,male,24,2024-11-22_14h49.31.651,solo project,2024.2.1post4,59.55511141632895,2024-11-22 14h49.54.497765 +0530,
,,46,46,0,,,,,,,None,None,,poetry,new,2.0,2.3658974999561906,,,,,,,,,,,,,,,,,0,46,46,44,,,,,757.8068665999454,,,,,,,,,,,,,,,,,,,,,,,,,,,,,,,,,,,,757.7928739000345,757.8068665999454,757.8068665999454,760.1737448000349,2.0,2.3658974999561906,,,,,,,,,,,,,,,,,,,,,,10,001,male,24,2024-11-22_14h49.31.651,solo project,2024.2.1post4,59.55511141632895,2024-11-22 14h49.54.497765 +0530,
,,47,47,0,,,,,,,None,None,,truck,new,2.0,9.016048499965109,,,,,,,,,,,,,,,,,0,47,47,56,,,,,760.1895008999854,,,,,,,,,,,,,,,,,,,,,,,,,,,,,,,,,,,,760.1758262000512,760.1895008999854,760.1895008999854,769.2069881999632,2.0,9.016048499965109,,,,,,,,,,,,,,,,,,,,,,10,001,male,24,2024-11-22_14h49.31.651,solo project,2024.2.1post4,59.55511141632895,2024-11-22 14h49.54.497765 +0530,
,,48,48,0,,,,,,,neutral,body product,,reptile,old,2.0,2.8155045000603423,,,,,,,,,,,,,,,,,0,48,48,21,,,,,769.2229613000527,,,,,,,,,,,,,,,,,,,,,,,,,,,,,,,,,,,,769.2092043999583,769.2229613000527,769.2229613000527,772.0406730000395,2.0,2.8155045000603423,,,,,,,,,,,,,,,,,,,,,,10,001,male,24,2024-11-22_14h49.31.651,solo project,2024.2.1post4,59.55511141632895,2024-11-22 14h49.54.497765 +0530,
,,49,49,0,,,,,,,None,None,,theory,new,2.0,3.1980964000103995,,,,,,,,,,,,,,,,,0,49,49,55,,,,,772.0562546999427,,,,,,,,,,,,,,,,,,,,,,,,,,,,,,,,,,,,772.0435095999856,772.0562546999427,772.0562546999427,775.2572900999803,2.0,3.1980964000103995,,,,,,,,,,,,,,,,,,,,,,10,001,male,24,2024-11-22_14h49.31.651,solo project,2024.2.1post4,59.55511141632895,2024-11-22 14h49.54.497765 +0530,
,,50,50,0,,,,,,,None,None,,hand,new,2.0,1.5489996999967843,,,,,,,,,,,,,,,,,0,50,50,35,,,,,775.2725222000154,,,,,,,,,,,,,,,,,,,,,,,,,,,,,,,,,,,,775.2593292000238,775.2725222000154,775.2725222000154,776.8234579999698,2.0,1.5489996999967843,,,,,,,,,,,,,,,,,,,,,,10,001,male,24,2024-11-22_14h49.31.651,solo project,2024.2.1post4,59.55511141632895,2024-11-22 14h49.54.497765 +0530,
,,51,51,0,,,,,,,None,None,,sentiment,new,1.0,2.9985483000054955,,,,,,,,,,,,,,,,,0,51,51,49,,,,,776.8394094000105,,,,,,,,,,,,,,,,,,,,,,,,,,,,,,,,,,,,776.8265015999787,776.8394094000105,776.8394094000105,779.8403025999432,1.0,2.9985483000054955,,,,,,,,,,,,,,,,,,,,,,10,001,male,24,2024-11-22_14h49.31.651,solo project,2024.2.1post4,59.55511141632895,2024-11-22 14h49.54.497765 +0530,
,,52,52,0,,,,,,,neutral,injury/infection,,stove,old,2.0,2.098217700025998,,,,,,,,,,,,,,,,,0,52,52,26,,,,,779.8561857000459,,,,,,,,,,,,,,,,,,,,,,,,,,,,,,,,,,,,779.8430944000138,779.8561857000459,779.8561857000459,781.9569680000423,2.0,2.098217700025998,,,,,,,,,,,,,,,,,,,,,,10,001,male,24,2024-11-22_14h49.31.651,solo project,2024.2.1post4,59.55511141632895,2024-11-22 14h49.54.497765 +0530,
,,53,53,0,,,,,,,disgust,body product,,reverent,old,1.0,9.965174300014041,,,,,,,,,,,,,,,,,0,53,53,22,,,,,781.973074199981,,,,,,,,,,,,,,,,,,,,,,,,,,,,,,,,,,,,781.9593729999615,781.973074199981,781.973074199981,791.9402554000262,1.0,9.965174300014041,,,,,,,,,,,,,,,,,,,,,,10,001,male,24,2024-11-22_14h49.31.651,solo project,2024.2.1post4,59.55511141632895,2024-11-22 14h49.54.497765 +0530,
,,54,54,0,,,,,,,None,None,,skyscraper,new,2.0,2.3322209999896586,,,,,,,,,,,,,,,,,0,54,54,51,,,,,791.9555984999752,,,,,,,,,,,,,,,,,,,,,,,,,,,,,,,,,,,,791.9427337000379,791.9555984999752,791.9555984999752,794.2899554000469,2.0,2.3322209999896586,,,,,,,,,,,,,,,,,,,,,,10,001,male,24,2024-11-22_14h49.31.651,solo project,2024.2.1post4,59.55511141632895,2024-11-22 14h49.54.497765 +0530,
,,55,55,0,,,,,,,None,None,,scissors,new,2.0,1.198143700021319,,,,,,,,,,,,,,,,,0,55,55,48,,,,,794.3055277999956,,,,,,,,,,,,,,,,,,,,,,,,,,,,,,,,,,,,794.2927862999495,794.3055277999956,794.3055277999956,795.5070065000327,2.0,1.198143700021319,,,,,,,,,,,,,,,,,,,,,,10,001,male,24,2024-11-22_14h49.31.651,solo project,2024.2.1post4,59.55511141632895,2024-11-22 14h49.54.497765 +0530,
,,56,56,0,,,,,,,disgust,injury/infection,,glacier,old,2.0,3.048419600003399,,,,,,,,,,,,,,,,,0,56,56,4,,,,,795.5227478999877,,,,,,,,,,,,,,,,,,,,,,,,,,,,,,,,,,,,795.5094859000528,795.5227478999877,795.5227478999877,798.5730655000079,2.0,3.048419600003399,,,,,,,,,,,,,,,,,,,,,,10,001,male,24,2024-11-22_14h49.31.651,solo project,2024.2.1post4,59.55511141632895,2024-11-22 14h49.54.497765 +0530,
,,57,57,0,,,,,,,None,None,,watch,new,2.0,1.3164072999497876,,,,,,,,,,,,,,,,,0,57,57,58,,,,,798.5888377999654,,,,,,,,,,,,,,,,,,,,,,,,,,,,,,,,,,,,798.5752084000269,798.5888377999654,798.5888377999654,799.9066132999724,2.0,1.3164072999497876,,,,,,,,,,,,,,,,,,,,,,10,001,male,24,2024-11-22_14h49.31.651,solo project,2024.2.1post4,59.55511141632895,2024-11-22 14h49.54.497765 +0530,
,,58,58,0,,,,,,,disgust,animal,,journal,old,1.0,2.4799503000685945,,,,,,,,,,,,,,,,,0,58,58,7,,,,,799.9225753999781,,,,,,,,,,,,,,,,,,,,,,,,,,,,,,,,,,,,799.9114199000178,799.9225753999781,799.9225753999781,802.4064073000336,1.0,2.4799503000685945,,,,,,,,,,,,,,,,,,,,,,10,001,male,24,2024-11-22_14h49.31.651,solo project,2024.2.1post4,59.55511141632895,2024-11-22 14h49.54.497765 +0530,
,,59,59,0,,,,,,,None,None,,fabric,new,2.0,1.7313256999477744,,,,,,,,,,,,,,,,,0,59,59,34,,,,,802.4226341999602,,,,,,,,,,,,,,,,,,,,,,,,,,,,,,,,,,,,802.4097734000534,802.4226341999602,802.4226341999602,804.1569109000266,2.0,1.7313256999477744,,,,,,,,,,,,,,,,,,,,,,10,001,male,24,2024-11-22_14h49.31.651,solo project,2024.2.1post4,59.55511141632895,2024-11-22 14h49.54.497765 +0530,
,,,,,,,,,,,,,,,,,,,,,,,,,,,,,,,,,,,,,,,,,,,,,,,,,,,,,,,,,,,,,,,,,,,,,,,,,,,,,,,,,,,,804.1575307999738,807.907877300051,1,[3.7347961000632495],[3.7348031000001356],,,,,,,,,,,,,,,,,10,001,male,24,2024-11-22_14h49.31.651,solo project,2024.2.1post4,59.55511141632895,2024-11-22 14h49.54.497765 +0530,
,,,,,,,,,,,,,,,,,,,,,,,,,,,,,,,,,,,,,,,,,,,,,,,,,,,,,,,,,,,,,,,,,,,,,,,,,,,,,,,,,,,,,,,,,807.9080215999857,811.8737723999657,space,3.960529600037262,None,,,,,,,,,,,,10,001,male,24,2024-11-22_14h49.31.651,solo project,2024.2.1post4,59.55511141632895,2024-11-22 14h49.54.497765 +0530,
,,,,,,,,,,,,,,,,,,,,,,,,,,,,,,,,,,,,,,,,,,,,,,,,,,,,,,,,,,,,,,,,,,,,,,,,,,,,,,,,,,,,,,,,,,,,,,811.873819099972,873.5733560000081,space,61.698219000012614,None,,,,,,,10,001,male,24,2024-11-22_14h49.31.651,solo project,2024.2.1post4,59.55511141632895,2024-11-22 14h49.54.497765 +0530,
,,0,0,0,,,,,,,,,,,,,,1,Telephoning in public,0.0,0.0,,,,,,,,,,,,,,,,,0,0,0,0,873.6063499000156,,,,,,,,,,,,,,,,,,,,,,,,,,,,,,,,,,,,,,,,,,,,,,,,,,,,,,,,,873.5854616999859,873.6063499000156,873.6063499000156,895.559065700043,0.0,0.0,10,001,male,24,2024-11-22_14h49.31.651,solo project,2024.2.1post4,59.55511141632895,2024-11-22 14h49.54.497765 +0530,
,,1,1,0,,,,,,,,,,,,,,2,Participating in small groups,0.0,0.0,,,,,,,,,,,,,,,,,0,1,1,1,895.5771712999558,,,,,,,,,,,,,,,,,,,,,,,,,,,,,,,,,,,,,,,,,,,,,,,,,,,,,,,,,895.5631032000529,895.5771712999558,895.5771712999558,913.3716263000388,0.0,0.0,10,001,male,24,2024-11-22_14h49.31.651,solo project,2024.2.1post4,59.55511141632895,2024-11-22 14h49.54.497765 +0530,
,,2,2,0,,,,,,,,,,,,,,3,Eating in public places,2.0,3.0,,,,,,,,,,,,,,,,,0,2,2,2,913.3900499000447,,,,,,,,,,,,,,,,,,,,,,,,,,,,,,,,,,,,,,,,,,,,,,,,,,,,,,,,,913.37543679995,913.3900499000447,913.3900499000447,941.9715998000465,2.0,3.0,10,001,male,24,2024-11-22_14h49.31.651,solo project,2024.2.1post4,59.55511141632895,2024-11-22 14h49.54.497765 +0530,
,,3,3,0,,,,,,,,,,,,,,4,Drinking with others in public places,3.0,3.0,,,,,,,,,,,,,,,,,0,3,3,3,941.9900661000283,,,,,,,,,,,,,,,,,,,,,,,,,,,,,,,,,,,,,,,,,,,,,,,,,,,,,,,,,941.9760062999558,941.9900661000283,941.9900661000283,955.3554579999764,3.0,3.0,10,001,male,24,2024-11-22_14h49.31.651,solo project,2024.2.1post4,59.55511141632895,2024-11-22 14h49.54.497765 +0530,
,,4,4,0,,,,,,,,,,,,,,5,Talking to people in authority,1.0,2.0,,,,,,,,,,,,,,,,,0,4,4,4,955.3727438000496,,,,,,,,,,,,,,,,,,,,,,,,,,,,,,,,,,,,,,,,,,,,,,,,,,,,,,,,,955.358604399953,955.3727438000496,955.3727438000496,984.0053895999445,1.0,2.0,10,001,male,24,2024-11-22_14h49.31.651,solo project,2024.2.1post4,59.55511141632895,2024-11-22 14h49.54.497765 +0530,
,,5,5,0,,,,,,,,,,,,,,6,"Acting, performing, or giving a talk in front of an audience",0.0,0.0,,,,,,,,,,,,,,,,,0,5,5,5,984.0250589000061,,,,,,,,,,,,,,,,,,,,,,,,,,,,,,,,,,,,,,,,,,,,,,,,,,,,,,,,,984.0096498000203,984.0250589000061,984.0250589000061,998.3553665999789,0.0,0.0,10,001,male,24,2024-11-22_14h49.31.651,solo project,2024.2.1post4,59.55511141632895,2024-11-22 14h49.54.497765 +0530,
,,6,6,0,,,,,,,,,,,,,,7,Going to a party,0.0,0.0,,,,,,,,,,,,,,,,,0,6,6,6,998.3735228000442,,,,,,,,,,,,,,,,,,,,,,,,,,,,,,,,,,,,,,,,,,,,,,,,,,,,,,,,,998.3592624999583,998.3735228000442,998.3735228000442,1007.6214046999812,0.0,0.0,10,001,male,24,2024-11-22_14h49.31.651,solo project,2024.2.1post4,59.55511141632895,2024-11-22 14h49.54.497765 +0530,
,,7,7,0,,,,,,,,,,,,,,8,Working while being observed,1.0,2.0,,,,,,,,,,,,,,,,,0,7,7,7,1007.6399355999893,,,,,,,,,,,,,,,,,,,,,,,,,,,,,,,,,,,,,,,,,,,,,,,,,,,,,,,,,1007.6251421000343,1007.6399355999893,1007.6399355999893,1026.739650100004,1.0,2.0,10,001,male,24,2024-11-22_14h49.31.651,solo project,2024.2.1post4,59.55511141632895,2024-11-22 14h49.54.497765 +0530,
,,8,8,0,,,,,,,,,,,,,,9,Writing while being observed,0.0,0.0,,,,,,,,,,,,,,,,,0,8,8,8,1026.7563876999775,,,,,,,,,,,,,,,,,,,,,,,,,,,,,,,,,,,,,,,,,,,,,,,,,,,,,,,,,1026.7425665999763,1026.7563876999775,1026.7563876999775,1036.9232146999566,0.0,0.0,10,001,male,24,2024-11-22_14h49.31.651,solo project,2024.2.1post4,59.55511141632895,2024-11-22 14h49.54.497765 +0530,
,,9,9,0,,,,,,,,,,,,,,10,Calling someone you don't know very well,0.0,1.0,,,,,,,,,,,,,,,,,0,9,9,9,1036.9425953000318,,,,,,,,,,,,,,,,,,,,,,,,,,,,,,,,,,,,,,,,,,,,,,,,,,,,,,,,,1036.9278449000558,1036.9425953000318,1036.9425953000318,1048.6409488000209,0.0,1.0,10,001,male,24,2024-11-22_14h49.31.651,solo project,2024.2.1post4,59.55511141632895,2024-11-22 14h49.54.497765 +0530,
,,10,10,0,,,,,,,,,,,,,,11,Talking with people you don't know very well,0.0,1.0,,,,,,,,,,,,,,,,,0,10,10,10,1048.6595856000204,,,,,,,,,,,,,,,,,,,,,,,,,,,,,,,,,,,,,,,,,,,,,,,,,,,,,,,,,1048.6444966000272,1048.6595856000204,1048.6595856000204,1064.6396282999776,0.0,1.0,10,001,male,24,2024-11-22_14h49.31.651,solo project,2024.2.1post4,59.55511141632895,2024-11-22 14h49.54.497765 +0530,
,,11,11,0,,,,,,,,,,,,,,12,Meeting strangers,1.0,0.0,,,,,,,,,,,,,,,,,0,11,11,11,1064.6576526999706,,,,,,,,,,,,,,,,,,,,,,,,,,,,,,,,,,,,,,,,,,,,,,,,,,,,,,,,,1064.643478599959,1064.6576526999706,1064.6576526999706,1075.5064810999902,1.0,0.0,10,001,male,24,2024-11-22_14h49.31.651,solo project,2024.2.1post4,59.55511141632895,2024-11-22 14h49.54.497765 +0530,
,,12,12,0,,,,,,,,,,,,,,13,Urinating in a public bathroom,0.0,0.0,,,,,,,,,,,,,,,,,0,12,12,12,1075.5261755000101,,,,,,,,,,,,,,,,,,,,,,,,,,,,,,,,,,,,,,,,,,,,,,,,,,,,,,,,,1075.5107506000204,1075.5261755000101,1075.5261755000101,1083.555853100028,0.0,0.0,10,001,male,24,2024-11-22_14h49.31.651,solo project,2024.2.1post4,59.55511141632895,2024-11-22 14h49.54.497765 +0530,
,,13,13,0,,,,,,,,,,,,,,14,Entering a room when others are already seated,0.0,0.0,,,,,,,,,,,,,,,,,0,13,13,13,1083.5735118000302,,,,,,,,,,,,,,,,,,,,,,,,,,,,,,,,,,,,,,,,,,,,,,,,,,,,,,,,,1083.5592015000293,1083.5735118000302,1083.5735118000302,1098.4894424000522,0.0,0.0,10,001,male,24,2024-11-22_14h49.31.651,solo project,2024.2.1post4,59.55511141632895,2024-11-22 14h49.54.497765 +0530,
,,14,14,0,,,,,,,,,,,,,,15,Being the center of attention,0.0,0.0,,,,,,,,,,,,,,,,,0,14,14,14,1098.5075926999561,,,,,,,,,,,,,,,,,,,,,,,,,,,,,,,,,,,,,,,,,,,,,,,,,,,,,,,,,1098.4934269000078,1098.5075926999561,1098.5075926999561,1105.6220281999558,0.0,0.0,10,001,male,24,2024-11-22_14h49.31.651,solo project,2024.2.1post4,59.55511141632895,2024-11-22 14h49.54.497765 +0530,
,,15,15,0,,,,,,,,,,,,,,16,Speaking up at a meeting,1.0,2.0,,,,,,,,,,,,,,,,,0,15,15,15,1105.6394286999712,,,,,,,,,,,,,,,,,,,,,,,,,,,,,,,,,,,,,,,,,,,,,,,,,,,,,,,,,1105.6254757000133,1105.6394286999712,1105.6394286999712,1117.0063186000334,1.0,2.0,10,001,male,24,2024-11-22_14h49.31.651,solo project,2024.2.1post4,59.55511141632895,2024-11-22 14h49.54.497765 +0530,
,,16,16,0,,,,,,,,,,,,,,17,Taking a test,2.0,2.0,,,,,,,,,,,,,,,,,0,16,16,16,1117.0242008999921,,,,,,,,,,,,,,,,,,,,,,,,,,,,,,,,,,,,,,,,,,,,,,,,,,,,,,,,,1117.0092289999593,1117.0242008999921,1117.0242008999921,1141.4060471999692,2.0,2.0,10,001,male,24,2024-11-22_14h49.31.651,solo project,2024.2.1post4,59.55511141632895,2024-11-22 14h49.54.497765 +0530,
,,17,17,0,,,,,,,,,,,,,,18,Expressing a disagreement or disapproval to people you don’t know very well,2.0,2.0,,,,,,,,,,,,,,,,,0,17,17,17,1141.4260604999727,,,,,,,,,,,,,,,,,,,,,,,,,,,,,,,,,,,,,,,,,,,,,,,,,,,,,,,,,1141.4113570000045,1141.4260604999727,1141.4260604999727,1164.872409899952,2.0,2.0,10,001,male,24,2024-11-22_14h49.31.651,solo project,2024.2.1post4,59.55511141632895,2024-11-22 14h49.54.497765 +0530,
,,18,18,0,,,,,,,,,,,,,,19,Looking at people you don't know very well in the eyes,1.0,0.0,,,,,,,,,,,,,,,,,0,18,18,18,1164.8917334999423,,,,,,,,,,,,,,,,,,,,,,,,,,,,,,,,,,,,,,,,,,,,,,,,,,,,,,,,,1164.8774402999552,1164.8917334999423,1164.8917334999423,1185.7392126000486,1.0,0.0,10,001,male,24,2024-11-22_14h49.31.651,solo project,2024.2.1post4,59.55511141632895,2024-11-22 14h49.54.497765 +0530,
,,19,19,0,,,,,,,,,,,,,,20,Giving a report to a group,1.0,3.0,,,,,,,,,,,,,,,,,0,19,19,19,1185.7568653000053,,,,,,,,,,,,,,,,,,,,,,,,,,,,,,,,,,,,,,,,,,,,,,,,,,,,,,,,,1185.7422546000453,1185.7568653000053,1185.7568653000053,1192.939102299977,1.0,3.0,10,001,male,24,2024-11-22_14h49.31.651,solo project,2024.2.1post4,59.55511141632895,2024-11-22 14h49.54.497765 +0530,
,,20,20,0,,,,,,,,,,,,,,21,Trying to pick up someone,0.0,0.0,,,,,,,,,,,,,,,,,0,20,20,20,1192.956363699981,,,,,,,,,,,,,,,,,,,,,,,,,,,,,,,,,,,,,,,,,,,,,,,,,,,,,,,,,1192.9421367000323,1192.956363699981,1192.956363699981,1201.355133999954,0.0,0.0,10,001,male,24,2024-11-22_14h49.31.651,solo project,2024.2.1post4,59.55511141632895,2024-11-22 14h49.54.497765 +0530,
,,21,21,0,,,,,,,,,,,,,,22,Returning goods to a store,1.0,2.0,,,,,,,,,,,,,,,,,0,21,21,21,1201.3752665000502,,,,,,,,,,,,,,,,,,,,,,,,,,,,,,,,,,,,,,,,,,,,,,,,,,,,,,,,,1201.359347300022,1201.3752665000502,1201.3752665000502,1208.205407600035,1.0,2.0,10,001,male,24,2024-11-22_14h49.31.651,solo project,2024.2.1post4,59.55511141632895,2024-11-22 14h49.54.497765 +0530,
,,22,22,0,,,,,,,,,,,,,,23,Giving a party,2.0,3.0,,,,,,,,,,,,,,,,,0,22,22,22,1208.223164099967,,,,,,,,,,,,,,,,,,,,,,,,,,,,,,,,,,,,,,,,,,,,,,,,,,,,,,,,,1208.2082539000548,1208.223164099967,1208.223164099967,1219.2384499999462,2.0,3.0,10,001,male,24,2024-11-22_14h49.31.651,solo project,2024.2.1post4,59.55511141632895,2024-11-22 14h49.54.497765 +0530,
,,23,23,0,,,,,,,,,,,,,,24,Resisting a high pressure salesperson,0.0,3.0,,,,,,,,,,,,,,,,,0,23,23,23,1219.2559437999735,,,,,,,,,,,,,,,,,,,,,,,,,,,,,,,,,,,,,,,,,,,,,,,,,,,,,,,,,1219.2418283999432,1219.2559437999735,1219.2559437999735,1245.037955399952,0.0,3.0,10,001,male,24,2024-11-22_14h49.31.651,solo project,2024.2.1post4,59.55511141632895,2024-11-22 14h49.54.497765 +0530,
