﻿no_per,dsr_per,thisN,thisTrialN,thisRepN,slider.response,slider.rt,no_exp,dsr_exp,slider_2.response,imagefile,type,subtype,study_word,test_word,old_new,slider_3.response,slider_3.rt,lsas_no,lsas_situation,slider_4.response,slider_5.response,trials.thisRepN,trials.thisTrialN,trials.thisN,trials.thisIndex,trials_2.thisRepN,trials_2.thisTrialN,trials_2.thisN,trials_2.thisIndex,trials_3.thisRepN,trials_3.thisTrialN,trials_3.thisN,trials_3.thisIndex,trials_4.thisRepN,trials_4.thisTrialN,trials_4.thisN,trials_4.thisIndex,trials_5.thisRepN,trials_5.thisTrialN,trials_5.thisN,trials_5.thisIndex,thisRow.t,notes,consent.started,consent.stopped,button.numClicks,button.timesOn,button.timesOff,dsr_personal.started,text.started,question.started,slider.started,dsr_personal.stopped,trials.slider.response,trials.slider.rt,dsr_experience.started,dsr_experience.stopped,trials_2.slider_2.response,instr.started,instr.stopped,key_resp.keys,key_resp.rt,key_resp.duration,encoding.started,fixation.started,study_image.started,studyword.started,fixation.stopped,study_image.stopped,studyword.stopped,encoding.stopped,test_instruction.started,key_resp_2.started,test_instruction.stopped,key_resp_2.keys,key_resp_2.rt,key_resp_2.duration,testing.started,t_word.started,slider_3.started,testing.stopped,trials_4.slider_3.response,trials_4.slider_3.rt,end.started,end.stopped,button_2.numClicks,button_2.timesOn,button_2.timesOff,brk.started,brk.stopped,key_resp_3.keys,key_resp_3.rt,key_resp_3.duration,lsas_instr.started,lsas_instr.stopped,key_resp_4.keys,key_resp_4.rt,key_resp_4.duration,lsas.started,text_2.started,text_3.started,lsas.stopped,trials_5.slider_4.response,trials_5.slider_5.response,participant,session,sex,age,date,expName,psychopyVersion,frameRate,expStart,
,,,,,,,,,,,,,,,,,,,,,,,,,,,,,,,,,,,,,,,,,,,,0.007413599989376962,5.5016263000434265,1,[5.483974099974148],[5.483986099949107],,,,,,,,,,,,,,,,,,,,,,,,,,,,,,,,,,,,,,,,,,,,,,,,,,,,,,,,,11,001,female,20,2024-11-22_15h15.55.949,solo project,2024.2.1post4,59.798097697063184,2024-11-22 15h16.42.635931 +0530,
1,"I might be willing to try eating monkey meat, under some circumstances.",0,0,0,0.0,18.768248100066558,,,,,,,,,,,,,,,,0,0,0,0,,,,,,,,,,,,,,,,,5.531158900004812,,,,,,,5.516641200054437,5.531158900004812,5.531158900004812,5.531158900004812,24.300533200032078,0.0,18.768248100066558,,,,,,,,,,,,,,,,,,,,,,,,,,,,,,,,,,,,,,,,,,,,,,,,,,11,001,female,20,2024-11-22_15h15.55.949,solo project,2024.2.1post4,59.798097697063184,2024-11-22 15h16.42.635931 +0530,
2,It would bother me to be in a science class and to see a human preserved in a jar.,1,1,0,2.0,12.363064600038342,,,,,,,,,,,,,,,,0,1,1,1,,,,,,,,,,,,,,,,,24.316096500027925,,,,,,,24.30572730000131,24.316096500027925,24.316096500027925,24.316096500027925,36.68367240007501,2.0,12.363064600038342,,,,,,,,,,,,,,,,,,,,,,,,,,,,,,,,,,,,,,,,,,,,,,,,,,11,001,female,20,2024-11-22_15h15.55.949,solo project,2024.2.1post4,59.798097697063184,2024-11-22 15h16.42.635931 +0530,
3,It bothers me to hear someone clear a throat full of mucous.,2,2,0,2.0,11.296470300061628,,,,,,,,,,,,,,,,0,2,2,2,,,,,,,,,,,,,,,,,36.69995989999734,,,,,,,36.68781170004513,36.69995989999734,36.69995989999734,36.69995989999734,48.000605900073424,2.0,11.296470300061628,,,,,,,,,,,,,,,,,,,,,,,,,,,,,,,,,,,,,,,,,,,,,,,,,,11,001,female,20,2024-11-22_15h15.55.949,solo project,2024.2.1post4,59.798097697063184,2024-11-22 15h16.42.635931 +0530,
4,I never let any part of my body touch the toilet seat in public restrooms.,3,3,0,2.0,8.129895900026895,,,,,,,,,,,,,,,,0,3,3,3,,,,,,,,,,,,,,,,,48.01581240002997,,,,,,,48.00486520002596,48.01581240002997,48.01581240002997,48.01581240002997,56.150114600081,2.0,8.129895900026895,,,,,,,,,,,,,,,,,,,,,,,,,,,,,,,,,,,,,,,,,,,,,,,,,,11,001,female,20,2024-11-22_15h15.55.949,solo project,2024.2.1post4,59.798097697063184,2024-11-22 15h16.42.635931 +0530,
5,I would go out of my way to avoid walking through a graveyard.,4,4,0,1.0,64.38085299998056,,,,,,,,,,,,,,,,0,4,4,4,,,,,,,,,,,,,,,,,56.166264300001785,,,,,,,56.15321810008027,56.166264300001785,56.166264300001785,56.166264300001785,120.54939820000436,1.0,64.38085299998056,,,,,,,,,,,,,,,,,,,,,,,,,,,,,,,,,,,,,,,,,,,,,,,,,,11,001,female,20,2024-11-22_15h15.55.949,solo project,2024.2.1post4,59.798097697063184,2024-11-22 15h16.42.635931 +0530,
6,Seeing a cockroach in someone else's house doesn't bother me.,5,5,0,4.0,5.728552700020373,,,,,,,,,,,,,,,,0,5,5,5,,,,,,,,,,,,,,,,,120.56597610004246,,,,,,,120.55561500007752,120.56597610004246,120.56597610004246,120.56597610004246,126.29949890007265,4.0,5.728552700020373,,,,,,,,,,,,,,,,,,,,,,,,,,,,,,,,,,,,,,,,,,,,,,,,,,11,001,female,20,2024-11-22_15h15.55.949,solo project,2024.2.1post4,59.798097697063184,2024-11-22 15h16.42.635931 +0530,
7,It would bother me tremendously to touch a dead body.,6,6,0,2.0,6.530952199944295,,,,,,,,,,,,,,,,0,6,6,6,,,,,,,,,,,,,,,,,126.31488489999902,,,,,,,126.30265220010187,126.31488489999902,126.31488489999902,126.31488489999902,132.84906070004217,2.0,6.530952199944295,,,,,,,,,,,,,,,,,,,,,,,,,,,,,,,,,,,,,,,,,,,,,,,,,,11,001,female,20,2024-11-22_15h15.55.949,solo project,2024.2.1post4,59.798097697063184,2024-11-22 15h16.42.635931 +0530,
8,"If I see someone vomit, it makes me sick to my stomach.",7,7,0,4.0,3.6818696999689564,,,,,,,,,,,,,,,,0,7,7,7,,,,,,,,,,,,,,,,,132.86486550001428,,,,,,,132.85211380000692,132.86486550001428,132.86486550001428,132.86486550001428,136.54927429999225,4.0,3.6818696999689564,,,,,,,,,,,,,,,,,,,,,,,,,,,,,,,,,,,,,,,,,,,,,,,,,,11,001,female,20,2024-11-22_15h15.55.949,solo project,2024.2.1post4,59.798097697063184,2024-11-22 15h16.42.635931 +0530,
9,I probably would not go to my favorite restaurant if I found out that the cook had a cold.,8,8,0,2.0,5.6630300000542775,,,,,,,,,,,,,,,,0,8,8,8,,,,,,,,,,,,,,,,,136.56459740002174,,,,,,,136.55314130010083,136.56459740002174,136.56459740002174,136.56459740002174,142.23222130001523,2.0,5.6630300000542775,,,,,,,,,,,,,,,,,,,,,,,,,,,,,,,,,,,,,,,,,,,,,,,,,,11,001,female,20,2024-11-22_15h15.55.949,solo project,2024.2.1post4,59.798097697063184,2024-11-22 15h16.42.635931 +0530,
10,It would not upset me at all to watch a person with a glass eye take the eye out of the socket.,9,9,0,2.0,14.230660300003365,,,,,,,,,,,,,,,,0,9,9,9,,,,,,,,,,,,,,,,,142.2480319000315,,,,,,,142.23624780005775,142.2480319000315,142.2480319000315,142.2480319000315,156.48232220008504,2.0,14.230660300003365,,,,,,,,,,,,,,,,,,,,,,,,,,,,,,,,,,,,,,,,,,,,,,,,,,11,001,female,20,2024-11-22_15h15.55.949,solo project,2024.2.1post4,59.798097697063184,2024-11-22 15h16.42.635931 +0530,
11,It would bother me to see a rat run across my path in a park.,10,10,0,1.0,4.730854999972507,,,,,,,,,,,,,,,,0,10,10,10,,,,,,,,,,,,,,,,,156.49759070004802,,,,,,,156.48558580002282,156.49759070004802,156.49759070004802,156.49759070004802,161.23207360005472,1.0,4.730854999972507,,,,,,,,,,,,,,,,,,,,,,,,,,,,,,,,,,,,,,,,,,,,,,,,,,11,001,female,20,2024-11-22_15h15.55.949,solo project,2024.2.1post4,59.798097697063184,2024-11-22 15h16.42.635931 +0530,
12,I would rather eat a piece of fruit than a piece of paper.,11,11,0,4.0,8.43174829997588,,,,,,,,,,,,,,,,0,11,11,11,,,,,,,,,,,,,,,,,161.248140300042,,,,,,,161.23504210007377,161.248140300042,161.248140300042,161.248140300042,169.68219180009328,4.0,8.43174829997588,,,,,,,,,,,,,,,,,,,,,,,,,,,,,,,,,,,,,,,,,,,,,,,,,,11,001,female,20,2024-11-22_15h15.55.949,solo project,2024.2.1post4,59.798097697063184,2024-11-22 15h16.42.635931 +0530,
13,"Even if I was hungry, I would not drink a bowl of my favorite soup if It had been stirred by a used but thoroughly washed flyswatter.",12,12,0,3.0,16.927364700008184,,,,,,,,,,,,,,,,0,12,12,12,,,,,,,,,,,,,,,,,169.69930480001494,,,,,,,169.6882472001016,169.69930480001494,169.69930480001494,169.69930480001494,186.63208530005068,3.0,16.927364700008184,,,,,,,,,,,,,,,,,,,,,,,,,,,,,,,,,,,,,,,,,,,,,,,,,,11,001,female,20,2024-11-22_15h15.55.949,solo project,2024.2.1post4,59.798097697063184,2024-11-22 15h16.42.635931 +0530,
14,It would bother me to sleep in a nice hotel room if I knew that a man had died of a heart attack in that room the night before.,13,13,0,1.0,16.962145299999975,,,,,,,,,,,,,,,,0,13,13,13,,,,,,,,,,,,,,,,,186.6473858000245,,,,,,,186.63697400002275,186.6473858000245,186.6473858000245,186.6473858000245,203.6148704000516,1.0,16.962145299999975,,,,,,,,,,,,,,,,,,,,,,,,,,,,,,,,,,,,,,,,,,,,,,,,,,11,001,female,20,2024-11-22_15h15.55.949,solo project,2024.2.1post4,59.798097697063184,2024-11-22 15h16.42.635931 +0530,
,,0,0,0,,,15,You see maggots on a piece of meat in an outdoor or garbage pail.,3.0,,,,,,,,,,,,,,,,,0,0,0,0,,,,,,,,,,,,,203.6385811000364,,,,,,,,,,,,,,203.62404390005395,225.48097090004012,3.0,,,,,,,,,,,,,,,,,,,,,,,,,,,,,,,,,,,,,,,,,,,,,,,11,001,female,20,2024-11-22_15h15.55.949,solo project,2024.2.1post4,59.798097697063184,2024-11-22 15h16.42.635931 +0530,
,,1,1,0,,,16,You see person eating apple with a knife and fork.,2.0,,,,,,,,,,,,,,,,,0,1,1,1,,,,,,,,,,,,,225.4971067000879,,,,,,,,,,,,,,225.4839719000738,234.49781060009263,2.0,,,,,,,,,,,,,,,,,,,,,,,,,,,,,,,,,,,,,,,,,,,,,,,11,001,female,20,2024-11-22_15h15.55.949,solo project,2024.2.1post4,59.798097697063184,2024-11-22 15h16.42.635931 +0530,
,,2,2,0,,,17,"While you are walking through a tunner under a railroad track, you smell urine.",1.0,,,,,,,,,,,,,,,,,0,2,2,2,,,,,,,,,,,,,234.51364230003674,,,,,,,,,,,,,,234.50280450005084,248.9807999000186,1.0,,,,,,,,,,,,,,,,,,,,,,,,,,,,,,,,,,,,,,,,,,,,,,,11,001,female,20,2024-11-22_15h15.55.949,solo project,2024.2.1post4,59.798097697063184,2024-11-22 15h16.42.635931 +0530,
,,3,3,0,,,18,"You take a sip of soda, an then realize that you drank from the glass that an acquaintance of yours had been drinking from.",2.0,,,,,,,,,,,,,,,,,0,3,3,3,,,,,,,,,,,,,248.99783670005854,,,,,,,,,,,,,,248.9870557000395,260.41435530001763,2.0,,,,,,,,,,,,,,,,,,,,,,,,,,,,,,,,,,,,,,,,,,,,,,,11,001,female,20,2024-11-22_15h15.55.949,solo project,2024.2.1post4,59.798097697063184,2024-11-22 15h16.42.635931 +0530,
,,4,4,0,,,19,"Your friend's pet cat dies, and you have to pick up the dead body with your bare hands.",1.0,,,,,,,,,,,,,,,,,0,4,4,4,,,,,,,,,,,,,260.42932070000097,,,,,,,,,,,,,,260.41892830003053,305.6303575000493,1.0,,,,,,,,,,,,,,,,,,,,,,,,,,,,,,,,,,,,,,,,,,,,,,,11,001,female,20,2024-11-22_15h15.55.949,solo project,2024.2.1post4,59.798097697063184,2024-11-22 15h16.42.635931 +0530,
,,5,5,0,,,20,You see someone put ketchup on vanilla ice cream and eat it.,4.0,,,,,,,,,,,,,,,,,0,5,5,5,,,,,,,,,,,,,305.64580620010383,,,,,,,,,,,,,,305.63360800000373,311.8174657000927,4.0,,,,,,,,,,,,,,,,,,,,,,,,,,,,,,,,,,,,,,,,,,,,,,,11,001,female,20,2024-11-22_15h15.55.949,solo project,2024.2.1post4,59.798097697063184,2024-11-22 15h16.42.635931 +0530,
,,6,6,0,,,21,You see a man with his intestines exposed after an accident.,4.0,,,,,,,,,,,,,,,,,0,6,6,6,,,,,,,,,,,,,311.83306890004314,,,,,,,,,,,,,,311.82175690005533,316.2340656000888,4.0,,,,,,,,,,,,,,,,,,,,,,,,,,,,,,,,,,,,,,,,,,,,,,,11,001,female,20,2024-11-22_15h15.55.949,solo project,2024.2.1post4,59.798097697063184,2024-11-22 15h16.42.635931 +0530,
,,7,7,0,,,22,You discover that a friend of yours changes underwear only once a week.,4.0,,,,,,,,,,,,,,,,,0,7,7,7,,,,,,,,,,,,,316.2496386000421,,,,,,,,,,,,,,316.2376901000971,321.01835080003366,4.0,,,,,,,,,,,,,,,,,,,,,,,,,,,,,,,,,,,,,,,,,,,,,,,11,001,female,20,2024-11-22_15h15.55.949,solo project,2024.2.1post4,59.798097697063184,2024-11-22 15h16.42.635931 +0530,
,,8,8,0,,,23,A friend offers you a piece of chocolate shaped like dog-doo.,3.0,,,,,,,,,,,,,,,,,0,8,8,8,,,,,,,,,,,,,321.0334877000423,,,,,,,,,,,,,,321.02311970002484,332.9256289000623,3.0,,,,,,,,,,,,,,,,,,,,,,,,,,,,,,,,,,,,,,,,,,,,,,,11,001,female,20,2024-11-22_15h15.55.949,solo project,2024.2.1post4,59.798097697063184,2024-11-22 15h16.42.635931 +0530,
,,9,9,0,,,24,You accidentally touch the ashes of a person who has been cremated.,2.0,,,,,,,,,,,,,,,,,0,9,9,9,,,,,,,,,,,,,332.94268660002854,,,,,,,,,,,,,,332.92897540004924,339.9428733000532,2.0,,,,,,,,,,,,,,,,,,,,,,,,,,,,,,,,,,,,,,,,,,,,,,,11,001,female,20,2024-11-22_15h15.55.949,solo project,2024.2.1post4,59.798097697063184,2024-11-22 15h16.42.635931 +0530,
,,10,10,0,,,25,You are about to drink a glass of milk when you smell that it is spoiled.,3.0,,,,,,,,,,,,,,,,,0,10,10,10,,,,,,,,,,,,,339.9577138000168,,,,,,,,,,,,,,339.9463780000806,348.5752940000966,3.0,,,,,,,,,,,,,,,,,,,,,,,,,,,,,,,,,,,,,,,,,,,,,,,11,001,female,20,2024-11-22_15h15.55.949,solo project,2024.2.1post4,59.798097697063184,2024-11-22 15h16.42.635931 +0530,
,,11,11,0,,,26,"As a part of a sex education class, you are required to inflate a new unlubricated condom using your mouth.",1.0,,,,,,,,,,,,,,,,,0,11,11,11,,,,,,,,,,,,,348.591432300047,,,,,,,,,,,,,,348.5799457000103,362.0252323000459,1.0,,,,,,,,,,,,,,,,,,,,,,,,,,,,,,,,,,,,,,,,,,,,,,,11,001,female,20,2024-11-22_15h15.55.949,solo project,2024.2.1post4,59.798097697063184,2024-11-22 15h16.42.635931 +0530,
,,12,12,0,,,27,"You are walking barefoot on concrete, and you step on an earthworm.",3.0,,,,,,,,,,,,,,,,,0,12,12,12,,,,,,,,,,,,,362.0408862000331,,,,,,,,,,,,,,362.0287075000815,378.2917829999933,3.0,,,,,,,,,,,,,,,,,,,,,,,,,,,,,,,,,,,,,,,,,,,,,,,11,001,female,20,2024-11-22_15h15.55.949,solo project,2024.2.1post4,59.798097697063184,2024-11-22 15h16.42.635931 +0530,
,,,,,,,,,,,,,,,,,,,,,,,,,,,,,,,,,,,,,,,,,,,,,,,,,,,,,,,,,,,378.29186520003714,380.32870549999643,space,2.0262490999884903,None,,,,,,,,,,,,,,,,,,,,,,,,,,,,,,,,,,,,,,,,,,11,001,female,20,2024-11-22_15h15.55.949,solo project,2024.2.1post4,59.798097697063184,2024-11-22 15h16.42.635931 +0530,
,,0,0,0,,,,,,images/1001_food_lum.jpg,disgust,food,radiator,,,,,,,,,,,,,,,,,0,0,0,18,,,,,,,,,380.3599064000882,,,,,,,,,,,,,,,,,,,,,,380.35502990009263,380.3599064000882,381.3285459000617,381.3285459000617,381.36187450005673,383.33214630000293,383.33214630000293,383.312431700062,,,,,,,,,,,,,,,,,,,,,,,,,,,,,,,,,,11,001,female,20,2024-11-22_15h15.55.949,solo project,2024.2.1post4,59.798097697063184,2024-11-22 15h16.42.635931 +0530,
,,1,1,0,,,,,,images/1118_body products_lum.jpg,disgust,body product,reverent,,,,,,,,,,,,,,,,,0,1,1,22,,,,,,,,,383.33214630000293,,,,,,,,,,,,,,,,,,,,,,383.326677700039,383.33214630000293,384.3285077000037,384.3285077000037,384.34518450009637,386.33217629999854,386.33217629999854,386.31228100007866,,,,,,,,,,,,,,,,,,,,,,,,,,,,,,,,,,11,001,female,20,2024-11-22_15h15.55.949,solo project,2024.2.1post4,59.798097697063184,2024-11-22 15h16.42.635931 +0530,
,,2,2,0,,,,,,images/1062_animals_lum.jpg,disgust,animal,ennui,,,,,,,,,,,,,,,,,0,2,2,3,,,,,,,,,386.33217629999854,,,,,,,,,,,,,,,,,,,,,,386.3287711000303,386.33217629999854,387.32862610009033,387.32862610009033,387.34512400010135,389.3308427000884,389.3308427000884,389.31286160007585,,,,,,,,,,,,,,,,,,,,,,,,,,,,,,,,,,11,001,female,20,2024-11-22_15h15.55.949,solo project,2024.2.1post4,59.798097697063184,2024-11-22 15h16.42.635931 +0530,
,,3,3,0,,,,,,images/1271_hygiene_lum.jpg,disgust,hygeine,limber,,,,,,,,,,,,,,,,,0,3,3,10,,,,,,,,,389.3308427000884,,,,,,,,,,,,,,,,,,,,,,389.3276710000355,389.3308427000884,390.3287808999885,390.3287808999885,390.3452817000216,392.3318116000155,392.3318116000155,392.31238160002977,,,,,,,,,,,,,,,,,,,,,,,,,,,,,,,,,,11,001,female,20,2024-11-22_15h15.55.949,solo project,2024.2.1post4,59.798097697063184,2024-11-22 15h16.42.635931 +0530,
,,4,4,0,,,,,,images/1253_hygiene_lum.jpg,disgust,hygeine,manner,,,,,,,,,,,,,,,,,0,4,4,11,,,,,,,,,392.3318116000155,,,,,,,,,,,,,,,,,,,,,,392.3267932999879,392.3318116000155,393.32861900003627,393.32861900003627,393.3451068000868,395.33059940009844,395.33059940009844,395.3125722000841,,,,,,,,,,,,,,,,,,,,,,,,,,,,,,,,,,11,001,female,20,2024-11-22_15h15.55.949,solo project,2024.2.1post4,59.798097697063184,2024-11-22 15h16.42.635931 +0530,
,,5,5,0,,,,,,images/1054_animals_lum.jpg,disgust,animal,serious,,,,,,,,,,,,,,,,,0,5,5,23,,,,,,,,,395.33059940009844,,,,,,,,,,,,,,,,,,,,,,395.3272384000011,395.33059940009844,396.32881000009365,396.32881000009365,396.3450367000187,398.3304388000397,398.3304388000397,398.31227510003373,,,,,,,,,,,,,,,,,,,,,,,,,,,,,,,,,,11,001,female,20,2024-11-22_15h15.55.949,solo project,2024.2.1post4,59.798097697063184,2024-11-22 15h16.42.635931 +0530,
,,6,6,0,,,,,,images/1032_food_lum.jpg,disgust,food,rattle,,,,,,,,,,,,,,,,,0,6,6,20,,,,,,,,,398.3304388000397,,,,,,,,,,,,,,,,,,,,,,398.32547909999266,398.3304388000397,399.3284898001002,399.3284898001002,399.3449531000806,401.3303477000445,401.3303477000445,401.31233840005007,,,,,,,,,,,,,,,,,,,,,,,,,,,,,,,,,,11,001,female,20,2024-11-22_15h15.55.949,solo project,2024.2.1post4,59.798097697063184,2024-11-22 15h16.42.635931 +0530,
,,7,7,0,,,,,,images/1041_food_neutral_lum.jpg,neutral,food,trumpet,,,,,,,,,,,,,,,,,0,7,7,27,,,,,,,,,401.3303477000445,,,,,,,,,,,,,,,,,,,,,,401.3268146000337,401.3303477000445,402.328522900003,402.328522900003,402.34523090010043,404.330414300086,404.330414300086,404.3122351000784,,,,,,,,,,,,,,,,,,,,,,,,,,,,,,,,,,11,001,female,20,2024-11-22_15h15.55.949,solo project,2024.2.1post4,59.798097697063184,2024-11-22 15h16.42.635931 +0530,
,,8,8,0,,,,,,images/1291_hygiene neutral_lum.jpg,neutral,hygeine,hard,,,,,,,,,,,,,,,,,0,8,8,5,,,,,,,,,404.330414300086,,,,,,,,,,,,,,,,,,,,,,404.32681210001465,404.330414300086,405.3284503000323,405.3284503000323,405.3450434000697,407.33020710002165,407.33020710002165,407.31230870005675,,,,,,,,,,,,,,,,,,,,,,,,,,,,,,,,,,11,001,female,20,2024-11-22_15h15.55.949,solo project,2024.2.1post4,59.798097697063184,2024-11-22 15h16.42.635931 +0530,
,,9,9,0,,,,,,images/1013_food_lum.jpg,disgust,food,stiff,,,,,,,,,,,,,,,,,0,9,9,25,,,,,,,,,407.33020710002165,,,,,,,,,,,,,,,,,,,,,,407.32680869998876,407.33020710002165,408.3450732000638,408.3450732000638,408.3450732000638,,,410.3288482000353,,,,,,,,,,,,,,,,,,,,,,,,,,,,,,,,,,11,001,female,20,2024-11-22_15h15.55.949,solo project,2024.2.1post4,59.798097697063184,2024-11-22 15h16.42.635931 +0530,
,,10,10,0,,,,,,images/1165_injuries_infections_lum.jpg,disgust,injury/infection,glacier,,,,,,,,,,,,,,,,,0,10,10,4,,,,,,,,,410.347305900068,,,,,,,,,,,,,,,,,,,,,,410.34417580009904,410.347305900068,411.328116800054,411.328116800054,411.36162940005306,413.331909700064,413.331909700064,413.31253039999865,,,,,,,,,,,,,,,,,,,,,,,,,,,,,,,,,,11,001,female,20,2024-11-22_15h15.55.949,solo project,2024.2.1post4,59.798097697063184,2024-11-22 15h16.42.635931 +0530,
,,11,11,0,,,,,,images/1099_animals_neutral_lum.jpg,neutral,animal,coast,,,,,,,,,,,,,,,,,0,11,11,0,,,,,,,,,413.331909700064,,,,,,,,,,,,,,,,,,,,,,413.32696630002465,413.331909700064,414.32811010000296,414.32811010000296,414.34473900008015,416.3311757000629,416.3311757000629,416.3122455000412,,,,,,,,,,,,,,,,,,,,,,,,,,,,,,,,,,11,001,female,20,2024-11-22_15h15.55.949,solo project,2024.2.1post4,59.798097697063184,2024-11-22 15h16.42.635931 +0530,
,,12,12,0,,,,,,images/1044_food_neutral_lum.jpg,neutral,food,custom,,,,,,,,,,,,,,,,,0,12,12,1,,,,,,,,,416.3311757000629,,,,,,,,,,,,,,,,,,,,,,416.32619940000586,416.3311757000629,417.32821100007277,417.32821100007277,417.3450550000416,419.3290653000586,419.3290653000586,419.3119363000151,,,,,,,,,,,,,,,,,,,,,,,,,,,,,,,,,,11,001,female,20,2024-11-22_15h15.55.949,solo project,2024.2.1post4,59.798097697063184,2024-11-22 15h16.42.635931 +0530,
,,13,13,0,,,,,,images/1100_animals_neutral_lum.jpg,neutral,animal,nursery,,,,,,,,,,,,,,,,,0,13,13,15,,,,,,,,,419.3290653000586,,,,,,,,,,,,,,,,,,,,,,419.3255994000938,419.3290653000586,420.3281962000765,420.3281962000765,420.3449332000455,422.3317252000561,422.3317252000561,422.3120341000613,,,,,,,,,,,,,,,,,,,,,,,,,,,,,,,,,,11,001,female,20,2024-11-22_15h15.55.949,solo project,2024.2.1post4,59.798097697063184,2024-11-22 15h16.42.635931 +0530,
,,14,14,0,,,,,,images/1049_food_neutral_lum.jpg,neutral,food,privacy,,,,,,,,,,,,,,,,,0,14,14,17,,,,,,,,,422.3317252000561,,,,,,,,,,,,,,,,,,,,,,422.3265367000131,422.3317252000561,423.3446369000012,423.3446369000012,423.3446369000012,425.34838500001933,425.34838500001933,425.3282168000005,,,,,,,,,,,,,,,,,,,,,,,,,,,,,,,,,,11,001,female,20,2024-11-22_15h15.55.949,solo project,2024.2.1post4,59.798097697063184,2024-11-22 15h16.42.635931 +0530,
,,15,15,0,,,,,,images/1143_body products neutral_lum.jpg,neutral,body product,invest,,,,,,,,,,,,,,,,,0,15,15,6,,,,,,,,,425.34838500001933,,,,,,,,,,,,,,,,,,,,,,425.34354370005894,425.34838500001933,426.32815310009755,426.32815310009755,426.3614510000916,428.32957140007056,428.32957140007056,428.3120562999975,,,,,,,,,,,,,,,,,,,,,,,,,,,,,,,,,,11,001,female,20,2024-11-22_15h15.55.949,solo project,2024.2.1post4,59.798097697063184,2024-11-22 15h16.42.635931 +0530,
,,16,16,0,,,,,,images/1107_body products_lum.jpg,disgust,body product,passage,,,,,,,,,,,,,,,,,0,16,16,16,,,,,,,,,428.32957140007056,,,,,,,,,,,,,,,,,,,,,,428.32505870005116,428.32957140007056,429.3284803000279,429.3284803000279,429.3448026000988,431.3305563000031,431.3305563000031,431.31208080006763,,,,,,,,,,,,,,,,,,,,,,,,,,,,,,,,,,11,001,female,20,2024-11-22_15h15.55.949,solo project,2024.2.1post4,59.798097697063184,2024-11-22 15h16.42.635931 +0530,
,,17,17,0,,,,,,images/1146_body products neutral_lum.jpg,neutral,body product,reptile,,,,,,,,,,,,,,,,,0,17,17,21,,,,,,,,,431.3305563000031,,,,,,,,,,,,,,,,,,,,,,431.32538940000813,431.3305563000031,432.34492579998914,432.34492579998914,432.34492579998914,434.34764580009505,434.34764580009505,434.3282617999939,,,,,,,,,,,,,,,,,,,,,,,,,,,,,,,,,,11,001,female,20,2024-11-22_15h15.55.949,solo project,2024.2.1post4,59.798097697063184,2024-11-22 15h16.42.635931 +0530,
,,18,18,0,,,,,,images/1250_death neutral_lum.jpg,neutral,death,neurotic,,,,,,,,,,,,,,,,,0,18,18,14,,,,,,,,,434.34764580009505,,,,,,,,,,,,,,,,,,,,,,434.34286189998966,434.34764580009505,435.3447182000382,435.3447182000382,435.3610215000808,437.3471381000709,437.3471381000709,437.32845190004446,,,,,,,,,,,,,,,,,,,,,,,,,,,,,,,,,,11,001,female,20,2024-11-22_15h15.55.949,solo project,2024.2.1post4,59.798097697063184,2024-11-22 15h16.42.635931 +0530,
,,19,19,0,,,,,,images/1153_injuries_infections_lum.jpg,disgust,injury/infection,elevator,,,,,,,,,,,,,,,,,0,19,19,2,,,,,,,,,437.3471381000709,,,,,,,,,,,,,,,,,,,,,,437.34203739999793,437.3471381000709,438.34446530009154,438.34446530009154,438.361407599994,440.3476086000446,440.3476086000446,440.32827130006626,,,,,,,,,,,,,,,,,,,,,,,,,,,,,,,,,,11,001,female,20,2024-11-22_15h15.55.949,solo project,2024.2.1post4,59.798097697063184,2024-11-22 15h16.42.635931 +0530,
,,20,20,0,,,,,,images/1200_injuries_infections neutral_lum.jpg,neutral,injury/infection,village,,,,,,,,,,,,,,,,,0,20,20,28,,,,,,,,,440.3476086000446,,,,,,,,,,,,,,,,,,,,,,440.3418200000888,440.3476086000446,441.34468620002735,441.34468620002735,441.3612407000037,443.3461140000727,443.3461140000727,443.3285635000793,,,,,,,,,,,,,,,,,,,,,,,,,,,,,,,,,,11,001,female,20,2024-11-22_15h15.55.949,solo project,2024.2.1post4,59.798097697063184,2024-11-22 15h16.42.635931 +0530,
,,21,21,0,,,,,,images/1247_death neutral_lum.jpg,neutral,death,wine,,,,,,,,,,,,,,,,,0,21,21,29,,,,,,,,,443.3461140000727,,,,,,,,,,,,,,,,,,,,,,443.34281609999016,443.3461140000727,444.32786750001833,444.32786750001833,444.3614943000721,446.33065470005386,446.33065470005386,446.31189160002396,,,,,,,,,,,,,,,,,,,,,,,,,,,,,,,,,,11,001,female,20,2024-11-22_15h15.55.949,solo project,2024.2.1post4,59.798097697063184,2024-11-22 15h16.42.635931 +0530,
,,22,22,0,,,,,,images/1192_injuries_infections neutral_lum.jpg,neutral,injury/infection,stove,,,,,,,,,,,,,,,,,0,22,22,26,,,,,,,,,446.33065470005386,,,,,,,,,,,,,,,,,,,,,,446.32558549998794,446.33065470005386,447.3444416000275,447.3444416000275,447.3444416000275,449.3464396999916,449.3464396999916,449.3283749000402,,,,,,,,,,,,,,,,,,,,,,,,,,,,,,,,,,11,001,female,20,2024-11-22_15h15.55.949,solo project,2024.2.1post4,59.798097697063184,2024-11-22 15h16.42.635931 +0530,
,,23,23,0,,,,,,images/1299_hygiene neutral_lum.jpg,neutral,hygeine,rancid,,,,,,,,,,,,,,,,,0,23,23,19,,,,,,,,,449.3464396999916,,,,,,,,,,,,,,,,,,,,,,449.3417519000359,449.3464396999916,450.3441976000322,450.3441976000322,450.361108000041,452.3494622000726,452.3494622000726,452.32823930005543,,,,,,,,,,,,,,,,,,,,,,,,,,,,,,,,,,11,001,female,20,2024-11-22_15h15.55.949,solo project,2024.2.1post4,59.798097697063184,2024-11-22 15h16.42.635931 +0530,
,,24,24,0,,,,,,images/1202_death_lum.jpg,disgust,death,lantern,,,,,,,,,,,,,,,,,0,24,24,8,,,,,,,,,452.3494622000726,,,,,,,,,,,,,,,,,,,,,,452.3442775000585,452.3494622000726,453.34431260009296,453.34431260009296,453.3610608000308,455.3459373000078,455.3459373000078,455.32801930001006,,,,,,,,,,,,,,,,,,,,,,,,,,,,,,,,,,11,001,female,20,2024-11-22_15h15.55.949,solo project,2024.2.1post4,59.798097697063184,2024-11-22 15h16.42.635931 +0530,
,,25,25,0,,,,,,images/1073_animals_lum.jpg,disgust,animal,journal,,,,,,,,,,,,,,,,,0,25,25,7,,,,,,,,,455.3459373000078,,,,,,,,,,,,,,,,,,,,,,455.3423177000368,455.3459373000078,456.34450220002327,456.34450220002327,456.3610174000496,458.3489685000386,458.3489685000386,458.3282388000516,,,,,,,,,,,,,,,,,,,,,,,,,,,,,,,,,,11,001,female,20,2024-11-22_15h15.55.949,solo project,2024.2.1post4,59.798097697063184,2024-11-22 15h16.42.635931 +0530,
,,26,26,0,,,,,,images/1104_body products_lum.jpg,disgust,body product,material,,,,,,,,,,,,,,,,,0,26,26,12,,,,,,,,,458.3489685000386,,,,,,,,,,,,,,,,,,,,,,458.34380910010077,458.3489685000386,459.3279131000163,459.3279131000163,459.36096110008657,461.3303302000277,461.3303302000277,461.3121472999919,,,,,,,,,,,,,,,,,,,,,,,,,,,,,,,,,,11,001,female,20,2024-11-22_15h15.55.949,solo project,2024.2.1post4,59.798097697063184,2024-11-22 15h16.42.635931 +0530,
,,27,27,0,,,,,,images/1093_animals_neutral_lum.jpg,neutral,animal,lighthouse,,,,,,,,,,,,,,,,,0,27,27,9,,,,,,,,,461.3303302000277,,,,,,,,,,,,,,,,,,,,,,461.32556740008295,461.3303302000277,462.3443528000498,462.3443528000498,462.3443528000498,464.3476948000025,464.3476948000025,464.3282575000776,,,,,,,,,,,,,,,,,,,,,,,,,,,,,,,,,,11,001,female,20,2024-11-22_15h15.55.949,solo project,2024.2.1post4,59.798097697063184,2024-11-22 15h16.42.635931 +0530,
,,28,28,0,,,,,,images/1223_death_lum.jpg,disgust,death,mischief,,,,,,,,,,,,,,,,,0,28,28,13,,,,,,,,,464.3476948000025,,,,,,,,,,,,,,,,,,,,,,464.3426083000377,464.3476948000025,465.3441606000997,465.3441606000997,465.36111590010114,467.34585390007123,467.34585390007123,467.32812590000685,,,,,,,,,,,,,,,,,,,,,,,,,,,,,,,,,,11,001,female,20,2024-11-22_15h15.55.949,solo project,2024.2.1post4,59.798097697063184,2024-11-22 15h16.42.635931 +0530,
,,29,29,0,,,,,,images/1149_body products neutral_lum.jpg,neutral,body product,skeptical,,,,,,,,,,,,,,,,,0,29,29,24,,,,,,,,,467.34585390007123,,,,,,,,,,,,,,,,,,,,,,467.34259000001475,467.34585390007123,468.3446532000089,468.3446532000089,468.36109080002643,470.3444035000866,470.3444035000866,470.3282583000837,,,,,,,,,,,,,,,,,,,,,,,,,,,,,,,,,,11,001,female,20,2024-11-22_15h15.55.949,solo project,2024.2.1post4,59.798097697063184,2024-11-22 15h16.42.635931 +0530,
,,,,,,,,,,,,,,,,,,,,,,,,,,,,,,,,,,,,,,,,,,,,,,,,,,,,,,,,,,,,,,,,,,,,,,,,470.3283783000661,2.015194700099528,474.51122320001014,space,2.1609577001072466,None,,,,,,,,,,,,,,,,,,,,,,,,,,,,11,001,female,20,2024-11-22_15h15.55.949,solo project,2024.2.1post4,59.798097697063184,2024-11-22 15h16.42.635931 +0530,
,,0,0,0,,,,,,,neutral,animal,,coast,old,1.0,8.681832500034943,,,,,,,,,,,,,,,,,0,0,0,0,,,,,474.5401623999933,,,,,,,,,,,,,,,,,,,,,,,,,,,,,,,,,,,,474.53062189999036,474.5401623999933,474.5401623999933,483.22790000005625,1.0,8.681832500034943,,,,,,,,,,,,,,,,,,,,,,11,001,female,20,2024-11-22_15h15.55.949,solo project,2024.2.1post4,59.798097697063184,2024-11-22 15h16.42.635931 +0530,
,,1,1,0,,,,,,,disgust,hygeine,,manner,old,1.0,0.9280579999322072,,,,,,,,,,,,,,,,,0,1,1,11,,,,,483.2437799000181,,,,,,,,,,,,,,,,,,,,,,,,,,,,,,,,,,,,483.23442069999874,483.2437799000181,483.2437799000181,484.1775856000604,1.0,0.9280579999322072,,,,,,,,,,,,,,,,,,,,,,11,001,female,20,2024-11-22_15h15.55.949,solo project,2024.2.1post4,59.798097697063184,2024-11-22 15h16.42.635931 +0530,
,,2,2,0,,,,,,,None,None,,watch,new,1.0,0.6800337999593467,,,,,,,,,,,,,,,,,0,2,2,58,,,,,484.1935204000911,,,,,,,,,,,,,,,,,,,,,,,,,,,,,,,,,,,,484.1821211000206,484.1935204000911,484.1935204000911,484.87745630007703,1.0,0.6800337999593467,,,,,,,,,,,,,,,,,,,,,,11,001,female,20,2024-11-22_15h15.55.949,solo project,2024.2.1post4,59.798097697063184,2024-11-22 15h16.42.635931 +0530,
,,3,3,0,,,,,,,None,None,,hand,new,1.0,0.6477175999898463,,,,,,,,,,,,,,,,,0,3,3,35,,,,,484.89340050006285,,,,,,,,,,,,,,,,,,,,,,,,,,,,,,,,,,,,484.8811877000844,484.89340050006285,484.89340050006285,485.544761300087,1.0,0.6477175999898463,,,,,,,,,,,,,,,,,,,,,,11,001,female,20,2024-11-22_15h15.55.949,solo project,2024.2.1post4,59.798097697063184,2024-11-22 15h16.42.635931 +0530,
,,4,4,0,,,,,,,None,None,,teacher,new,1.0,0.565019299974665,,,,,,,,,,,,,,,,,0,4,4,53,,,,,485.56020140007604,,,,,,,,,,,,,,,,,,,,,,,,,,,,,,,,,,,,485.5472996000899,485.56020140007604,485.56020140007604,486.1276910000015,1.0,0.565019299974665,,,,,,,,,,,,,,,,,,,,,,11,001,female,20,2024-11-22_15h15.55.949,solo project,2024.2.1post4,59.798097697063184,2024-11-22 15h16.42.635931 +0530,
,,5,5,0,,,,,,,None,None,,truck,new,1.0,0.5305537000531331,,,,,,,,,,,,,,,,,0,5,5,56,,,,,486.14319690002594,,,,,,,,,,,,,,,,,,,,,,,,,,,,,,,,,,,,486.13190140004735,486.14319690002594,486.14319690002594,486.6778413000284,1.0,0.5305537000531331,,,,,,,,,,,,,,,,,,,,,,11,001,female,20,2024-11-22_15h15.55.949,solo project,2024.2.1post4,59.798097697063184,2024-11-22 15h16.42.635931 +0530,
,,6,6,0,,,,,,,None,None,,fabric,new,1.0,0.46312240010593086,,,,,,,,,,,,,,,,,0,6,6,34,,,,,486.69338180008344,,,,,,,,,,,,,,,,,,,,,,,,,,,,,,,,,,,,486.68262960005086,486.69338180008344,486.69338180008344,487.1611475000391,1.0,0.46312240010593086,,,,,,,,,,,,,,,,,,,,,,11,001,female,20,2024-11-22_15h15.55.949,solo project,2024.2.1post4,59.798097697063184,2024-11-22 15h16.42.635931 +0530,
,,7,7,0,,,,,,,None,None,,repentant,new,1.0,0.980127300019376,,,,,,,,,,,,,,,,,0,7,7,45,,,,,487.1767145000631,,,,,,,,,,,,,,,,,,,,,,,,,,,,,,,,,,,,487.1655471000122,487.1767145000631,487.1767145000631,488.1611277000047,1.0,0.980127300019376,,,,,,,,,,,,,,,,,,,,,,11,001,female,20,2024-11-22_15h15.55.949,solo project,2024.2.1post4,59.798097697063184,2024-11-22 15h16.42.635931 +0530,
,,8,8,0,,,,,,,disgust,animal,,ennui,old,2.0,12.53193159995135,,,,,,,,,,,,,,,,,0,8,8,3,,,,,488.17675630003214,,,,,,,,,,,,,,,,,,,,,,,,,,,,,,,,,,,,488.1634181000991,488.17675630003214,488.17675630003214,500.71074180002324,2.0,12.53193159995135,,,,,,,,,,,,,,,,,,,,,,11,001,female,20,2024-11-22_15h15.55.949,solo project,2024.2.1post4,59.798097697063184,2024-11-22 15h16.42.635931 +0530,
,,9,9,0,,,,,,,None,None,,storm,new,2.0,8.530279799946584,,,,,,,,,,,,,,,,,0,9,9,52,,,,,500.7264898000285,,,,,,,,,,,,,,,,,,,,,,,,,,,,,,,,,,,,500.7141833000351,500.7264898000285,500.7264898000285,509.26070210000034,2.0,8.530279799946584,,,,,,,,,,,,,,,,,,,,,,11,001,female,20,2024-11-22_15h15.55.949,solo project,2024.2.1post4,59.798097697063184,2024-11-22 15h16.42.635931 +0530,
,,10,10,0,,,,,,,None,None,,theory,new,2.0,2.763546400004998,,,,,,,,,,,,,,,,,0,10,10,55,,,,,509.2766483000014,,,,,,,,,,,,,,,,,,,,,,,,,,,,,,,,,,,,509.26528799999505,509.2766483000014,509.2766483000014,512.0444166000234,2.0,2.763546400004998,,,,,,,,,,,,,,,,,,,,,,11,001,female,20,2024-11-22_15h15.55.949,solo project,2024.2.1post4,59.798097697063184,2024-11-22 15h16.42.635931 +0530,
,,11,11,0,,,,,,,neutral,food,,privacy,old,2.0,2.5970729999244213,,,,,,,,,,,,,,,,,0,11,11,17,,,,,512.0599790000124,,,,,,,,,,,,,,,,,,,,,,,,,,,,,,,,,,,,512.0480710000265,512.0599790000124,512.0599790000124,514.6603398000589,2.0,2.5970729999244213,,,,,,,,,,,,,,,,,,,,,,11,001,female,20,2024-11-22_15h15.55.949,solo project,2024.2.1post4,59.798097697063184,2024-11-22 15h16.42.635931 +0530,
,,12,12,0,,,,,,,None,None,,salute,new,2.0,1.0143362999660894,,,,,,,,,,,,,,,,,0,12,12,47,,,,,514.6764464000007,,,,,,,,,,,,,,,,,,,,,,,,,,,,,,,,,,,,514.664317500079,514.6764464000007,514.6764464000007,515.6940807000501,2.0,1.0143362999660894,,,,,,,,,,,,,,,,,,,,,,11,001,female,20,2024-11-22_15h15.55.949,solo project,2024.2.1post4,59.798097697063184,2024-11-22 15h16.42.635931 +0530,
,,13,13,0,,,,,,,neutral,food,,custom,old,2.0,0.7325470999348909,,,,,,,,,,,,,,,,,0,13,13,1,,,,,515.70962530002,,,,,,,,,,,,,,,,,,,,,,,,,,,,,,,,,,,,515.6962605000008,515.70962530002,515.70962530002,516.4437788000796,2.0,0.7325470999348909,,,,,,,,,,,,,,,,,,,,,,11,001,female,20,2024-11-22_15h15.55.949,solo project,2024.2.1post4,59.798097697063184,2024-11-22 15h16.42.635931 +0530,
,,14,14,0,,,,,,,None,None,,industry,new,2.0,1.198391699930653,,,,,,,,,,,,,,,,,0,14,14,38,,,,,516.4595587000949,,,,,,,,,,,,,,,,,,,,,,,,,,,,,,,,,,,,516.4462893001037,516.4595587000949,516.4595587000949,517.6608209999977,2.0,1.198391699930653,,,,,,,,,,,,,,,,,,,,,,11,001,female,20,2024-11-22_15h15.55.949,solo project,2024.2.1post4,59.798097697063184,2024-11-22 15h16.42.635931 +0530,
,,15,15,0,,,,,,,neutral,hygeine,,rancid,old,1.0,3.8311512999935076,,,,,,,,,,,,,,,,,0,15,15,19,,,,,517.6763699000003,,,,,,,,,,,,,,,,,,,,,,,,,,,,,,,,,,,,517.663910800009,517.6763699000003,517.6763699000003,521.5104071000824,1.0,3.8311512999935076,,,,,,,,,,,,,,,,,,,,,,11,001,female,20,2024-11-22_15h15.55.949,solo project,2024.2.1post4,59.798097697063184,2024-11-22 15h16.42.635931 +0530,
,,16,16,0,,,,,,,neutral,death,,wine,old,2.0,2.1318891000701115,,,,,,,,,,,,,,,,,0,16,16,29,,,,,521.5263648000546,,,,,,,,,,,,,,,,,,,,,,,,,,,,,,,,,,,,521.5125863000285,521.5263648000546,521.5263648000546,523.6607179000275,2.0,2.1318891000701115,,,,,,,,,,,,,,,,,,,,,,11,001,female,20,2024-11-22_15h15.55.949,solo project,2024.2.1post4,59.798097697063184,2024-11-22 15h16.42.635931 +0530,
,,17,17,0,,,,,,,None,None,,scissors,new,1.0,2.665675099939108,,,,,,,,,,,,,,,,,0,17,17,48,,,,,523.6764026000164,,,,,,,,,,,,,,,,,,,,,,,,,,,,,,,,,,,,523.6632691000123,523.6764026000164,523.6764026000164,526.3436262999894,1.0,2.665675099939108,,,,,,,,,,,,,,,,,,,,,,11,001,female,20,2024-11-22_15h15.55.949,solo project,2024.2.1post4,59.798097697063184,2024-11-22 15h16.42.635931 +0530,
,,18,18,0,,,,,,,disgust,body product,,material,old,2.0,2.3654200999299064,,,,,,,,,,,,,,,,,0,18,18,12,,,,,526.3595272999955,,,,,,,,,,,,,,,,,,,,,,,,,,,,,,,,,,,,526.3463048000121,526.3595272999955,526.3595272999955,528.727369200089,2.0,2.3654200999299064,,,,,,,,,,,,,,,,,,,,,,11,001,female,20,2024-11-22_15h15.55.949,solo project,2024.2.1post4,59.798097697063184,2024-11-22 15h16.42.635931 +0530,
,,19,19,0,,,,,,,disgust,death,,lantern,old,2.0,1.5323378999019042,,,,,,,,,,,,,,,,,0,19,19,8,,,,,528.7427928000689,,,,,,,,,,,,,,,,,,,,,,,,,,,,,,,,,,,,528.7296515000053,528.7427928000689,528.7427928000689,530.2768455999903,2.0,1.5323378999019042,,,,,,,,,,,,,,,,,,,,,,11,001,female,20,2024-11-22_15h15.55.949,solo project,2024.2.1post4,59.798097697063184,2024-11-22 15h16.42.635931 +0530,
,,20,20,0,,,,,,,None,None,,tease,new,2.0,1.1661984999664128,,,,,,,,,,,,,,,,,0,20,20,54,,,,,530.2929668000434,,,,,,,,,,,,,,,,,,,,,,,,,,,,,,,,,,,,530.2790914000943,530.2929668000434,530.2929668000434,531.4605638000648,2.0,1.1661984999664128,,,,,,,,,,,,,,,,,,,,,,11,001,female,20,2024-11-22_15h15.55.949,solo project,2024.2.1post4,59.798097697063184,2024-11-22 15h16.42.635931 +0530,
,,21,21,0,,,,,,,None,None,,detail,new,2.0,0.6815771999536082,,,,,,,,,,,,,,,,,0,21,21,33,,,,,531.4758338000393,,,,,,,,,,,,,,,,,,,,,,,,,,,,,,,,,,,,531.4629863000009,531.4758338000393,531.4758338000393,532.1606673999922,2.0,0.6815771999536082,,,,,,,,,,,,,,,,,,,,,,11,001,female,20,2024-11-22_15h15.55.949,solo project,2024.2.1post4,59.798097697063184,2024-11-22 15h16.42.635931 +0530,
,,22,22,0,,,,,,,None,None,,clock,new,2.0,0.8814731000456959,,,,,,,,,,,,,,,,,0,22,22,30,,,,,532.1760040000081,,,,,,,,,,,,,,,,,,,,,,,,,,,,,,,,,,,,532.1633092000848,532.1760040000081,532.1760040000081,533.0609457000392,2.0,0.8814731000456959,,,,,,,,,,,,,,,,,,,,,,11,001,female,20,2024-11-22_15h15.55.949,solo project,2024.2.1post4,59.798097697063184,2024-11-22 15h16.42.635931 +0530,
,,23,23,0,,,,,,,None,None,,poetry,new,2.0,1.0140546999173239,,,,,,,,,,,,,,,,,0,23,23,44,,,,,533.0760124000954,,,,,,,,,,,,,,,,,,,,,,,,,,,,,,,,,,,,533.0640908000059,533.0760124000954,533.0760124000954,534.0937204000074,2.0,1.0140546999173239,,,,,,,,,,,,,,,,,,,,,,11,001,female,20,2024-11-22_15h15.55.949,solo project,2024.2.1post4,59.798097697063184,2024-11-22 15h16.42.635931 +0530,
,,24,24,0,,,,,,,None,None,,market,new,2.0,0.965464000008069,,,,,,,,,,,,,,,,,0,24,24,41,,,,,534.1095341000473,,,,,,,,,,,,,,,,,,,,,,,,,,,,,,,,,,,,534.0962485000491,534.1095341000473,534.1095341000473,535.0771396000637,2.0,0.965464000008069,,,,,,,,,,,,,,,,,,,,,,11,001,female,20,2024-11-22_15h15.55.949,solo project,2024.2.1post4,59.798097697063184,2024-11-22 15h16.42.635931 +0530,
,,25,25,0,,,,,,,neutral,body product,,skeptical,old,2.0,0.8481323999585584,,,,,,,,,,,,,,,,,0,25,25,24,,,,,535.0927395999897,,,,,,,,,,,,,,,,,,,,,,,,,,,,,,,,,,,,535.0800048999954,535.0927395999897,535.0927395999897,535.9437804000918,2.0,0.8481323999585584,,,,,,,,,,,,,,,,,,,,,,11,001,female,20,2024-11-22_15h15.55.949,solo project,2024.2.1post4,59.798097697063184,2024-11-22 15h16.42.635931 +0530,
,,26,26,0,,,,,,,None,None,,shadow,new,2.0,0.8482101999688894,,,,,,,,,,,,,,,,,0,26,26,50,,,,,535.9593127000844,,,,,,,,,,,,,,,,,,,,,,,,,,,,,,,,,,,,535.946208300069,535.9593127000844,535.9593127000844,536.8102337000892,2.0,0.8482101999688894,,,,,,,,,,,,,,,,,,,,,,11,001,female,20,2024-11-22_15h15.55.949,solo project,2024.2.1post4,59.798097697063184,2024-11-22 15h16.42.635931 +0530,
,,27,27,0,,,,,,,disgust,food,,rattle,old,1.0,1.8814446000615135,,,,,,,,,,,,,,,,,0,27,27,20,,,,,536.8260931000113,,,,,,,,,,,,,,,,,,,,,,,,,,,,,,,,,,,,536.8133616000414,536.8260931000113,536.8260931000113,538.710496100015,1.0,1.8814446000615135,,,,,,,,,,,,,,,,,,,,,,11,001,female,20,2024-11-22_15h15.55.949,solo project,2024.2.1post4,59.798097697063184,2024-11-22 15h16.42.635931 +0530,
,,28,28,0,,,,,,,neutral,death,,neurotic,old,1.0,2.065889900084585,,,,,,,,,,,,,,,,,0,28,28,14,,,,,538.7258984000655,,,,,,,,,,,,,,,,,,,,,,,,,,,,,,,,,,,,538.7129285000265,538.7258984000655,538.7258984000655,540.7934620000888,1.0,2.065889900084585,,,,,,,,,,,,,,,,,,,,,,11,001,female,20,2024-11-22_15h15.55.949,solo project,2024.2.1post4,59.798097697063184,2024-11-22 15h16.42.635931 +0530,
,,29,29,0,,,,,,,disgust,injury/infection,,elevator,old,1.0,2.93220919999294,,,,,,,,,,,,,,,,,0,29,29,2,,,,,540.8091128000524,,,,,,,,,,,,,,,,,,,,,,,,,,,,,,,,,,,,540.7960726000601,540.8091128000524,540.8091128000524,543.7436487000668,1.0,2.93220919999294,,,,,,,,,,,,,,,,,,,,,,11,001,female,20,2024-11-22_15h15.55.949,solo project,2024.2.1post4,59.798097697063184,2024-11-22 15h16.42.635931 +0530,
,,30,30,0,,,,,,,disgust,food,,stiff,old,1.0,2.031977799953893,,,,,,,,,,,,,,,,,0,30,30,25,,,,,543.7592174001038,,,,,,,,,,,,,,,,,,,,,,,,,,,,,,,,,,,,543.7459030000027,543.7592174001038,543.7592174001038,545.793469700031,1.0,2.031977799953893,,,,,,,,,,,,,,,,,,,,,,11,001,female,20,2024-11-22_15h15.55.949,solo project,2024.2.1post4,59.798097697063184,2024-11-22 15h16.42.635931 +0530,
,,31,31,0,,,,,,,neutral,food,,trumpet,old,2.0,3.8652355999220163,,,,,,,,,,,,,,,,,0,31,31,27,,,,,545.8094617000315,,,,,,,,,,,,,,,,,,,,,,,,,,,,,,,,,,,,545.7960826000199,545.8094617000315,545.8094617000315,549.6767644000938,2.0,3.8652355999220163,,,,,,,,,,,,,,,,,,,,,,11,001,female,20,2024-11-22_15h15.55.949,solo project,2024.2.1post4,59.798097697063184,2024-11-22 15h16.42.635931 +0530,
,,32,32,0,,,,,,,None,None,,medicine,new,2.0,2.0155830000294372,,,,,,,,,,,,,,,,,0,32,32,42,,,,,549.6922997999936,,,,,,,,,,,,,,,,,,,,,,,,,,,,,,,,,,,,549.6792248000856,549.6922997999936,549.6922997999936,551.7102932000998,2.0,2.0155830000294372,,,,,,,,,,,,,,,,,,,,,,11,001,female,20,2024-11-22_15h15.55.949,solo project,2024.2.1post4,59.798097697063184,2024-11-22 15h16.42.635931 +0530,
,,33,33,0,,,,,,,disgust,animal,,journal,old,2.0,0.8637625999981537,,,,,,,,,,,,,,,,,0,33,33,7,,,,,551.7258004000178,,,,,,,,,,,,,,,,,,,,,,,,,,,,,,,,,,,,551.7142526000971,551.7258004000178,551.7258004000178,552.593715300085,2.0,0.8637625999981537,,,,,,,,,,,,,,,,,,,,,,11,001,female,20,2024-11-22_15h15.55.949,solo project,2024.2.1post4,59.798097697063184,2024-11-22 15h16.42.635931 +0530,
,,34,34,0,,,,,,,disgust,animal,,serious,old,2.0,0.8489766999846324,,,,,,,,,,,,,,,,,0,34,34,23,,,,,552.6091058000457,,,,,,,,,,,,,,,,,,,,,,,,,,,,,,,,,,,,552.5962066000793,552.6091058000457,552.6091058000457,553.4598942000885,2.0,0.8489766999846324,,,,,,,,,,,,,,,,,,,,,,11,001,female,20,2024-11-22_15h15.55.949,solo project,2024.2.1post4,59.798097697063184,2024-11-22 15h16.42.635931 +0530,
,,35,35,0,,,,,,,neutral,animal,,nursery,old,2.0,4.932523500057869,,,,,,,,,,,,,,,,,0,35,35,15,,,,,553.4758252000902,,,,,,,,,,,,,,,,,,,,,,,,,,,,,,,,,,,,553.4622010000749,553.4758252000902,553.4758252000902,558.4101953000063,2.0,4.932523500057869,,,,,,,,,,,,,,,,,,,,,,11,001,female,20,2024-11-22_15h15.55.949,solo project,2024.2.1post4,59.798097697063184,2024-11-22 15h16.42.635931 +0530,
,,36,36,0,,,,,,,neutral,injury/infection,,stove,old,2.0,1.2656673999736086,,,,,,,,,,,,,,,,,0,36,36,26,,,,,558.4257149000186,,,,,,,,,,,,,,,,,,,,,,,,,,,,,,,,,,,,558.4123823000118,558.4257149000186,558.4257149000186,559.6933723000111,2.0,1.2656673999736086,,,,,,,,,,,,,,,,,,,,,,11,001,female,20,2024-11-22_15h15.55.949,solo project,2024.2.1post4,59.798097697063184,2024-11-22 15h16.42.635931 +0530,
,,37,37,0,,,,,,,None,None,,skyscraper,new,2.0,1.1646772000240162,,,,,,,,,,,,,,,,,0,37,37,51,,,,,559.7091724000638,,,,,,,,,,,,,,,,,,,,,,,,,,,,,,,,,,,,559.6959746000357,559.7091724000638,559.7091724000638,560.8769410999957,2.0,1.1646772000240162,,,,,,,,,,,,,,,,,,,,,,11,001,female,20,2024-11-22_15h15.55.949,solo project,2024.2.1post4,59.798097697063184,2024-11-22 15h16.42.635931 +0530,
,,38,38,0,,,,,,,disgust,body product,,passage,old,2.0,1.1304466999135911,,,,,,,,,,,,,,,,,0,38,38,16,,,,,560.8922884000931,,,,,,,,,,,,,,,,,,,,,,,,,,,,,,,,,,,,560.8809202000266,560.8922884000931,560.8922884000931,562.0267739000265,2.0,1.1304466999135911,,,,,,,,,,,,,,,,,,,,,,11,001,female,20,2024-11-22_15h15.55.949,solo project,2024.2.1post4,59.798097697063184,2024-11-22 15h16.42.635931 +0530,
,,39,39,0,,,,,,,disgust,food,,radiator,old,2.0,1.0647671000333503,,,,,,,,,,,,,,,,,0,39,39,18,,,,,562.0422490000492,,,,,,,,,,,,,,,,,,,,,,,,,,,,,,,,,,,,562.0296231000684,562.0422490000492,562.0422490000492,563.109915100038,2.0,1.0647671000333503,,,,,,,,,,,,,,,,,,,,,,11,001,female,20,2024-11-22_15h15.55.949,solo project,2024.2.1post4,59.798097697063184,2024-11-22 15h16.42.635931 +0530,
,,40,40,0,,,,,,,None,None,,sentiment,new,2.0,0.9160884999437258,,,,,,,,,,,,,,,,,0,40,40,49,,,,,563.1255431000609,,,,,,,,,,,,,,,,,,,,,,,,,,,,,,,,,,,,563.1122279000701,563.1255431000609,563.1255431000609,564.0430649000918,2.0,0.9160884999437258,,,,,,,,,,,,,,,,,,,,,,11,001,female,20,2024-11-22_15h15.55.949,solo project,2024.2.1post4,59.798097697063184,2024-11-22 15h16.42.635931 +0530,
,,41,41,0,,,,,,,None,None,,paint,new,2.0,1.0319828999927267,,,,,,,,,,,,,,,,,0,41,41,43,,,,,564.0591284000548,,,,,,,,,,,,,,,,,,,,,,,,,,,,,,,,,,,,564.0453024000162,564.0591284000548,564.0591284000548,565.0932367000496,2.0,1.0319828999927267,,,,,,,,,,,,,,,,,,,,,,11,001,female,20,2024-11-22_15h15.55.949,solo project,2024.2.1post4,59.798097697063184,2024-11-22 15h16.42.635931 +0530,
,,42,42,0,,,,,,,None,None,,highway,new,2.0,0.947987399995327,,,,,,,,,,,,,,,,,0,42,42,37,,,,,565.1089419000782,,,,,,,,,,,,,,,,,,,,,,,,,,,,,,,,,,,,565.0958127999911,565.1089419000782,565.1089419000782,566.0604751000647,2.0,0.947987399995327,,,,,,,,,,,,,,,,,,,,,,11,001,female,20,2024-11-22_15h15.55.949,solo project,2024.2.1post4,59.798097697063184,2024-11-22 15h16.42.635931 +0530,
,,43,43,0,,,,,,,None,None,,trunk,new,2.0,0.9981560000451282,,,,,,,,,,,,,,,,,0,43,43,57,,,,,566.0756028000033,,,,,,,,,,,,,,,,,,,,,,,,,,,,,,,,,,,,566.06271930004,566.0756028000033,566.0756028000033,567.0764792000409,2.0,0.9981560000451282,,,,,,,,,,,,,,,,,,,,,,11,001,female,20,2024-11-22_15h15.55.949,solo project,2024.2.1post4,59.798097697063184,2024-11-22 15h16.42.635931 +0530,
,,44,44,0,,,,,,,disgust,hygeine,,limber,old,2.0,0.9991263999836519,,,,,,,,,,,,,,,,,0,44,44,10,,,,,567.0922363999998,,,,,,,,,,,,,,,,,,,,,,,,,,,,,,,,,,,,567.078787400038,567.0922363999998,567.0922363999998,568.0931627000682,2.0,0.9991263999836519,,,,,,,,,,,,,,,,,,,,,,11,001,female,20,2024-11-22_15h15.55.949,solo project,2024.2.1post4,59.798097697063184,2024-11-22 15h16.42.635931 +0530,
,,45,45,0,,,,,,,None,None,,hawk,new,2.0,0.8486054999521002,,,,,,,,,,,,,,,,,0,45,45,36,,,,,568.1088838001015,,,,,,,,,,,,,,,,,,,,,,,,,,,,,,,,,,,,568.0958310000133,568.1088838001015,568.1088838001015,568.9599485000363,2.0,0.8486054999521002,,,,,,,,,,,,,,,,,,,,,,11,001,female,20,2024-11-22_15h15.55.949,solo project,2024.2.1post4,59.798097697063184,2024-11-22 15h16.42.635931 +0530,
,,46,46,0,,,,,,,neutral,hygeine,,hard,old,1.0,2.9147689000237733,,,,,,,,,,,,,,,,,0,46,46,5,,,,,568.9755210001022,,,,,,,,,,,,,,,,,,,,,,,,,,,,,,,,,,,,568.9623340000398,568.9755210001022,568.9755210001022,571.893104000017,1.0,2.9147689000237733,,,,,,,,,,,,,,,,,,,,,,11,001,female,20,2024-11-22_15h15.55.949,solo project,2024.2.1post4,59.798097697063184,2024-11-22 15h16.42.635931 +0530,
,,47,47,0,,,,,,,None,None,,concentrate,new,2.0,2.7316723000258207,,,,,,,,,,,,,,,,,0,47,47,31,,,,,571.9096150000114,,,,,,,,,,,,,,,,,,,,,,,,,,,,,,,,,,,,571.8962626000866,571.9096150000114,571.9096150000114,574.6430816000793,2.0,2.7316723000258207,,,,,,,,,,,,,,,,,,,,,,11,001,female,20,2024-11-22_15h15.55.949,solo project,2024.2.1post4,59.798097697063184,2024-11-22 15h16.42.635931 +0530,
,,48,48,0,,,,,,,neutral,animal,,lighthouse,old,2.0,0.9147752999560907,,,,,,,,,,,,,,,,,0,48,48,9,,,,,574.6589197000721,,,,,,,,,,,,,,,,,,,,,,,,,,,,,,,,,,,,574.6458497000858,574.6589197000721,574.6589197000721,575.5767793999985,2.0,0.9147752999560907,,,,,,,,,,,,,,,,,,,,,,11,001,female,20,2024-11-22_15h15.55.949,solo project,2024.2.1post4,59.798097697063184,2024-11-22 15h16.42.635931 +0530,
,,49,49,0,,,,,,,None,None,,rough,new,1.0,2.063917199964635,,,,,,,,,,,,,,,,,0,49,49,46,,,,,575.5922690000152,,,,,,,,,,,,,,,,,,,,,,,,,,,,,,,,,,,,575.5796379999956,575.5922690000152,575.5922690000152,577.6600685000885,1.0,2.063917199964635,,,,,,,,,,,,,,,,,,,,,,11,001,female,20,2024-11-22_15h15.55.949,solo project,2024.2.1post4,59.798097697063184,2024-11-22 15h16.42.635931 +0530,
,,50,50,0,,,,,,,disgust,death,,mischief,old,1.0,3.5652372000040486,,,,,,,,,,,,,,,,,0,50,50,13,,,,,577.6758666000096,,,,,,,,,,,,,,,,,,,,,,,,,,,,,,,,,,,,577.6627160999924,577.6758666000096,577.6758666000096,581.2430950000416,1.0,3.5652372000040486,,,,,,,,,,,,,,,,,,,,,,11,001,female,20,2024-11-22_15h15.55.949,solo project,2024.2.1post4,59.798097697063184,2024-11-22 15h16.42.635931 +0530,
,,51,51,0,,,,,,,None,None,,contents,new,2.0,6.814885300002061,,,,,,,,,,,,,,,,,0,51,51,32,,,,,581.2586136000464,,,,,,,,,,,,,,,,,,,,,,,,,,,,,,,,,,,,581.2454805000452,581.2586136000464,581.2586136000464,588.0763057000004,2.0,6.814885300002061,,,,,,,,,,,,,,,,,,,,,,11,001,female,20,2024-11-22_15h15.55.949,solo project,2024.2.1post4,59.798097697063184,2024-11-22 15h16.42.635931 +0530,
,,52,52,0,,,,,,,disgust,body product,,reverent,old,2.0,1.4983897999627516,,,,,,,,,,,,,,,,,0,52,52,22,,,,,588.0918797000777,,,,,,,,,,,,,,,,,,,,,,,,,,,,,,,,,,,,588.0789494999917,588.0918797000777,588.0918797000777,589.5930848000571,2.0,1.4983897999627516,,,,,,,,,,,,,,,,,,,,,,11,001,female,20,2024-11-22_15h15.55.949,solo project,2024.2.1post4,59.798097697063184,2024-11-22 15h16.42.635931 +0530,
,,53,53,0,,,,,,,disgust,injury/infection,,glacier,old,2.0,0.9488275999901816,,,,,,,,,,,,,,,,,0,53,53,4,,,,,589.6087394000497,,,,,,,,,,,,,,,,,,,,,,,,,,,,,,,,,,,,589.5955611000536,589.6087394000497,589.6087394000497,590.5598542999942,2.0,0.9488275999901816,,,,,,,,,,,,,,,,,,,,,,11,001,female,20,2024-11-22_15h15.55.949,solo project,2024.2.1post4,59.798097697063184,2024-11-22 15h16.42.635931 +0530,
,,54,54,0,,,,,,,None,None,,whistle,new,2.0,0.8815640999237075,,,,,,,,,,,,,,,,,0,54,54,59,,,,,590.5751311000204,,,,,,,,,,,,,,,,,,,,,,,,,,,,,,,,,,,,590.5622270000167,590.5751311000204,590.5751311000204,591.459348400007,2.0,0.8815640999237075,,,,,,,,,,,,,,,,,,,,,,11,001,female,20,2024-11-22_15h15.55.949,solo project,2024.2.1post4,59.798097697063184,2024-11-22 15h16.42.635931 +0530,
,,55,55,0,,,,,,,None,None,,lawn,new,2.0,0.732631399994716,,,,,,,,,,,,,,,,,0,55,55,39,,,,,591.4754468000028,,,,,,,,,,,,,,,,,,,,,,,,,,,,,,,,,,,,591.4616528000915,591.4754468000028,591.4754468000028,592.2097077000653,2.0,0.732631399994716,,,,,,,,,,,,,,,,,,,,,,11,001,female,20,2024-11-22_15h15.55.949,solo project,2024.2.1post4,59.798097697063184,2024-11-22 15h16.42.635931 +0530,
,,56,56,0,,,,,,,neutral,body product,,invest,old,2.0,0.9656746999826282,,,,,,,,,,,,,,,,,0,56,56,6,,,,,592.225259100087,,,,,,,,,,,,,,,,,,,,,,,,,,,,,,,,,,,,592.2118466000538,592.225259100087,592.225259100087,593.1927272999892,2.0,0.9656746999826282,,,,,,,,,,,,,,,,,,,,,,11,001,female,20,2024-11-22_15h15.55.949,solo project,2024.2.1post4,59.798097697063184,2024-11-22 15h16.42.635931 +0530,
,,57,57,0,,,,,,,None,None,,lightbulb,new,2.0,0.9490966000594199,,,,,,,,,,,,,,,,,0,57,57,40,,,,,593.2083901000442,,,,,,,,,,,,,,,,,,,,,,,,,,,,,,,,,,,,593.1952434000559,593.2083901000442,593.2083901000442,594.1594165000133,2.0,0.9490966000594199,,,,,,,,,,,,,,,,,,,,,,11,001,female,20,2024-11-22_15h15.55.949,solo project,2024.2.1post4,59.798097697063184,2024-11-22 15h16.42.635931 +0530,
,,58,58,0,,,,,,,neutral,body product,,reptile,old,1.0,2.515904900035821,,,,,,,,,,,,,,,,,0,58,58,21,,,,,594.1753176000202,,,,,,,,,,,,,,,,,,,,,,,,,,,,,,,,,,,,594.1617189000826,594.1753176000202,594.1753176000202,596.6935363000957,1.0,2.515904900035821,,,,,,,,,,,,,,,,,,,,,,11,001,female,20,2024-11-22_15h15.55.949,solo project,2024.2.1post4,59.798097697063184,2024-11-22 15h16.42.635931 +0530,
,,59,59,0,,,,,,,neutral,injury/infection,,village,old,1.0,1.7306605000048876,,,,,,,,,,,,,,,,,0,59,59,28,,,,,596.708463500021,,,,,,,,,,,,,,,,,,,,,,,,,,,,,,,,,,,,596.6961263000267,596.708463500021,596.708463500021,598.4428374000126,1.0,1.7306605000048876,,,,,,,,,,,,,,,,,,,,,,11,001,female,20,2024-11-22_15h15.55.949,solo project,2024.2.1post4,59.798097697063184,2024-11-22 15h16.42.635931 +0530,
,,,,,,,,,,,,,,,,,,,,,,,,,,,,,,,,,,,,,,,,,,,,,,,,,,,,,,,,,,,,,,,,,,,,,,,,,,,,,,,,,,,,598.4432619001018,600.1938757000025,1,[1.7345549000892788],[1.734561700024642],,,,,,,,,,,,,,,,,11,001,female,20,2024-11-22_15h15.55.949,solo project,2024.2.1post4,59.798097697063184,2024-11-22 15h16.42.635931 +0530,
,,,,,,,,,,,,,,,,,,,,,,,,,,,,,,,,,,,,,,,,,,,,,,,,,,,,,,,,,,,,,,,,,,,,,,,,,,,,,,,,,,,,,,,,,600.1939740000525,624.54276630003,space,24.34669430006761,None,,,,,,,,,,,,11,001,female,20,2024-11-22_15h15.55.949,solo project,2024.2.1post4,59.798097697063184,2024-11-22 15h16.42.635931 +0530,
,,,,,,,,,,,,,,,,,,,,,,,,,,,,,,,,,,,,,,,,,,,,,,,,,,,,,,,,,,,,,,,,,,,,,,,,,,,,,,,,,,,,,,,,,,,,,,624.542817800073,626.1593958000885,space,1.6039081999333575,None,,,,,,,11,001,female,20,2024-11-22_15h15.55.949,solo project,2024.2.1post4,59.798097697063184,2024-11-22 15h16.42.635931 +0530,
,,0,0,0,,,,,,,,,,,,,,1,Telephoning in public,1.0,1.0,,,,,,,,,,,,,,,,,0,0,0,0,626.190968500101,,,,,,,,,,,,,,,,,,,,,,,,,,,,,,,,,,,,,,,,,,,,,,,,,,,,,,,,,626.1706436000532,626.190968500101,626.190968500101,642.6638065000298,1.0,1.0,11,001,female,20,2024-11-22_15h15.55.949,solo project,2024.2.1post4,59.798097697063184,2024-11-22 15h16.42.635931 +0530,
,,1,1,0,,,,,,,,,,,,,,2,Participating in small groups,1.0,1.0,,,,,,,,,,,,,,,,,0,1,1,1,642.6822546999902,,,,,,,,,,,,,,,,,,,,,,,,,,,,,,,,,,,,,,,,,,,,,,,,,,,,,,,,,642.6681584999897,642.6822546999902,642.6822546999902,657.2302155999932,1.0,1.0,11,001,female,20,2024-11-22_15h15.55.949,solo project,2024.2.1post4,59.798097697063184,2024-11-22 15h16.42.635931 +0530,
,,2,2,0,,,,,,,,,,,,,,3,Eating in public places,0.0,0.0,,,,,,,,,,,,,,,,,0,2,2,2,657.2492938000942,,,,,,,,,,,,,,,,,,,,,,,,,,,,,,,,,,,,,,,,,,,,,,,,,,,,,,,,,657.2345977000659,657.2492938000942,657.2492938000942,666.9137077000923,0.0,0.0,11,001,female,20,2024-11-22_15h15.55.949,solo project,2024.2.1post4,59.798097697063184,2024-11-22 15h16.42.635931 +0530,
,,3,3,0,,,,,,,,,,,,,,4,Drinking with others in public places,0.0,0.0,,,,,,,,,,,,,,,,,0,3,3,3,666.932693800074,,,,,,,,,,,,,,,,,,,,,,,,,,,,,,,,,,,,,,,,,,,,,,,,,,,,,,,,,666.9179503000341,666.932693800074,666.932693800074,684.2157457000576,0.0,0.0,11,001,female,20,2024-11-22_15h15.55.949,solo project,2024.2.1post4,59.798097697063184,2024-11-22 15h16.42.635931 +0530,
,,4,4,0,,,,,,,,,,,,,,5,Talking to people in authority,1.0,1.0,,,,,,,,,,,,,,,,,0,4,4,4,684.2334945000475,,,,,,,,,,,,,,,,,,,,,,,,,,,,,,,,,,,,,,,,,,,,,,,,,,,,,,,,,684.2189682000317,684.2334945000475,684.2334945000475,691.8169406000525,1.0,1.0,11,001,female,20,2024-11-22_15h15.55.949,solo project,2024.2.1post4,59.798097697063184,2024-11-22 15h16.42.635931 +0530,
,,5,5,0,,,,,,,,,,,,,,6,"Acting, performing, or giving a talk in front of an audience",1.0,1.0,,,,,,,,,,,,,,,,,0,5,5,5,691.8352955000009,,,,,,,,,,,,,,,,,,,,,,,,,,,,,,,,,,,,,,,,,,,,,,,,,,,,,,,,,691.8211990999989,691.8352955000009,691.8352955000009,693.8852681000717,1.0,1.0,11,001,female,20,2024-11-22_15h15.55.949,solo project,2024.2.1post4,59.798097697063184,2024-11-22 15h16.42.635931 +0530,
,,6,6,0,,,,,,,,,,,,,,7,Going to a party,0.0,0.0,,,,,,,,,,,,,,,,,0,6,6,6,693.9036443000659,,,,,,,,,,,,,,,,,,,,,,,,,,,,,,,,,,,,,,,,,,,,,,,,,,,,,,,,,693.889463200001,693.9036443000659,693.9036443000659,700.6098779999884,0.0,0.0,11,001,female,20,2024-11-22_15h15.55.949,solo project,2024.2.1post4,59.798097697063184,2024-11-22 15h16.42.635931 +0530,
,,7,7,0,,,,,,,,,,,,,,8,Working while being observed,1.0,1.0,,,,,,,,,,,,,,,,,0,7,7,7,700.628668099991,,,,,,,,,,,,,,,,,,,,,,,,,,,,,,,,,,,,,,,,,,,,,,,,,,,,,,,,,700.6134820000734,700.628668099991,700.628668099991,707.5598469000543,1.0,1.0,11,001,female,20,2024-11-22_15h15.55.949,solo project,2024.2.1post4,59.798097697063184,2024-11-22 15h16.42.635931 +0530,
,,8,8,0,,,,,,,,,,,,,,9,Writing while being observed,1.0,1.0,,,,,,,,,,,,,,,,,0,8,8,8,707.5769950000104,,,,,,,,,,,,,,,,,,,,,,,,,,,,,,,,,,,,,,,,,,,,,,,,,,,,,,,,,707.5628596000606,707.5769950000104,707.5769950000104,715.3595841000788,1.0,1.0,11,001,female,20,2024-11-22_15h15.55.949,solo project,2024.2.1post4,59.798097697063184,2024-11-22 15h16.42.635931 +0530,
,,9,9,0,,,,,,,,,,,,,,10,Calling someone you don't know very well,1.0,1.0,,,,,,,,,,,,,,,,,0,9,9,9,715.3787984000519,,,,,,,,,,,,,,,,,,,,,,,,,,,,,,,,,,,,,,,,,,,,,,,,,,,,,,,,,715.3643584999954,715.3787984000519,715.3787984000519,726.1105689000105,1.0,1.0,11,001,female,20,2024-11-22_15h15.55.949,solo project,2024.2.1post4,59.798097697063184,2024-11-22 15h16.42.635931 +0530,
,,10,10,0,,,,,,,,,,,,,,11,Talking with people you don't know very well,0.0,0.0,,,,,,,,,,,,,,,,,0,10,10,10,726.1289175000275,,,,,,,,,,,,,,,,,,,,,,,,,,,,,,,,,,,,,,,,,,,,,,,,,,,,,,,,,726.1142729000421,726.1289175000275,726.1289175000275,732.9378609000705,0.0,0.0,11,001,female,20,2024-11-22_15h15.55.949,solo project,2024.2.1post4,59.798097697063184,2024-11-22 15h16.42.635931 +0530,
,,11,11,0,,,,,,,,,,,,,,12,Meeting strangers,0.0,0.0,,,,,,,,,,,,,,,,,0,11,11,11,732.9568055000855,,,,,,,,,,,,,,,,,,,,,,,,,,,,,,,,,,,,,,,,,,,,,,,,,,,,,,,,,732.9421490000095,732.9568055000855,732.9568055000855,737.8043682000134,0.0,0.0,11,001,female,20,2024-11-22_15h15.55.949,solo project,2024.2.1post4,59.798097697063184,2024-11-22 15h16.42.635931 +0530,
,,12,12,0,,,,,,,,,,,,,,13,Urinating in a public bathroom,1.0,1.0,,,,,,,,,,,,,,,,,0,12,12,12,737.8235347000882,,,,,,,,,,,,,,,,,,,,,,,,,,,,,,,,,,,,,,,,,,,,,,,,,,,,,,,,,737.8085516000865,737.8235347000882,737.8235347000882,742.5710825000424,1.0,1.0,11,001,female,20,2024-11-22_15h15.55.949,solo project,2024.2.1post4,59.798097697063184,2024-11-22 15h16.42.635931 +0530,
,,13,13,0,,,,,,,,,,,,,,14,Entering a room when others are already seated,1.0,1.0,,,,,,,,,,,,,,,,,0,13,13,13,742.5884603000013,,,,,,,,,,,,,,,,,,,,,,,,,,,,,,,,,,,,,,,,,,,,,,,,,,,,,,,,,742.5744425000157,742.5884603000013,742.5884603000013,750.2208203000482,1.0,1.0,11,001,female,20,2024-11-22_15h15.55.949,solo project,2024.2.1post4,59.798097697063184,2024-11-22 15h16.42.635931 +0530,
,,14,14,0,,,,,,,,,,,,,,15,Being the center of attention,1.0,1.0,,,,,,,,,,,,,,,,,0,14,14,14,750.2393138000043,,,,,,,,,,,,,,,,,,,,,,,,,,,,,,,,,,,,,,,,,,,,,,,,,,,,,,,,,750.2249059000751,750.2393138000043,750.2393138000043,754.7548462999985,1.0,1.0,11,001,female,20,2024-11-22_15h15.55.949,solo project,2024.2.1post4,59.798097697063184,2024-11-22 15h16.42.635931 +0530,
,,15,15,0,,,,,,,,,,,,,,16,Speaking up at a meeting,0.0,0.0,,,,,,,,,,,,,,,,,0,15,15,15,754.7735483000288,,,,,,,,,,,,,,,,,,,,,,,,,,,,,,,,,,,,,,,,,,,,,,,,,,,,,,,,,754.7587924000109,754.7735483000288,754.7735483000288,759.6210810000775,0.0,0.0,11,001,female,20,2024-11-22_15h15.55.949,solo project,2024.2.1post4,59.798097697063184,2024-11-22 15h16.42.635931 +0530,
,,16,16,0,,,,,,,,,,,,,,17,Taking a test,1.0,1.0,,,,,,,,,,,,,,,,,0,16,16,16,759.6379459000891,,,,,,,,,,,,,,,,,,,,,,,,,,,,,,,,,,,,,,,,,,,,,,,,,,,,,,,,,759.6238165000686,759.6379459000891,759.6379459000891,763.887750599999,1.0,1.0,11,001,female,20,2024-11-22_15h15.55.949,solo project,2024.2.1post4,59.798097697063184,2024-11-22 15h16.42.635931 +0530,
,,17,17,0,,,,,,,,,,,,,,18,Expressing a disagreement or disapproval to people you don’t know very well,1.0,1.0,,,,,,,,,,,,,,,,,0,17,17,17,763.9084499001037,,,,,,,,,,,,,,,,,,,,,,,,,,,,,,,,,,,,,,,,,,,,,,,,,,,,,,,,,763.8930924000451,763.9084499001037,763.9084499001037,769.5877532000886,1.0,1.0,11,001,female,20,2024-11-22_15h15.55.949,solo project,2024.2.1post4,59.798097697063184,2024-11-22 15h16.42.635931 +0530,
,,18,18,0,,,,,,,,,,,,,,19,Looking at people you don't know very well in the eyes,1.0,1.0,,,,,,,,,,,,,,,,,0,18,18,18,769.6072879000567,,,,,,,,,,,,,,,,,,,,,,,,,,,,,,,,,,,,,,,,,,,,,,,,,,,,,,,,,769.5928867000621,769.6072879000567,769.6072879000567,778.537048600032,1.0,1.0,11,001,female,20,2024-11-22_15h15.55.949,solo project,2024.2.1post4,59.798097697063184,2024-11-22 15h16.42.635931 +0530,
,,19,19,0,,,,,,,,,,,,,,20,Giving a report to a group,0.0,0.0,,,,,,,,,,,,,,,,,0,19,19,19,778.5547414000612,,,,,,,,,,,,,,,,,,,,,,,,,,,,,,,,,,,,,,,,,,,,,,,,,,,,,,,,,778.540209800005,778.5547414000612,778.5547414000612,786.8600264000706,0.0,0.0,11,001,female,20,2024-11-22_15h15.55.949,solo project,2024.2.1post4,59.798097697063184,2024-11-22 15h16.42.635931 +0530,
,,20,20,0,,,,,,,,,,,,,,21,Trying to pick up someone,1.0,1.0,,,,,,,,,,,,,,,,,0,20,20,20,786.8778883999912,,,,,,,,,,,,,,,,,,,,,,,,,,,,,,,,,,,,,,,,,,,,,,,,,,,,,,,,,786.8631594000617,786.8778883999912,786.8778883999912,811.926713700057,1.0,1.0,11,001,female,20,2024-11-22_15h15.55.949,solo project,2024.2.1post4,59.798097697063184,2024-11-22 15h16.42.635931 +0530,
,,21,21,0,,,,,,,,,,,,,,22,Returning goods to a store,0.0,0.0,,,,,,,,,,,,,,,,,0,21,21,21,811.9471983000403,,,,,,,,,,,,,,,,,,,,,,,,,,,,,,,,,,,,,,,,,,,,,,,,,,,,,,,,,811.9308500000043,811.9471983000403,811.9471983000403,817.4135154000251,0.0,0.0,11,001,female,20,2024-11-22_15h15.55.949,solo project,2024.2.1post4,59.798097697063184,2024-11-22 15h16.42.635931 +0530,
,,22,22,0,,,,,,,,,,,,,,23,Giving a party,0.0,0.0,,,,,,,,,,,,,,,,,0,22,22,22,817.4306410000427,,,,,,,,,,,,,,,,,,,,,,,,,,,,,,,,,,,,,,,,,,,,,,,,,,,,,,,,,817.4163156000432,817.4306410000427,817.4306410000427,819.8136695000576,0.0,0.0,11,001,female,20,2024-11-22_15h15.55.949,solo project,2024.2.1post4,59.798097697063184,2024-11-22 15h16.42.635931 +0530,
,,23,23,0,,,,,,,,,,,,,,24,Resisting a high pressure salesperson,1.0,1.0,,,,,,,,,,,,,,,,,0,23,23,23,819.8320837999927,,,,,,,,,,,,,,,,,,,,,,,,,,,,,,,,,,,,,,,,,,,,,,,,,,,,,,,,,819.8169811000116,819.8320837999927,819.8320837999927,824.5633872000035,1.0,1.0,11,001,female,20,2024-11-22_15h15.55.949,solo project,2024.2.1post4,59.798097697063184,2024-11-22 15h16.42.635931 +0530,
