﻿no_per,dsr_per,thisN,thisTrialN,thisRepN,slider.response,slider.rt,no_exp,dsr_exp,slider_2.response,imagefile,type,subtype,study_word,test_word,old_new,slider_3.response,slider_3.rt,lsas_no,lsas_situation,slider_4.response,slider_5.response,trials.thisRepN,trials.thisTrialN,trials.thisN,trials.thisIndex,trials_2.thisRepN,trials_2.thisTrialN,trials_2.thisN,trials_2.thisIndex,trials_3.thisRepN,trials_3.thisTrialN,trials_3.thisN,trials_3.thisIndex,trials_4.thisRepN,trials_4.thisTrialN,trials_4.thisN,trials_4.thisIndex,trials_5.thisRepN,trials_5.thisTrialN,trials_5.thisN,trials_5.thisIndex,thisRow.t,notes,consent.started,consent.stopped,button.numClicks,button.timesOn,button.timesOff,dsr_personal.started,text.started,question.started,slider.started,dsr_personal.stopped,trials.slider.response,trials.slider.rt,dsr_experience.started,dsr_experience.stopped,trials_2.slider_2.response,instr.started,instr.stopped,key_resp.keys,key_resp.rt,key_resp.duration,encoding.started,fixation.started,study_image.started,studyword.started,fixation.stopped,study_image.stopped,studyword.stopped,encoding.stopped,test_instruction.started,key_resp_2.started,test_instruction.stopped,key_resp_2.keys,key_resp_2.rt,key_resp_2.duration,testing.started,t_word.started,slider_3.started,testing.stopped,trials_4.slider_3.response,trials_4.slider_3.rt,end.started,end.stopped,button_2.numClicks,button_2.timesOn,button_2.timesOff,brk.started,brk.stopped,key_resp_3.keys,key_resp_3.rt,key_resp_3.duration,lsas_instr.started,lsas_instr.stopped,key_resp_4.keys,key_resp_4.rt,key_resp_4.duration,lsas.started,text_2.started,text_3.started,lsas.stopped,trials_5.slider_4.response,trials_5.slider_5.response,participant,session,sex,age,date,expName,psychopyVersion,frameRate,expStart
,,,,,,,,,,,,,,,,,,,,,,,,,,,,,,,,,,,,,,,,,,,,0.0082316,12.2032706,1,[12.174326200038195],[12.17434179992415],,,,,,,,,,,,,,,,,,,,,,,,,,,,,,,,,,,,,,,,,,,,,,,,,,,,,,,,,12,1,male,22,2024-11-22_15h34.37.249,solo project,2024.2.1post4,59.87876947,2024-11-22 15h34.54.631486 +0530
1,"I might be willing to try eating monkey meat, under some circumstances.",0,0,0,3,23.0469432,,,,,,,,,,,,,,,,0,0,0,0,,,,,,,,,,,,,,,,,12.2513762,,,,,,,12.2251491,12.2513762,12.2513762,12.2513762,35.2875037,3,23.0469432,,,,,,,,,,,,,,,,,,,,,,,,,,,,,,,,,,,,,,,,,,,,,,,,,,12,1,male,22,2024-11-22_15h34.37.249,solo project,2024.2.1post4,59.87876947,2024-11-22 15h34.54.631486 +0530
2,It would bother me to be in a science class and to see a human preserved in a jar.,1,1,0,0,8.0454647,,,,,,,,,,,,,,,,0,1,1,1,,,,,,,,,,,,,,,,,35.3036026,,,,,,,35.2933882,35.3036026,35.3036026,35.3036026,43.3542728,0,8.0454647,,,,,,,,,,,,,,,,,,,,,,,,,,,,,,,,,,,,,,,,,,,,,,,,,,12,1,male,22,2024-11-22_15h34.37.249,solo project,2024.2.1post4,59.87876947,2024-11-22 15h34.54.631486 +0530
3,It bothers me to hear someone clear a throat full of mucous.,2,2,0,1,6.4794461,,,,,,,,,,,,,,,,0,2,2,2,,,,,,,,,,,,,,,,,43.3694365,,,,,,,43.3582812,43.3694365,43.3694365,43.3694365,49.8541826,1,6.4794461,,,,,,,,,,,,,,,,,,,,,,,,,,,,,,,,,,,,,,,,,,,,,,,,,,12,1,male,22,2024-11-22_15h34.37.249,solo project,2024.2.1post4,59.87876947,2024-11-22 15h34.54.631486 +0530
4,I never let any part of my body touch the toilet seat in public restrooms.,3,3,0,1,8.2304825,,,,,,,,,,,,,,,,0,3,3,3,,,,,,,,,,,,,,,,,49.8695023,,,,,,,49.8578233,49.8695023,49.8695023,49.8695023,58.1040764,1,8.2304825,,,,,,,,,,,,,,,,,,,,,,,,,,,,,,,,,,,,,,,,,,,,,,,,,,12,1,male,22,2024-11-22_15h34.37.249,solo project,2024.2.1post4,59.87876947,2024-11-22 15h34.54.631486 +0530
5,I would go out of my way to avoid walking through a graveyard.,4,4,0,0,6.1481874,,,,,,,,,,,,,,,,0,4,4,4,,,,,,,,,,,,,,,,,58.1193611,,,,,,,58.1072388,58.1193611,58.1193611,58.1193611,64.2706521,0,6.1481874,,,,,,,,,,,,,,,,,,,,,,,,,,,,,,,,,,,,,,,,,,,,,,,,,,12,1,male,22,2024-11-22_15h34.37.249,solo project,2024.2.1post4,59.87876947,2024-11-22 15h34.54.631486 +0530
6,Seeing a cockroach in someone else's house doesn't bother me.,5,5,0,3,17.0143164,,,,,,,,,,,,,,,,0,5,5,5,,,,,,,,,,,,,,,,,64.2871068,,,,,,,64.2762326,64.2871068,64.2871068,64.2871068,81.3034551,3,17.0143164,,,,,,,,,,,,,,,,,,,,,,,,,,,,,,,,,,,,,,,,,,,,,,,,,,12,1,male,22,2024-11-22_15h34.37.249,solo project,2024.2.1post4,59.87876947,2024-11-22 15h34.54.631486 +0530
7,It would bother me tremendously to touch a dead body.,6,6,0,1,5.5481309,,,,,,,,,,,,,,,,0,6,6,6,,,,,,,,,,,,,,,,,81.3191502,,,,,,,81.3065706,81.3191502,81.3191502,81.3191502,86.8705681,1,5.5481309,,,,,,,,,,,,,,,,,,,,,,,,,,,,,,,,,,,,,,,,,,,,,,,,,,12,1,male,22,2024-11-22_15h34.37.249,solo project,2024.2.1post4,59.87876947,2024-11-22 15h34.54.631486 +0530
8,"If I see someone vomit, it makes me sick to my stomach.",7,7,0,1,6.4147931,,,,,,,,,,,,,,,,0,7,7,7,,,,,,,,,,,,,,,,,86.8861398,,,,,,,86.8735299,86.8861398,86.8861398,86.8861398,93.3037397,1,6.4147931,,,,,,,,,,,,,,,,,,,,,,,,,,,,,,,,,,,,,,,,,,,,,,,,,,12,1,male,22,2024-11-22_15h34.37.249,solo project,2024.2.1post4,59.87876947,2024-11-22 15h34.54.631486 +0530
9,I probably would not go to my favorite restaurant if I found out that the cook had a cold.,8,8,0,1,11.3635117,,,,,,,,,,,,,,,,0,8,8,8,,,,,,,,,,,,,,,,,93.3190008,,,,,,,93.3075734,93.3190008,93.3190008,93.3190008,104.6865604,1,11.3635117,,,,,,,,,,,,,,,,,,,,,,,,,,,,,,,,,,,,,,,,,,,,,,,,,,12,1,male,22,2024-11-22_15h34.37.249,solo project,2024.2.1post4,59.87876947,2024-11-22 15h34.54.631486 +0530
10,It would not upset me at all to watch a person with a glass eye take the eye out of the socket.,9,9,0,4,7.814427,,,,,,,,,,,,,,,,0,9,9,9,,,,,,,,,,,,,,,,,104.7020278,,,,,,,104.6903956,104.7020278,104.7020278,104.7020278,112.5195014,4,7.814427,,,,,,,,,,,,,,,,,,,,,,,,,,,,,,,,,,,,,,,,,,,,,,,,,,12,1,male,22,2024-11-22_15h34.37.249,solo project,2024.2.1post4,59.87876947,2024-11-22 15h34.54.631486 +0530
11,It would bother me to see a rat run across my path in a park.,10,10,0,1,6.5141852,,,,,,,,,,,,,,,,0,10,10,10,,,,,,,,,,,,,,,,,112.5352723,,,,,,,112.5233032,112.5352723,112.5352723,112.5352723,119.0528663,1,6.5141852,,,,,,,,,,,,,,,,,,,,,,,,,,,,,,,,,,,,,,,,,,,,,,,,,,12,1,male,22,2024-11-22_15h34.37.249,solo project,2024.2.1post4,59.87876947,2024-11-22 15h34.54.631486 +0530
12,I would rather eat a piece of fruit than a piece of paper.,11,11,0,4,10.2476652,,,,,,,,,,,,,,,,0,11,11,11,,,,,,,,,,,,,,,,,119.0688178,,,,,,,119.0557864,119.0688178,119.0688178,119.0688178,129.3199932,4,10.2476652,,,,,,,,,,,,,,,,,,,,,,,,,,,,,,,,,,,,,,,,,,,,,,,,,,12,1,male,22,2024-11-22_15h34.37.249,solo project,2024.2.1post4,59.87876947,2024-11-22 15h34.54.631486 +0530
13,"Even if I was hungry, I would not drink a bowl of my favorite soup if It had been stirred by a used but thoroughly washed flyswatter.",12,12,0,1,31.3593477,,,,,,,,,,,,,,,,0,12,12,12,,,,,,,,,,,,,,,,,129.3375913,,,,,,,129.3269758,129.3375913,129.3375913,129.3375913,160.7026164,1,31.3593477,,,,,,,,,,,,,,,,,,,,,,,,,,,,,,,,,,,,,,,,,,,,,,,,,,12,1,male,22,2024-11-22_15h34.37.249,solo project,2024.2.1post4,59.87876947,2024-11-22 15h34.54.631486 +0530
14,It would bother me to sleep in a nice hotel room if I knew that a man had died of a heart attack in that room the night before.,13,13,0,3,20.8632454,,,,,,,,,,,,,,,,0,13,13,13,,,,,,,,,,,,,,,,,160.7177175,,,,,,,160.706943,160.7177175,160.7177175,160.7177175,181.5857755,3,20.8632454,,,,,,,,,,,,,,,,,,,,,,,,,,,,,,,,,,,,,,,,,,,,,,,,,,12,1,male,22,2024-11-22_15h34.37.249,solo project,2024.2.1post4,59.87876947,2024-11-22 15h34.54.631486 +0530
,,0,0,0,,,15,You see maggots on a piece of meat in an outdoor or garbage pail.,2,,,,,,,,,,,,,,,,,0,0,0,0,,,,,,,,,,,,,181.6094974,,,,,,,,,,,,,,181.5950744,209.7683984,2,,,,,,,,,,,,,,,,,,,,,,,,,,,,,,,,,,,,,,,,,,,,,,,12,1,male,22,2024-11-22_15h34.37.249,solo project,2024.2.1post4,59.87876947,2024-11-22 15h34.54.631486 +0530
,,1,1,0,,,16,You see person eating apple with a knife and fork.,0,,,,,,,,,,,,,,,,,0,1,1,1,,,,,,,,,,,,,209.7842619,,,,,,,,,,,,,,209.7712854,216.7184161,0,,,,,,,,,,,,,,,,,,,,,,,,,,,,,,,,,,,,,,,,,,,,,,,12,1,male,22,2024-11-22_15h34.37.249,solo project,2024.2.1post4,59.87876947,2024-11-22 15h34.54.631486 +0530
,,2,2,0,,,17,"While you are walking through a tunner under a railroad track, you smell urine.",1,,,,,,,,,,,,,,,,,0,2,2,2,,,,,,,,,,,,,216.7351821,,,,,,,,,,,,,,216.7245893,232.8516335,1,,,,,,,,,,,,,,,,,,,,,,,,,,,,,,,,,,,,,,,,,,,,,,,12,1,male,22,2024-11-22_15h34.37.249,solo project,2024.2.1post4,59.87876947,2024-11-22 15h34.54.631486 +0530
,,3,3,0,,,18,"You take a sip of soda, an then realize that you drank from the glass that an acquaintance of yours had been drinking from.",0,,,,,,,,,,,,,,,,,0,3,3,3,,,,,,,,,,,,,232.876092,,,,,,,,,,,,,,232.8652968,246.7179577,0,,,,,,,,,,,,,,,,,,,,,,,,,,,,,,,,,,,,,,,,,,,,,,,12,1,male,22,2024-11-22_15h34.37.249,solo project,2024.2.1post4,59.87876947,2024-11-22 15h34.54.631486 +0530
,,4,4,0,,,19,"Your friend's pet cat dies, and you have to pick up the dead body with your bare hands.",0,,,,,,,,,,,,,,,,,0,4,4,4,,,,,,,,,,,,,246.7336035,,,,,,,,,,,,,,246.7218642,257.0843659,0,,,,,,,,,,,,,,,,,,,,,,,,,,,,,,,,,,,,,,,,,,,,,,,12,1,male,22,2024-11-22_15h34.37.249,solo project,2024.2.1post4,59.87876947,2024-11-22 15h34.54.631486 +0530
,,5,5,0,,,20,You see someone put ketchup on vanilla ice cream and eat it.,4,,,,,,,,,,,,,,,,,0,5,5,5,,,,,,,,,,,,,257.0998559,,,,,,,,,,,,,,257.0874607,261.8175092,4,,,,,,,,,,,,,,,,,,,,,,,,,,,,,,,,,,,,,,,,,,,,,,,12,1,male,22,2024-11-22_15h34.37.249,solo project,2024.2.1post4,59.87876947,2024-11-22 15h34.54.631486 +0530
,,6,6,0,,,21,You see a man with his intestines exposed after an accident.,0,,,,,,,,,,,,,,,,,0,6,6,6,,,,,,,,,,,,,261.8333541,,,,,,,,,,,,,,261.8214861,271.0841965,0,,,,,,,,,,,,,,,,,,,,,,,,,,,,,,,,,,,,,,,,,,,,,,,12,1,male,22,2024-11-22_15h34.37.249,solo project,2024.2.1post4,59.87876947,2024-11-22 15h34.54.631486 +0530
,,7,7,0,,,22,You discover that a friend of yours changes underwear only once a week.,1,,,,,,,,,,,,,,,,,0,7,7,7,,,,,,,,,,,,,271.0997204,,,,,,,,,,,,,,271.0876399,290.7173539,1,,,,,,,,,,,,,,,,,,,,,,,,,,,,,,,,,,,,,,,,,,,,,,,12,1,male,22,2024-11-22_15h34.37.249,solo project,2024.2.1post4,59.87876947,2024-11-22 15h34.54.631486 +0530
,,8,8,0,,,23,A friend offers you a piece of chocolate shaped like dog-doo.,0,,,,,,,,,,,,,,,,,0,8,8,8,,,,,,,,,,,,,290.7332698,,,,,,,,,,,,,,290.7221651,304.3339505,0,,,,,,,,,,,,,,,,,,,,,,,,,,,,,,,,,,,,,,,,,,,,,,,12,1,male,22,2024-11-22_15h34.37.249,solo project,2024.2.1post4,59.87876947,2024-11-22 15h34.54.631486 +0530
,,9,9,0,,,24,You accidentally touch the ashes of a person who has been cremated.,0,,,,,,,,,,,,,,,,,0,9,9,9,,,,,,,,,,,,,304.3498687,,,,,,,,,,,,,,304.3372864,315.8617185,0,,,,,,,,,,,,,,,,,,,,,,,,,,,,,,,,,,,,,,,,,,,,,,,12,1,male,22,2024-11-22_15h34.37.249,solo project,2024.2.1post4,59.87876947,2024-11-22 15h34.54.631486 +0530
,,10,10,0,,,25,You are about to drink a glass of milk when you smell that it is spoiled.,3,,,,,,,,,,,,,,,,,0,10,10,10,,,,,,,,,,,,,315.8776416,,,,,,,,,,,,,,315.865373,322.1114832,3,,,,,,,,,,,,,,,,,,,,,,,,,,,,,,,,,,,,,,,,,,,,,,,12,1,male,22,2024-11-22_15h34.37.249,solo project,2024.2.1post4,59.87876947,2024-11-22 15h34.54.631486 +0530
,,11,11,0,,,26,"As a part of a sex education class, you are required to inflate a new unlubricated condom using your mouth.",0,,,,,,,,,,,,,,,,,0,11,11,11,,,,,,,,,,,,,322.1269489,,,,,,,,,,,,,,322.1160742,334.9288184,0,,,,,,,,,,,,,,,,,,,,,,,,,,,,,,,,,,,,,,,,,,,,,,,12,1,male,22,2024-11-22_15h34.37.249,solo project,2024.2.1post4,59.87876947,2024-11-22 15h34.54.631486 +0530
,,12,12,0,,,27,"You are walking barefoot on concrete, and you step on an earthworm.",0,,,,,,,,,,,,,,,,,0,12,12,12,,,,,,,,,,,,,334.943552,,,,,,,,,,,,,,334.9322531,340.2612986,0,,,,,,,,,,,,,,,,,,,,,,,,,,,,,,,,,,,,,,,,,,,,,,,12,1,male,22,2024-11-22_15h34.37.249,solo project,2024.2.1post4,59.87876947,2024-11-22 15h34.54.631486 +0530
,,,,,,,,,,,,,,,,,,,,,,,,,,,,,,,,,,,,,,,,,,,,,,,,,,,,,,,,,,,340.2613812,358.2951217,space,18.0316375,None,,,,,,,,,,,,,,,,,,,,,,,,,,,,,,,,,,,,,,,,,,12,1,male,22,2024-11-22_15h34.37.249,solo project,2024.2.1post4,59.87876947,2024-11-22 15h34.54.631486 +0530
,,0,0,0,,,,,,images/1044_food_neutral_lum.jpg,neutral,food,custom,,,,,,,,,,,,,,,,,0,0,0,1,,,,,,,,,358.3505924,,,,,,,,,,,,,,,,,,,,,,358.3379079,358.3505924,359.3027803,359.3027803,359.3522706,361.3108309,361.3108309,361.2859872,,,,,,,,,,,,,,,,,,,,,,,,,,,,,,,,,,12,1,male,22,2024-11-22_15h34.37.249,solo project,2024.2.1post4,59.87876947,2024-11-22 15h34.54.631486 +0530
,,1,1,0,,,,,,images/1192_injuries_infections neutral_lum.jpg,neutral,injury/infection,stove,,,,,,,,,,,,,,,,,0,1,1,26,,,,,,,,,361.3108309,,,,,,,,,,,,,,,,,,,,,,361.3069543,361.3108309,362.3023254,362.3023254,362.31868,364.3122934,364.3122934,364.2859573,,,,,,,,,,,,,,,,,,,,,,,,,,,,,,,,,,12,1,male,22,2024-11-22_15h34.37.249,solo project,2024.2.1post4,59.87876947,2024-11-22 15h34.54.631486 +0530
,,2,2,0,,,,,,images/1149_body products neutral_lum.jpg,neutral,body product,skeptical,,,,,,,,,,,,,,,,,0,2,2,24,,,,,,,,,364.3122934,,,,,,,,,,,,,,,,,,,,,,364.3089698,364.3122934,365.3021792,365.3021792,365.3186526,367.3113142,367.3113142,367.2863954,,,,,,,,,,,,,,,,,,,,,,,,,,,,,,,,,,12,1,male,22,2024-11-22_15h34.37.249,solo project,2024.2.1post4,59.87876947,2024-11-22 15h34.54.631486 +0530
,,3,3,0,,,,,,images/1073_animals_lum.jpg,disgust,animal,journal,,,,,,,,,,,,,,,,,0,3,3,7,,,,,,,,,367.3113142,,,,,,,,,,,,,,,,,,,,,,367.307881,367.3113142,368.3022825,368.3022825,368.3189475,370.3095574,370.3095574,370.2864498,,,,,,,,,,,,,,,,,,,,,,,,,,,,,,,,,,12,1,male,22,2024-11-22_15h34.37.249,solo project,2024.2.1post4,59.87876947,2024-11-22 15h34.54.631486 +0530
,,4,4,0,,,,,,images/1062_animals_lum.jpg,disgust,animal,ennui,,,,,,,,,,,,,,,,,0,4,4,3,,,,,,,,,370.3095574,,,,,,,,,,,,,,,,,,,,,,370.3050161,370.3095574,371.3020516,371.3020516,371.3185718,373.3109609,373.3109609,373.2860454,,,,,,,,,,,,,,,,,,,,,,,,,,,,,,,,,,12,1,male,22,2024-11-22_15h34.37.249,solo project,2024.2.1post4,59.87876947,2024-11-22 15h34.54.631486 +0530
,,5,5,0,,,,,,images/1049_food_neutral_lum.jpg,neutral,food,privacy,,,,,,,,,,,,,,,,,0,5,5,17,,,,,,,,,373.3109609,,,,,,,,,,,,,,,,,,,,,,373.3076642,373.3109609,374.301804,374.301804,374.3188843,376.3110342,376.3110342,376.2860519,,,,,,,,,,,,,,,,,,,,,,,,,,,,,,,,,,12,1,male,22,2024-11-22_15h34.37.249,solo project,2024.2.1post4,59.87876947,2024-11-22 15h34.54.631486 +0530
,,6,6,0,,,,,,images/1153_injuries_infections_lum.jpg,disgust,injury/infection,elevator,,,,,,,,,,,,,,,,,0,6,6,2,,,,,,,,,376.3110342,,,,,,,,,,,,,,,,,,,,,,376.3062353,376.3110342,377.3020023,377.3020023,377.3191659,379.3120652,379.3120652,379.2859064,,,,,,,,,,,,,,,,,,,,,,,,,,,,,,,,,,12,1,male,22,2024-11-22_15h34.37.249,solo project,2024.2.1post4,59.87876947,2024-11-22 15h34.54.631486 +0530
,,7,7,0,,,,,,images/1041_food_neutral_lum.jpg,neutral,food,trumpet,,,,,,,,,,,,,,,,,0,7,7,27,,,,,,,,,379.3120652,,,,,,,,,,,,,,,,,,,,,,379.3070146,379.3120652,380.3018989,380.3018989,380.3189356,382.3117861,382.3117861,382.2859791,,,,,,,,,,,,,,,,,,,,,,,,,,,,,,,,,,12,1,male,22,2024-11-22_15h34.37.249,solo project,2024.2.1post4,59.87876947,2024-11-22 15h34.54.631486 +0530
,,8,8,0,,,,,,images/1099_animals_neutral_lum.jpg,neutral,animal,coast,,,,,,,,,,,,,,,,,0,8,8,0,,,,,,,,,382.3117861,,,,,,,,,,,,,,,,,,,,,,382.3071282,382.3117861,383.3020091,383.3020091,383.31875,385.3136697,385.3136697,385.2862701,,,,,,,,,,,,,,,,,,,,,,,,,,,,,,,,,,12,1,male,22,2024-11-22_15h34.37.249,solo project,2024.2.1post4,59.87876947,2024-11-22 15h34.54.631486 +0530
,,9,9,0,,,,,,images/1223_death_lum.jpg,disgust,death,mischief,,,,,,,,,,,,,,,,,0,9,9,13,,,,,,,,,385.3136697,,,,,,,,,,,,,,,,,,,,,,385.3093236,385.3136697,386.3018229,386.3018229,386.3184782,388.3119407,388.3119407,388.2857059,,,,,,,,,,,,,,,,,,,,,,,,,,,,,,,,,,12,1,male,22,2024-11-22_15h34.37.249,solo project,2024.2.1post4,59.87876947,2024-11-22 15h34.54.631486 +0530
,,10,10,0,,,,,,images/1143_body products neutral_lum.jpg,neutral,body product,invest,,,,,,,,,,,,,,,,,0,10,10,6,,,,,,,,,388.3119407,,,,,,,,,,,,,,,,,,,,,,388.3064592,388.3119407,389.3015843,389.3015843,389.3184943,391.3113535,391.3113535,391.2853826,,,,,,,,,,,,,,,,,,,,,,,,,,,,,,,,,,12,1,male,22,2024-11-22_15h34.37.249,solo project,2024.2.1post4,59.87876947,2024-11-22 15h34.54.631486 +0530
,,11,11,0,,,,,,images/1001_food_lum.jpg,disgust,food,radiator,,,,,,,,,,,,,,,,,0,11,11,18,,,,,,,,,391.3113535,,,,,,,,,,,,,,,,,,,,,,391.3079827,391.3113535,392.3019413,392.3019413,392.3183226,394.3105462,394.3105462,394.2857337,,,,,,,,,,,,,,,,,,,,,,,,,,,,,,,,,,12,1,male,22,2024-11-22_15h34.37.249,solo project,2024.2.1post4,59.87876947,2024-11-22 15h34.54.631486 +0530
,,12,12,0,,,,,,images/1299_hygiene neutral_lum.jpg,neutral,hygeine,rancid,,,,,,,,,,,,,,,,,0,12,12,19,,,,,,,,,394.3105462,,,,,,,,,,,,,,,,,,,,,,394.3055788,394.3105462,395.3014345,395.3014345,395.3187092,397.3110412,397.3110412,397.2854102,,,,,,,,,,,,,,,,,,,,,,,,,,,,,,,,,,12,1,male,22,2024-11-22_15h34.37.249,solo project,2024.2.1post4,59.87876947,2024-11-22 15h34.54.631486 +0530
,,13,13,0,,,,,,images/1032_food_lum.jpg,disgust,food,rattle,,,,,,,,,,,,,,,,,0,13,13,20,,,,,,,,,397.3110412,,,,,,,,,,,,,,,,,,,,,,397.3060657,397.3110412,398.3016932,398.3016932,398.3181865,400.311242,400.311242,400.2857241,,,,,,,,,,,,,,,,,,,,,,,,,,,,,,,,,,12,1,male,22,2024-11-22_15h34.37.249,solo project,2024.2.1post4,59.87876947,2024-11-22 15h34.54.631486 +0530
,,14,14,0,,,,,,images/1118_body products_lum.jpg,disgust,body product,reverent,,,,,,,,,,,,,,,,,0,14,14,22,,,,,,,,,400.311242,,,,,,,,,,,,,,,,,,,,,,400.3064906,400.311242,401.301975,401.301975,401.3186895,403.3132728,403.3132728,403.2855892,,,,,,,,,,,,,,,,,,,,,,,,,,,,,,,,,,12,1,male,22,2024-11-22_15h34.37.249,solo project,2024.2.1post4,59.87876947,2024-11-22 15h34.54.631486 +0530
,,15,15,0,,,,,,images/1253_hygiene_lum.jpg,disgust,hygeine,manner,,,,,,,,,,,,,,,,,0,15,15,11,,,,,,,,,403.3132728,,,,,,,,,,,,,,,,,,,,,,403.3081083,403.3132728,404.3019729,404.3019729,404.3182758,406.310238,406.310238,406.2854826,,,,,,,,,,,,,,,,,,,,,,,,,,,,,,,,,,12,1,male,22,2024-11-22_15h34.37.249,solo project,2024.2.1post4,59.87876947,2024-11-22 15h34.54.631486 +0530
,,16,16,0,,,,,,images/1107_body products_lum.jpg,disgust,body product,passage,,,,,,,,,,,,,,,,,0,16,16,16,,,,,,,,,406.310238,,,,,,,,,,,,,,,,,,,,,,406.3065777,406.310238,407.3014661,407.3014661,407.3182512,409.321894,409.321894,409.288796,,,,,,,,,,,,,,,,,,,,,,,,,,,,,,,,,,12,1,male,22,2024-11-22_15h34.37.249,solo project,2024.2.1post4,59.87876947,2024-11-22 15h34.54.631486 +0530
,,17,17,0,,,,,,images/1104_body products_lum.jpg,disgust,body product,material,,,,,,,,,,,,,,,,,0,17,17,12,,,,,,,,,409.321894,,,,,,,,,,,,,,,,,,,,,,409.3126168,409.321894,410.3051959,410.3051959,410.3222171,412.308252,412.308252,412.2893169,,,,,,,,,,,,,,,,,,,,,,,,,,,,,,,,,,12,1,male,22,2024-11-22_15h34.37.249,solo project,2024.2.1post4,59.87876947,2024-11-22 15h34.54.631486 +0530
,,18,18,0,,,,,,images/1100_animals_neutral_lum.jpg,neutral,animal,nursery,,,,,,,,,,,,,,,,,0,18,18,15,,,,,,,,,412.308252,,,,,,,,,,,,,,,,,,,,,,412.3035443,412.308252,413.3053822,413.3053822,413.3218695,415.3157753,415.3157753,415.2893442,,,,,,,,,,,,,,,,,,,,,,,,,,,,,,,,,,12,1,male,22,2024-11-22_15h34.37.249,solo project,2024.2.1post4,59.87876947,2024-11-22 15h34.54.631486 +0530
,,19,19,0,,,,,,images/1165_injuries_infections_lum.jpg,disgust,injury/infection,glacier,,,,,,,,,,,,,,,,,0,19,19,4,,,,,,,,,415.3157753,,,,,,,,,,,,,,,,,,,,,,415.3109269,415.3157753,416.3051906,416.3051906,416.3219878,418.3143595,418.3143595,418.2890274,,,,,,,,,,,,,,,,,,,,,,,,,,,,,,,,,,12,1,male,22,2024-11-22_15h34.37.249,solo project,2024.2.1post4,59.87876947,2024-11-22 15h34.54.631486 +0530
,,20,20,0,,,,,,images/1271_hygiene_lum.jpg,disgust,hygeine,limber,,,,,,,,,,,,,,,,,0,20,20,10,,,,,,,,,418.3143595,,,,,,,,,,,,,,,,,,,,,,418.3110381,418.3143595,419.3052769,419.3052769,419.3220257,421.3151897,421.3151897,421.2891999,,,,,,,,,,,,,,,,,,,,,,,,,,,,,,,,,,12,1,male,22,2024-11-22_15h34.37.249,solo project,2024.2.1post4,59.87876947,2024-11-22 15h34.54.631486 +0530
,,21,21,0,,,,,,images/1013_food_lum.jpg,disgust,food,stiff,,,,,,,,,,,,,,,,,0,21,21,25,,,,,,,,,421.3151897,,,,,,,,,,,,,,,,,,,,,,421.3106254,421.3151897,422.3051473,422.3051473,422.3223605,424.3139743,424.3139743,424.2892714,,,,,,,,,,,,,,,,,,,,,,,,,,,,,,,,,,12,1,male,22,2024-11-22_15h34.37.249,solo project,2024.2.1post4,59.87876947,2024-11-22 15h34.54.631486 +0530
,,22,22,0,,,,,,images/1054_animals_lum.jpg,disgust,animal,serious,,,,,,,,,,,,,,,,,0,22,22,23,,,,,,,,,424.3139743,,,,,,,,,,,,,,,,,,,,,,424.3092122,424.3139743,425.3052433,425.3052433,425.3219263,427.3135904,427.3135904,427.289326,,,,,,,,,,,,,,,,,,,,,,,,,,,,,,,,,,12,1,male,22,2024-11-22_15h34.37.249,solo project,2024.2.1post4,59.87876947,2024-11-22 15h34.54.631486 +0530
,,23,23,0,,,,,,images/1200_injuries_infections neutral_lum.jpg,neutral,injury/infection,village,,,,,,,,,,,,,,,,,0,23,23,28,,,,,,,,,427.3135904,,,,,,,,,,,,,,,,,,,,,,427.3086343,427.3135904,428.3050068,428.3050068,428.3217593,430.3146995,430.3146995,430.2890067,,,,,,,,,,,,,,,,,,,,,,,,,,,,,,,,,,12,1,male,22,2024-11-22_15h34.37.249,solo project,2024.2.1post4,59.87876947,2024-11-22 15h34.54.631486 +0530
,,24,24,0,,,,,,images/1291_hygiene neutral_lum.jpg,neutral,hygeine,hard,,,,,,,,,,,,,,,,,0,24,24,5,,,,,,,,,430.3146995,,,,,,,,,,,,,,,,,,,,,,430.3094129,430.3146995,431.3051811,431.3051811,431.3216935,433.315565,433.315565,433.2888529,,,,,,,,,,,,,,,,,,,,,,,,,,,,,,,,,,12,1,male,22,2024-11-22_15h34.37.249,solo project,2024.2.1post4,59.87876947,2024-11-22 15h34.54.631486 +0530
,,25,25,0,,,,,,images/1250_death neutral_lum.jpg,neutral,death,neurotic,,,,,,,,,,,,,,,,,0,25,25,14,,,,,,,,,433.315565,,,,,,,,,,,,,,,,,,,,,,433.3107622,433.315565,434.3051507,434.3051507,434.3219611,436.3139171,436.3139171,436.2891664,,,,,,,,,,,,,,,,,,,,,,,,,,,,,,,,,,12,1,male,22,2024-11-22_15h34.37.249,solo project,2024.2.1post4,59.87876947,2024-11-22 15h34.54.631486 +0530
,,26,26,0,,,,,,images/1146_body products neutral_lum.jpg,neutral,body product,reptile,,,,,,,,,,,,,,,,,0,26,26,21,,,,,,,,,436.3139171,,,,,,,,,,,,,,,,,,,,,,436.3090968,436.3139171,437.3049425,437.3049425,437.3220008,439.3135656,439.3135656,439.2888056,,,,,,,,,,,,,,,,,,,,,,,,,,,,,,,,,,12,1,male,22,2024-11-22_15h34.37.249,solo project,2024.2.1post4,59.87876947,2024-11-22 15h34.54.631486 +0530
,,27,27,0,,,,,,images/1093_animals_neutral_lum.jpg,neutral,animal,lighthouse,,,,,,,,,,,,,,,,,0,27,27,9,,,,,,,,,439.3135656,,,,,,,,,,,,,,,,,,,,,,439.3085303,439.3135656,440.3046261,440.3046261,440.321544,442.3163482,442.3163482,442.288867,,,,,,,,,,,,,,,,,,,,,,,,,,,,,,,,,,12,1,male,22,2024-11-22_15h34.37.249,solo project,2024.2.1post4,59.87876947,2024-11-22 15h34.54.631486 +0530
,,28,28,0,,,,,,images/1202_death_lum.jpg,disgust,death,lantern,,,,,,,,,,,,,,,,,0,28,28,8,,,,,,,,,442.3163482,,,,,,,,,,,,,,,,,,,,,,442.3117594,442.3163482,443.3049764,443.3049764,443.3216356,445.3129624,445.3129624,445.2886652,,,,,,,,,,,,,,,,,,,,,,,,,,,,,,,,,,12,1,male,22,2024-11-22_15h34.37.249,solo project,2024.2.1post4,59.87876947,2024-11-22 15h34.54.631486 +0530
,,29,29,0,,,,,,images/1247_death neutral_lum.jpg,neutral,death,wine,,,,,,,,,,,,,,,,,0,29,29,29,,,,,,,,,445.3129624,,,,,,,,,,,,,,,,,,,,,,445.3096711,445.3129624,446.3048772,446.3048772,446.3212391,448.304454,448.304454,448.2886919,,,,,,,,,,,,,,,,,,,,,,,,,,,,,,,,,,12,1,male,22,2024-11-22_15h34.37.249,solo project,2024.2.1post4,59.87876947,2024-11-22 15h34.54.631486 +0530
,,,,,,,,,,,,,,,,,,,,,,,,,,,,,,,,,,,,,,,,,,,,,,,,,,,,,,,,,,,,,,,,,,,,,,,,448.2887786,2.0093894,459.4218605,space,9.1145516,None,,,,,,,,,,,,,,,,,,,,,,,,,,,,12,1,male,22,2024-11-22_15h34.37.249,solo project,2024.2.1post4,59.87876947,2024-11-22 15h34.54.631486 +0530
,,0,0,0,,,,,,,neutral,food,,custom,old,1,7.9756001,,,,,,,,,,,,,,,,,0,0,0,1,,,,,459.4611728,,,,,,,,,,,,,,,,,,,,,,,,,,,,,,,,,,,,459.4515567,459.4611728,459.4611728,467.4427971,1,7.9756001,,,,,,,,,,,,,,,,,,,,,,12,1,male,22,2024-11-22_15h34.37.249,solo project,2024.2.1post4,59.87876947,2024-11-22 15h34.54.631486 +0530
,,1,1,0,,,,,,,None,None,,tease,new,2,2.8125183,,,,,,,,,,,,,,,,,0,1,1,54,,,,,467.4588291,,,,,,,,,,,,,,,,,,,,,,,,,,,,,,,,,,,,467.4480831,467.4588291,467.4588291,470.2756951,2,2.8125183,,,,,,,,,,,,,,,,,,,,,,12,1,male,22,2024-11-22_15h34.37.249,solo project,2024.2.1post4,59.87876947,2024-11-22 15h34.54.631486 +0530
,,2,2,0,,,,,,,None,None,,rough,new,2,2.6622381,,,,,,,,,,,,,,,,,0,2,2,46,,,,,470.2914168,,,,,,,,,,,,,,,,,,,,,,,,,,,,,,,,,,,,470.281036,470.2914168,470.2914168,472.9592497,2,2.6622381,,,,,,,,,,,,,,,,,,,,,,12,1,male,22,2024-11-22_15h34.37.249,solo project,2024.2.1post4,59.87876947,2024-11-22 15h34.54.631486 +0530
,,3,3,0,,,,,,,neutral,body product,,invest,old,1,3.1632278,,,,,,,,,,,,,,,,,0,3,3,6,,,,,472.974761,,,,,,,,,,,,,,,,,,,,,,,,,,,,,,,,,,,,472.9642012,472.974761,472.974761,476.1423355,1,3.1632278,,,,,,,,,,,,,,,,,,,,,,12,1,male,22,2024-11-22_15h34.37.249,solo project,2024.2.1post4,59.87876947,2024-11-22 15h34.54.631486 +0530
,,4,4,0,,,,,,,neutral,animal,,lighthouse,old,1,2.681103,,,,,,,,,,,,,,,,,0,4,4,9,,,,,476.1582852,,,,,,,,,,,,,,,,,,,,,,,,,,,,,,,,,,,,476.1465459,476.1582852,476.1582852,478.8423937,1,2.681103,,,,,,,,,,,,,,,,,,,,,,12,1,male,22,2024-11-22_15h34.37.249,solo project,2024.2.1post4,59.87876947,2024-11-22 15h34.54.631486 +0530
,,5,5,0,,,,,,,None,None,,shadow,new,2,2.4296126,,,,,,,,,,,,,,,,,0,5,5,50,,,,,478.8581312,,,,,,,,,,,,,,,,,,,,,,,,,,,,,,,,,,,,478.8469161,478.8581312,478.8581312,481.2920888,2,2.4296126,,,,,,,,,,,,,,,,,,,,,,12,1,male,22,2024-11-22_15h34.37.249,solo project,2024.2.1post4,59.87876947,2024-11-22 15h34.54.631486 +0530
,,6,6,0,,,,,,,disgust,food,,radiator,old,1,2.499285,,,,,,,,,,,,,,,,,0,6,6,18,,,,,481.3083639,,,,,,,,,,,,,,,,,,,,,,,,,,,,,,,,,,,,481.2946375,481.3083639,481.3083639,483.8089524,1,2.499285,,,,,,,,,,,,,,,,,,,,,,12,1,male,22,2024-11-22_15h34.37.249,solo project,2024.2.1post4,59.87876947,2024-11-22 15h34.54.631486 +0530
,,7,7,0,,,,,,,neutral,hygeine,,rancid,old,1,1.1991308,,,,,,,,,,,,,,,,,0,7,7,19,,,,,483.8252218,,,,,,,,,,,,,,,,,,,,,,,,,,,,,,,,,,,,483.8117835,483.8252218,483.8252218,485.0255904,1,1.1991308,,,,,,,,,,,,,,,,,,,,,,12,1,male,22,2024-11-22_15h34.37.249,solo project,2024.2.1post4,59.87876947,2024-11-22 15h34.54.631486 +0530
,,8,8,0,,,,,,,None,None,,whistle,new,2,2.0491356,,,,,,,,,,,,,,,,,0,8,8,59,,,,,485.0416408,,,,,,,,,,,,,,,,,,,,,,,,,,,,,,,,,,,,485.0278491,485.0416408,485.0416408,487.092123,2,2.0491356,,,,,,,,,,,,,,,,,,,,,,12,1,male,22,2024-11-22_15h34.37.249,solo project,2024.2.1post4,59.87876947,2024-11-22 15h34.54.631486 +0530
,,9,9,0,,,,,,,None,None,,lightbulb,new,2,1.4306455,,,,,,,,,,,,,,,,,0,9,9,40,,,,,487.1082381,,,,,,,,,,,,,,,,,,,,,,,,,,,,,,,,,,,,487.0963775,487.1082381,487.1082381,488.5425757,2,1.4306455,,,,,,,,,,,,,,,,,,,,,,12,1,male,22,2024-11-22_15h34.37.249,solo project,2024.2.1post4,59.87876947,2024-11-22 15h34.54.631486 +0530
,,10,10,0,,,,,,,neutral,injury/infection,,stove,old,2,3.0317313,,,,,,,,,,,,,,,,,0,10,10,26,,,,,488.5582108,,,,,,,,,,,,,,,,,,,,,,,,,,,,,,,,,,,,488.5450077,488.5582108,488.5582108,491.5922642,2,3.0317313,,,,,,,,,,,,,,,,,,,,,,12,1,male,22,2024-11-22_15h34.37.249,solo project,2024.2.1post4,59.87876947,2024-11-22 15h34.54.631486 +0530
,,11,11,0,,,,,,,neutral,body product,,skeptical,old,1,1.9464881,,,,,,,,,,,,,,,,,0,11,11,24,,,,,491.6080382,,,,,,,,,,,,,,,,,,,,,,,,,,,,,,,,,,,,491.5970422,491.6080382,491.6080382,493.5589103,1,1.9464881,,,,,,,,,,,,,,,,,,,,,,12,1,male,22,2024-11-22_15h34.37.249,solo project,2024.2.1post4,59.87876947,2024-11-22 15h34.54.631486 +0530
,,12,12,0,,,,,,,None,None,,hand,new,2,3.7988721,,,,,,,,,,,,,,,,,0,12,12,35,,,,,493.5745088,,,,,,,,,,,,,,,,,,,,,,,,,,,,,,,,,,,,493.5609835,493.5745088,493.5745088,497.3754047,2,3.7988721,,,,,,,,,,,,,,,,,,,,,,12,1,male,22,2024-11-22_15h34.37.249,solo project,2024.2.1post4,59.87876947,2024-11-22 15h34.54.631486 +0530
,,13,13,0,,,,,,,None,None,,watch,new,2,1.5323009,,,,,,,,,,,,,,,,,0,13,13,58,,,,,497.3914202,,,,,,,,,,,,,,,,,,,,,,,,,,,,,,,,,,,,497.3776202,497.3914202,497.3914202,498.92505,2,1.5323009,,,,,,,,,,,,,,,,,,,,,,12,1,male,22,2024-11-22_15h34.37.249,solo project,2024.2.1post4,59.87876947,2024-11-22 15h34.54.631486 +0530
,,14,14,0,,,,,,,disgust,injury/infection,,elevator,old,2,2.1487412,,,,,,,,,,,,,,,,,0,14,14,2,,,,,498.9413028,,,,,,,,,,,,,,,,,,,,,,,,,,,,,,,,,,,,498.9274858,498.9413028,498.9413028,501.0922709,2,2.1487412,,,,,,,,,,,,,,,,,,,,,,12,1,male,22,2024-11-22_15h34.37.249,solo project,2024.2.1post4,59.87876947,2024-11-22 15h34.54.631486 +0530
,,15,15,0,,,,,,,None,None,,trunk,new,2,1.3992442,,,,,,,,,,,,,,,,,0,15,15,57,,,,,501.1083359,,,,,,,,,,,,,,,,,,,,,,,,,,,,,,,,,,,,501.0944709,501.1083359,501.1083359,502.5084734,2,1.3992442,,,,,,,,,,,,,,,,,,,,,,12,1,male,22,2024-11-22_15h34.37.249,solo project,2024.2.1post4,59.87876947,2024-11-22 15h34.54.631486 +0530
,,16,16,0,,,,,,,disgust,body product,,material,old,1,2.9823586,,,,,,,,,,,,,,,,,0,16,16,12,,,,,502.5248348,,,,,,,,,,,,,,,,,,,,,,,,,,,,,,,,,,,,502.5114021,502.5248348,502.5248348,505.5082987,1,2.9823586,,,,,,,,,,,,,,,,,,,,,,12,1,male,22,2024-11-22_15h34.37.249,solo project,2024.2.1post4,59.87876947,2024-11-22 15h34.54.631486 +0530
,,17,17,0,,,,,,,None,None,,highway,new,2,3.6477764,,,,,,,,,,,,,,,,,0,17,17,37,,,,,505.524386,,,,,,,,,,,,,,,,,,,,,,,,,,,,,,,,,,,,505.5120613,505.524386,505.524386,509.1754579,2,3.6477764,,,,,,,,,,,,,,,,,,,,,,12,1,male,22,2024-11-22_15h34.37.249,solo project,2024.2.1post4,59.87876947,2024-11-22 15h34.54.631486 +0530
,,18,18,0,,,,,,,disgust,animal,,journal,old,2,2.5130659,,,,,,,,,,,,,,,,,0,18,18,7,,,,,509.1912227,,,,,,,,,,,,,,,,,,,,,,,,,,,,,,,,,,,,509.1804136,509.1912227,509.1912227,511.7087637,2,2.5130659,,,,,,,,,,,,,,,,,,,,,,12,1,male,22,2024-11-22_15h34.37.249,solo project,2024.2.1post4,59.87876947,2024-11-22 15h34.54.631486 +0530
,,19,19,0,,,,,,,None,None,,truck,new,1,2.1820209,,,,,,,,,,,,,,,,,0,19,19,56,,,,,511.7243828,,,,,,,,,,,,,,,,,,,,,,,,,,,,,,,,,,,,511.710909,511.7243828,511.7243828,513.9084844,1,2.1820209,,,,,,,,,,,,,,,,,,,,,,12,1,male,22,2024-11-22_15h34.37.249,solo project,2024.2.1post4,59.87876947,2024-11-22 15h34.54.631486 +0530
,,20,20,0,,,,,,,neutral,animal,,nursery,old,1,1.0656957,,,,,,,,,,,,,,,,,0,20,20,15,,,,,513.9242375,,,,,,,,,,,,,,,,,,,,,,,,,,,,,,,,,,,,513.9108344,513.9242375,513.9242375,514.9917834,1,1.0656957,,,,,,,,,,,,,,,,,,,,,,12,1,male,22,2024-11-22_15h34.37.249,solo project,2024.2.1post4,59.87876947,2024-11-22 15h34.54.631486 +0530
,,21,21,0,,,,,,,disgust,body product,,reverent,old,1,0.9659231,,,,,,,,,,,,,,,,,0,21,21,22,,,,,515.0077023,,,,,,,,,,,,,,,,,,,,,,,,,,,,,,,,,,,,514.9941416,515.0077023,515.0077023,515.9752831,1,0.9659231,,,,,,,,,,,,,,,,,,,,,,12,1,male,22,2024-11-22_15h34.37.249,solo project,2024.2.1post4,59.87876947,2024-11-22 15h34.54.631486 +0530
,,22,22,0,,,,,,,disgust,hygeine,,limber,old,1,0.8990307,,,,,,,,,,,,,,,,,0,22,22,10,,,,,515.9911534,,,,,,,,,,,,,,,,,,,,,,,,,,,,,,,,,,,,515.9776669,515.9911534,515.9911534,516.8915683,1,0.8990307,,,,,,,,,,,,,,,,,,,,,,12,1,male,22,2024-11-22_15h34.37.249,solo project,2024.2.1post4,59.87876947,2024-11-22 15h34.54.631486 +0530
,,23,23,0,,,,,,,None,None,,theory,new,2,2.2998124,,,,,,,,,,,,,,,,,0,23,23,55,,,,,516.9077466,,,,,,,,,,,,,,,,,,,,,,,,,,,,,,,,,,,,516.8938615,516.9077466,516.9077466,519.2086164,2,2.2998124,,,,,,,,,,,,,,,,,,,,,,12,1,male,22,2024-11-22_15h34.37.249,solo project,2024.2.1post4,59.87876947,2024-11-22 15h34.54.631486 +0530
,,24,24,0,,,,,,,None,None,,scissors,new,1,4.2144385,,,,,,,,,,,,,,,,,0,24,24,48,,,,,519.2245199,,,,,,,,,,,,,,,,,,,,,,,,,,,,,,,,,,,,519.2113327,519.2245199,519.2245199,523.4419193,1,4.2144385,,,,,,,,,,,,,,,,,,,,,,12,1,male,22,2024-11-22_15h34.37.249,solo project,2024.2.1post4,59.87876947,2024-11-22 15h34.54.631486 +0530
,,25,25,0,,,,,,,neutral,hygeine,,hard,old,1,1.6656038,,,,,,,,,,,,,,,,,0,25,25,5,,,,,523.4572566,,,,,,,,,,,,,,,,,,,,,,,,,,,,,,,,,,,,523.4439479,523.4572566,523.4572566,525.1250987,1,1.6656038,,,,,,,,,,,,,,,,,,,,,,12,1,male,22,2024-11-22_15h34.37.249,solo project,2024.2.1post4,59.87876947,2024-11-22 15h34.54.631486 +0530
,,26,26,0,,,,,,,disgust,animal,,serious,old,1,1.0813129,,,,,,,,,,,,,,,,,0,26,26,23,,,,,525.1407358,,,,,,,,,,,,,,,,,,,,,,,,,,,,,,,,,,,,525.1276122,525.1407358,525.1407358,526.2254679,1,1.0813129,,,,,,,,,,,,,,,,,,,,,,12,1,male,22,2024-11-22_15h34.37.249,solo project,2024.2.1post4,59.87876947,2024-11-22 15h34.54.631486 +0530
,,27,27,0,,,,,,,disgust,death,,mischief,old,2,1.9802814,,,,,,,,,,,,,,,,,0,27,27,13,,,,,526.2413454,,,,,,,,,,,,,,,,,,,,,,,,,,,,,,,,,,,,526.2293492,526.2413454,526.2413454,528.2255387,2,1.9802814,,,,,,,,,,,,,,,,,,,,,,12,1,male,22,2024-11-22_15h34.37.249,solo project,2024.2.1post4,59.87876947,2024-11-22 15h34.54.631486 +0530
,,28,28,0,,,,,,,neutral,animal,,coast,old,1,4.965522,,,,,,,,,,,,,,,,,0,28,28,0,,,,,528.240684,,,,,,,,,,,,,,,,,,,,,,,,,,,,,,,,,,,,528.2276359,528.240684,528.240684,533.2084744,1,4.965522,,,,,,,,,,,,,,,,,,,,,,12,1,male,22,2024-11-22_15h34.37.249,solo project,2024.2.1post4,59.87876947,2024-11-22 15h34.54.631486 +0530
,,29,29,0,,,,,,,None,None,,storm,new,2,2.1817299,,,,,,,,,,,,,,,,,0,29,29,52,,,,,533.2242134,,,,,,,,,,,,,,,,,,,,,,,,,,,,,,,,,,,,533.2106966,533.2242134,533.2242134,535.4084012,2,2.1817299,,,,,,,,,,,,,,,,,,,,,,12,1,male,22,2024-11-22_15h34.37.249,solo project,2024.2.1post4,59.87876947,2024-11-22 15h34.54.631486 +0530
,,30,30,0,,,,,,,disgust,animal,,ennui,old,1,1.8822962,,,,,,,,,,,,,,,,,0,30,30,3,,,,,535.4243657,,,,,,,,,,,,,,,,,,,,,,,,,,,,,,,,,,,,535.4106271,535.4243657,535.4243657,537.3083814,1,1.8822962,,,,,,,,,,,,,,,,,,,,,,12,1,male,22,2024-11-22_15h34.37.249,solo project,2024.2.1post4,59.87876947,2024-11-22 15h34.54.631486 +0530
,,31,31,0,,,,,,,neutral,death,,wine,old,1,1.5319702,,,,,,,,,,,,,,,,,0,31,31,29,,,,,537.3239507,,,,,,,,,,,,,,,,,,,,,,,,,,,,,,,,,,,,537.3111609,537.3239507,537.3239507,538.8581524,1,1.5319702,,,,,,,,,,,,,,,,,,,,,,12,1,male,22,2024-11-22_15h34.37.249,solo project,2024.2.1post4,59.87876947,2024-11-22 15h34.54.631486 +0530
,,32,32,0,,,,,,,None,None,,lawn,new,2,2.3485697,,,,,,,,,,,,,,,,,0,32,32,39,,,,,538.874057,,,,,,,,,,,,,,,,,,,,,,,,,,,,,,,,,,,,538.8601428,538.874057,538.874057,541.2247797,2,2.3485697,,,,,,,,,,,,,,,,,,,,,,12,1,male,22,2024-11-22_15h34.37.249,solo project,2024.2.1post4,59.87876947,2024-11-22 15h34.54.631486 +0530
,,33,33,0,,,,,,,None,None,,salute,new,2,3.5822827,,,,,,,,,,,,,,,,,0,33,33,47,,,,,541.2405553,,,,,,,,,,,,,,,,,,,,,,,,,,,,,,,,,,,,541.2273441,541.2405553,541.2405553,544.8248695,2,3.5822827,,,,,,,,,,,,,,,,,,,,,,12,1,male,22,2024-11-22_15h34.37.249,solo project,2024.2.1post4,59.87876947,2024-11-22 15h34.54.631486 +0530
,,34,34,0,,,,,,,None,None,,skyscraper,new,2,1.3814962,,,,,,,,,,,,,,,,,0,34,34,51,,,,,544.8402938,,,,,,,,,,,,,,,,,,,,,,,,,,,,,,,,,,,,544.8275712,544.8402938,544.8402938,546.2251833,2,1.3814962,,,,,,,,,,,,,,,,,,,,,,12,1,male,22,2024-11-22_15h34.37.249,solo project,2024.2.1post4,59.87876947,2024-11-22 15h34.54.631486 +0530
,,35,35,0,,,,,,,None,None,,clock,new,2,1.2316649,,,,,,,,,,,,,,,,,0,35,35,30,,,,,546.240338,,,,,,,,,,,,,,,,,,,,,,,,,,,,,,,,,,,,546.2277249,546.240338,546.240338,547.4749225,2,1.2316649,,,,,,,,,,,,,,,,,,,,,,12,1,male,22,2024-11-22_15h34.37.249,solo project,2024.2.1post4,59.87876947,2024-11-22 15h34.54.631486 +0530
,,36,36,0,,,,,,,disgust,food,,rattle,old,2,1.1820083,,,,,,,,,,,,,,,,,0,36,36,20,,,,,547.490641,,,,,,,,,,,,,,,,,,,,,,,,,,,,,,,,,,,,547.4772784,547.490641,547.490641,548.6749686,2,1.1820083,,,,,,,,,,,,,,,,,,,,,,12,1,male,22,2024-11-22_15h34.37.249,solo project,2024.2.1post4,59.87876947,2024-11-22 15h34.54.631486 +0530
,,37,37,0,,,,,,,neutral,body product,,reptile,old,1,1.8485399,,,,,,,,,,,,,,,,,0,37,37,21,,,,,548.6907787,,,,,,,,,,,,,,,,,,,,,,,,,,,,,,,,,,,,548.677745,548.6907787,548.6907787,550.5412453,1,1.8485399,,,,,,,,,,,,,,,,,,,,,,12,1,male,22,2024-11-22_15h34.37.249,solo project,2024.2.1post4,59.87876947,2024-11-22 15h34.54.631486 +0530
,,38,38,0,,,,,,,None,None,,concentrate,new,2,1.7318215,,,,,,,,,,,,,,,,,0,38,38,31,,,,,550.5569504,,,,,,,,,,,,,,,,,,,,,,,,,,,,,,,,,,,,550.5438777,550.5569504,550.5569504,552.2911962,2,1.7318215,,,,,,,,,,,,,,,,,,,,,,12,1,male,22,2024-11-22_15h34.37.249,solo project,2024.2.1post4,59.87876947,2024-11-22 15h34.54.631486 +0530
,,39,39,0,,,,,,,disgust,food,,stiff,old,1,1.7822657,,,,,,,,,,,,,,,,,0,39,39,25,,,,,552.3069588,,,,,,,,,,,,,,,,,,,,,,,,,,,,,,,,,,,,552.2934169,552.3069588,552.3069588,554.091375,1,1.7822657,,,,,,,,,,,,,,,,,,,,,,12,1,male,22,2024-11-22_15h34.37.249,solo project,2024.2.1post4,59.87876947,2024-11-22 15h34.54.631486 +0530
,,40,40,0,,,,,,,None,None,,medicine,new,2,1.7320448,,,,,,,,,,,,,,,,,0,40,40,42,,,,,554.1068599,,,,,,,,,,,,,,,,,,,,,,,,,,,,,,,,,,,,554.0939419,554.1068599,554.1068599,555.8414382,2,1.7320448,,,,,,,,,,,,,,,,,,,,,,12,1,male,22,2024-11-22_15h34.37.249,solo project,2024.2.1post4,59.87876947,2024-11-22 15h34.54.631486 +0530
,,41,41,0,,,,,,,None,None,,contents,new,2,1.0659162,,,,,,,,,,,,,,,,,0,41,41,32,,,,,555.8572205,,,,,,,,,,,,,,,,,,,,,,,,,,,,,,,,,,,,555.8440675,555.8572205,555.8572205,556.9248999,2,1.0659162,,,,,,,,,,,,,,,,,,,,,,12,1,male,22,2024-11-22_15h34.37.249,solo project,2024.2.1post4,59.87876947,2024-11-22 15h34.54.631486 +0530
,,42,42,0,,,,,,,None,None,,repentant,new,2,1.9649435,,,,,,,,,,,,,,,,,0,42,42,45,,,,,556.9406696,,,,,,,,,,,,,,,,,,,,,,,,,,,,,,,,,,,,556.9274655,556.9406696,556.9406696,558.9083098,2,1.9649435,,,,,,,,,,,,,,,,,,,,,,12,1,male,22,2024-11-22_15h34.37.249,solo project,2024.2.1post4,59.87876947,2024-11-22 15h34.54.631486 +0530
,,43,43,0,,,,,,,None,None,,industry,new,2,1.0480408,,,,,,,,,,,,,,,,,0,43,43,38,,,,,558.9241503,,,,,,,,,,,,,,,,,,,,,,,,,,,,,,,,,,,,558.9108387,558.9241503,558.9241503,559.9745759,2,1.0480408,,,,,,,,,,,,,,,,,,,,,,12,1,male,22,2024-11-22_15h34.37.249,solo project,2024.2.1post4,59.87876947,2024-11-22 15h34.54.631486 +0530
,,44,44,0,,,,,,,None,None,,detail,new,2,0.9323151,,,,,,,,,,,,,,,,,0,44,44,33,,,,,559.9904185,,,,,,,,,,,,,,,,,,,,,,,,,,,,,,,,,,,,559.9768469,559.9904185,559.9904185,560.9249261,2,0.9323151,,,,,,,,,,,,,,,,,,,,,,12,1,male,22,2024-11-22_15h34.37.249,solo project,2024.2.1post4,59.87876947,2024-11-22 15h34.54.631486 +0530
,,45,45,0,,,,,,,None,None,,paint,new,2,0.8320322,,,,,,,,,,,,,,,,,0,45,45,43,,,,,560.9403959,,,,,,,,,,,,,,,,,,,,,,,,,,,,,,,,,,,,560.9270902,560.9403959,560.9403959,561.775046,2,0.8320322,,,,,,,,,,,,,,,,,,,,,,12,1,male,22,2024-11-22_15h34.37.249,solo project,2024.2.1post4,59.87876947,2024-11-22 15h34.54.631486 +0530
,,46,46,0,,,,,,,None,None,,fabric,new,2,0.8153469,,,,,,,,,,,,,,,,,0,46,46,34,,,,,561.7904551,,,,,,,,,,,,,,,,,,,,,,,,,,,,,,,,,,,,561.7773222,561.7904551,561.7904551,562.6078272,2,0.8153469,,,,,,,,,,,,,,,,,,,,,,12,1,male,22,2024-11-22_15h34.37.249,solo project,2024.2.1post4,59.87876947,2024-11-22 15h34.54.631486 +0530
,,47,47,0,,,,,,,None,None,,market,new,2,1.1149426,,,,,,,,,,,,,,,,,0,47,47,41,,,,,562.6239223,,,,,,,,,,,,,,,,,,,,,,,,,,,,,,,,,,,,562.6100628,562.6239223,562.6239223,563.7409822,2,1.1149426,,,,,,,,,,,,,,,,,,,,,,12,1,male,22,2024-11-22_15h34.37.249,solo project,2024.2.1post4,59.87876947,2024-11-22 15h34.54.631486 +0530
,,48,48,0,,,,,,,disgust,injury/infection,,glacier,old,2,1.1994473,,,,,,,,,,,,,,,,,0,48,48,4,,,,,563.7572768,,,,,,,,,,,,,,,,,,,,,,,,,,,,,,,,,,,,563.7433925,563.7572768,563.7572768,564.9581838,2,1.1994473,,,,,,,,,,,,,,,,,,,,,,12,1,male,22,2024-11-22_15h34.37.249,solo project,2024.2.1post4,59.87876947,2024-11-22 15h34.54.631486 +0530
,,49,49,0,,,,,,,neutral,death,,neurotic,old,2,1.0979091,,,,,,,,,,,,,,,,,0,49,49,14,,,,,564.9738916,,,,,,,,,,,,,,,,,,,,,,,,,,,,,,,,,,,,564.9605337,564.9738916,564.9738916,566.074761,2,1.0979091,,,,,,,,,,,,,,,,,,,,,,12,1,male,22,2024-11-22_15h34.37.249,solo project,2024.2.1post4,59.87876947,2024-11-22 15h34.54.631486 +0530
,,50,50,0,,,,,,,None,None,,poetry,new,2,1.2983163,,,,,,,,,,,,,,,,,0,50,50,44,,,,,566.0906788,,,,,,,,,,,,,,,,,,,,,,,,,,,,,,,,,,,,566.0774165,566.0906788,566.0906788,567.3909542,2,1.2983163,,,,,,,,,,,,,,,,,,,,,,12,1,male,22,2024-11-22_15h34.37.249,solo project,2024.2.1post4,59.87876947,2024-11-22 15h34.54.631486 +0530
,,51,51,0,,,,,,,disgust,hygeine,,manner,old,1,2.1495113,,,,,,,,,,,,,,,,,0,51,51,11,,,,,567.4070019,,,,,,,,,,,,,,,,,,,,,,,,,,,,,,,,,,,,567.3930659,567.4070019,567.4070019,569.5583081,1,2.1495113,,,,,,,,,,,,,,,,,,,,,,12,1,male,22,2024-11-22_15h34.37.249,solo project,2024.2.1post4,59.87876947,2024-11-22 15h34.54.631486 +0530
,,52,52,0,,,,,,,neutral,injury/infection,,village,old,2,1.5147454,,,,,,,,,,,,,,,,,0,52,52,28,,,,,569.5737627,,,,,,,,,,,,,,,,,,,,,,,,,,,,,,,,,,,,569.5605224,569.5737627,569.5737627,571.0909893,2,1.5147454,,,,,,,,,,,,,,,,,,,,,,12,1,male,22,2024-11-22_15h34.37.249,solo project,2024.2.1post4,59.87876947,2024-11-22 15h34.54.631486 +0530
,,53,53,0,,,,,,,None,None,,teacher,new,2,1.3146347,,,,,,,,,,,,,,,,,0,53,53,53,,,,,571.1072247,,,,,,,,,,,,,,,,,,,,,,,,,,,,,,,,,,,,571.0934631,571.1072247,571.1072247,572.4245591,2,1.3146347,,,,,,,,,,,,,,,,,,,,,,12,1,male,22,2024-11-22_15h34.37.249,solo project,2024.2.1post4,59.87876947,2024-11-22 15h34.54.631486 +0530
,,54,54,0,,,,,,,neutral,food,,privacy,old,1,2.1814473,,,,,,,,,,,,,,,,,0,54,54,17,,,,,572.4407587,,,,,,,,,,,,,,,,,,,,,,,,,,,,,,,,,,,,572.427511,572.4407587,572.4407587,574.6244088,1,2.1814473,,,,,,,,,,,,,,,,,,,,,,12,1,male,22,2024-11-22_15h34.37.249,solo project,2024.2.1post4,59.87876947,2024-11-22 15h34.54.631486 +0530
,,55,55,0,,,,,,,None,None,,hawk,new,2,1.6487777,,,,,,,,,,,,,,,,,0,55,55,36,,,,,574.6404123,,,,,,,,,,,,,,,,,,,,,,,,,,,,,,,,,,,,574.6267497,574.6404123,574.6404123,576.2909356,2,1.6487777,,,,,,,,,,,,,,,,,,,,,,12,1,male,22,2024-11-22_15h34.37.249,solo project,2024.2.1post4,59.87876947,2024-11-22 15h34.54.631486 +0530
,,56,56,0,,,,,,,disgust,body product,,passage,old,2,1.1160751,,,,,,,,,,,,,,,,,0,56,56,16,,,,,576.3066979,,,,,,,,,,,,,,,,,,,,,,,,,,,,,,,,,,,,576.2931661,576.3066979,576.3066979,577.4244485,2,1.1160751,,,,,,,,,,,,,,,,,,,,,,12,1,male,22,2024-11-22_15h34.37.249,solo project,2024.2.1post4,59.87876947,2024-11-22 15h34.54.631486 +0530
,,57,57,0,,,,,,,None,None,,sentiment,new,2,0.9499892,,,,,,,,,,,,,,,,,0,57,57,49,,,,,577.4403639,,,,,,,,,,,,,,,,,,,,,,,,,,,,,,,,,,,,577.4267896,577.4403639,577.4403639,578.3910951,2,0.9499892,,,,,,,,,,,,,,,,,,,,,,12,1,male,22,2024-11-22_15h34.37.249,solo project,2024.2.1post4,59.87876947,2024-11-22 15h34.54.631486 +0530
,,58,58,0,,,,,,,disgust,death,,lantern,old,2,0.799965,,,,,,,,,,,,,,,,,0,58,58,8,,,,,578.4068692,,,,,,,,,,,,,,,,,,,,,,,,,,,,,,,,,,,,578.3934032,578.4068692,578.4068692,579.2073999,2,0.799965,,,,,,,,,,,,,,,,,,,,,,12,1,male,22,2024-11-22_15h34.37.249,solo project,2024.2.1post4,59.87876947,2024-11-22 15h34.54.631486 +0530
,,59,59,0,,,,,,,neutral,food,,trumpet,old,1,2.916065,,,,,,,,,,,,,,,,,0,59,59,27,,,,,579.223697,,,,,,,,,,,,,,,,,,,,,,,,,,,,,,,,,,,,579.2096968,579.223697,579.223697,582.141228,1,2.916065,,,,,,,,,,,,,,,,,,,,,,12,1,male,22,2024-11-22_15h34.37.249,solo project,2024.2.1post4,59.87876947,2024-11-22 15h34.54.631486 +0530
,,,,,,,,,,,,,,,,,,,,,,,,,,,,,,,,,,,,,,,,,,,,,,,,,,,,,,,,,,,,,,,,,,,,,,,,,,,,,,,,,,,,582.1419031,584.3590754,1,[2.2010333000216633],[2.201039700070396],,,,,,,,,,,,,,,,,12,1,male,22,2024-11-22_15h34.37.249,solo project,2024.2.1post4,59.87876947,2024-11-22 15h34.54.631486 +0530
,,,,,,,,,,,,,,,,,,,,,,,,,,,,,,,,,,,,,,,,,,,,,,,,,,,,,,,,,,,,,,,,,,,,,,,,,,,,,,,,,,,,,,,,,584.3591786,591.4580767,space,7.0973167,None,,,,,,,,,,,,12,1,male,22,2024-11-22_15h34.37.249,solo project,2024.2.1post4,59.87876947,2024-11-22 15h34.54.631486 +0530
,,,,,,,,,,,,,,,,,,,,,,,,,,,,,,,,,,,,,,,,,,,,,,,,,,,,,,,,,,,,,,,,,,,,,,,,,,,,,,,,,,,,,,,,,,,,,,591.4581298,626.6077586,space,35.1336337,None,,,,,,,12,1,male,22,2024-11-22_15h34.37.249,solo project,2024.2.1post4,59.87876947,2024-11-22 15h34.54.631486 +0530
,,0,0,0,,,,,,,,,,,,,,1,Telephoning in public,0,2,,,,,,,,,,,,,,,,,0,0,0,0,626.6396495,,,,,,,,,,,,,,,,,,,,,,,,,,,,,,,,,,,,,,,,,,,,,,,,,,,,,,,,,626.6189239,626.6396495,626.6396495,642.516166,0,2,12,1,male,22,2024-11-22_15h34.37.249,solo project,2024.2.1post4,59.87876947,2024-11-22 15h34.54.631486 +0530
,,1,1,0,,,,,,,,,,,,,,2,Participating in small groups,1,2,,,,,,,,,,,,,,,,,0,1,1,1,642.5352353,,,,,,,,,,,,,,,,,,,,,,,,,,,,,,,,,,,,,,,,,,,,,,,,,,,,,,,,,642.5202899,642.5352353,642.5352353,659.7711415,1,2,12,1,male,22,2024-11-22_15h34.37.249,solo project,2024.2.1post4,59.87876947,2024-11-22 15h34.54.631486 +0530
,,2,2,0,,,,,,,,,,,,,,3,Eating in public places,0,0,,,,,,,,,,,,,,,,,0,2,2,2,659.7889584,,,,,,,,,,,,,,,,,,,,,,,,,,,,,,,,,,,,,,,,,,,,,,,,,,,,,,,,,659.7746779,659.7889584,659.7889584,665.9166004,0,0,12,1,male,22,2024-11-22_15h34.37.249,solo project,2024.2.1post4,59.87876947,2024-11-22 15h34.54.631486 +0530
,,3,3,0,,,,,,,,,,,,,,4,Drinking with others in public places,0,0,,,,,,,,,,,,,,,,,0,3,3,3,665.9356751,,,,,,,,,,,,,,,,,,,,,,,,,,,,,,,,,,,,,,,,,,,,,,,,,,,,,,,,,665.920912,665.9356751,665.9356751,673.4897788,0,0,12,1,male,22,2024-11-22_15h34.37.249,solo project,2024.2.1post4,59.87876947,2024-11-22 15h34.54.631486 +0530
,,4,4,0,,,,,,,,,,,,,,5,Talking to people in authority,0,1,,,,,,,,,,,,,,,,,0,4,4,4,673.5082448,,,,,,,,,,,,,,,,,,,,,,,,,,,,,,,,,,,,,,,,,,,,,,,,,,,,,,,,,673.4929742,673.5082448,673.5082448,679.8436838,0,1,12,1,male,22,2024-11-22_15h34.37.249,solo project,2024.2.1post4,59.87876947,2024-11-22 15h34.54.631486 +0530
,,5,5,0,,,,,,,,,,,,,,6,"Acting, performing, or giving a talk in front of an audience",3,3,,,,,,,,,,,,,,,,,0,5,5,5,679.8622569,,,,,,,,,,,,,,,,,,,,,,,,,,,,,,,,,,,,,,,,,,,,,,,,,,,,,,,,,679.8478724,679.8622569,679.8622569,685.3230695,3,3,12,1,male,22,2024-11-22_15h34.37.249,solo project,2024.2.1post4,59.87876947,2024-11-22 15h34.54.631486 +0530
,,6,6,0,,,,,,,,,,,,,,7,Going to a party,1,1,,,,,,,,,,,,,,,,,0,6,6,6,685.3484867,,,,,,,,,,,,,,,,,,,,,,,,,,,,,,,,,,,,,,,,,,,,,,,,,,,,,,,,,685.3343616,685.3484867,685.3484867,688.9148541,1,1,12,1,male,22,2024-11-22_15h34.37.249,solo project,2024.2.1post4,59.87876947,2024-11-22 15h34.54.631486 +0530
,,7,7,0,,,,,,,,,,,,,,8,Working while being observed,1,1,,,,,,,,,,,,,,,,,0,7,7,7,688.9346556,,,,,,,,,,,,,,,,,,,,,,,,,,,,,,,,,,,,,,,,,,,,,,,,,,,,,,,,,688.9183792,688.9346556,688.9346556,695.3144708,1,1,12,1,male,22,2024-11-22_15h34.37.249,solo project,2024.2.1post4,59.87876947,2024-11-22 15h34.54.631486 +0530
,,8,8,0,,,,,,,,,,,,,,9,Writing while being observed,2,2,,,,,,,,,,,,,,,,,0,8,8,8,695.3317988,,,,,,,,,,,,,,,,,,,,,,,,,,,,,,,,,,,,,,,,,,,,,,,,,,,,,,,,,695.3173985,695.3317988,695.3317988,699.3480117,2,2,12,1,male,22,2024-11-22_15h34.37.249,solo project,2024.2.1post4,59.87876947,2024-11-22 15h34.54.631486 +0530
,,9,9,0,,,,,,,,,,,,,,10,Calling someone you don't know very well,1,2,,,,,,,,,,,,,,,,,0,9,9,9,699.3682109,,,,,,,,,,,,,,,,,,,,,,,,,,,,,,,,,,,,,,,,,,,,,,,,,,,,,,,,,699.3537249,699.3682109,699.3682109,703.7195923,1,2,12,1,male,22,2024-11-22_15h34.37.249,solo project,2024.2.1post4,59.87876947,2024-11-22 15h34.54.631486 +0530
,,10,10,0,,,,,,,,,,,,,,11,Talking with people you don't know very well,0,0,,,,,,,,,,,,,,,,,0,10,10,10,703.7371856,,,,,,,,,,,,,,,,,,,,,,,,,,,,,,,,,,,,,,,,,,,,,,,,,,,,,,,,,703.7232831,703.7371856,703.7371856,710.3524606,0,0,12,1,male,22,2024-11-22_15h34.37.249,solo project,2024.2.1post4,59.87876947,2024-11-22 15h34.54.631486 +0530
,,11,11,0,,,,,,,,,,,,,,12,Meeting strangers,0,0,,,,,,,,,,,,,,,,,0,11,11,11,710.370858,,,,,,,,,,,,,,,,,,,,,,,,,,,,,,,,,,,,,,,,,,,,,,,,,,,,,,,,,710.3564386,710.370858,710.370858,713.4184652,0,0,12,1,male,22,2024-11-22_15h34.37.249,solo project,2024.2.1post4,59.87876947,2024-11-22 15h34.54.631486 +0530
,,12,12,0,,,,,,,,,,,,,,13,Urinating in a public bathroom,0,1,,,,,,,,,,,,,,,,,0,12,12,12,713.437411,,,,,,,,,,,,,,,,,,,,,,,,,,,,,,,,,,,,,,,,,,,,,,,,,,,,,,,,,713.4225007,713.437411,713.437411,717.8686663,0,1,12,1,male,22,2024-11-22_15h34.37.249,solo project,2024.2.1post4,59.87876947,2024-11-22 15h34.54.631486 +0530
,,13,13,0,,,,,,,,,,,,,,14,Entering a room when others are already seated,0,0,,,,,,,,,,,,,,,,,0,13,13,13,717.8866259,,,,,,,,,,,,,,,,,,,,,,,,,,,,,,,,,,,,,,,,,,,,,,,,,,,,,,,,,717.8719955,717.8866259,717.8866259,727.2182322,0,0,12,1,male,22,2024-11-22_15h34.37.249,solo project,2024.2.1post4,59.87876947,2024-11-22 15h34.54.631486 +0530
,,14,14,0,,,,,,,,,,,,,,15,Being the center of attention,3,2,,,,,,,,,,,,,,,,,0,14,14,14,727.2371433,,,,,,,,,,,,,,,,,,,,,,,,,,,,,,,,,,,,,,,,,,,,,,,,,,,,,,,,,727.2223081,727.2371433,727.2371433,734.6679411,3,2,12,1,male,22,2024-11-22_15h34.37.249,solo project,2024.2.1post4,59.87876947,2024-11-22 15h34.54.631486 +0530
,,15,15,0,,,,,,,,,,,,,,16,Speaking up at a meeting,0,0,,,,,,,,,,,,,,,,,0,15,15,15,734.6856942,,,,,,,,,,,,,,,,,,,,,,,,,,,,,,,,,,,,,,,,,,,,,,,,,,,,,,,,,734.671456,734.6856942,734.6856942,739.2344389,0,0,12,1,male,22,2024-11-22_15h34.37.249,solo project,2024.2.1post4,59.87876947,2024-11-22 15h34.54.631486 +0530
,,16,16,0,,,,,,,,,,,,,,17,Taking a test,0,0,,,,,,,,,,,,,,,,,0,16,16,16,739.2530312,,,,,,,,,,,,,,,,,,,,,,,,,,,,,,,,,,,,,,,,,,,,,,,,,,,,,,,,,739.2372406,739.2530312,739.2530312,749.9036974,0,0,12,1,male,22,2024-11-22_15h34.37.249,solo project,2024.2.1post4,59.87876947,2024-11-22 15h34.54.631486 +0530
,,17,17,0,,,,,,,,,,,,,,18,Expressing a disagreement or disapproval to people you don’t know very well,0,0,,,,,,,,,,,,,,,,,0,17,17,17,749.9303538,,,,,,,,,,,,,,,,,,,,,,,,,,,,,,,,,,,,,,,,,,,,,,,,,,,,,,,,,749.916134,749.9303538,749.9303538,755.9616868,0,0,12,1,male,22,2024-11-22_15h34.37.249,solo project,2024.2.1post4,59.87876947,2024-11-22 15h34.54.631486 +0530
,,18,18,0,,,,,,,,,,,,,,19,Looking at people you don't know very well in the eyes,1,1,,,,,,,,,,,,,,,,,0,18,18,18,755.9812513,,,,,,,,,,,,,,,,,,,,,,,,,,,,,,,,,,,,,,,,,,,,,,,,,,,,,,,,,755.9667327,755.9812513,755.9812513,762.571169,1,1,12,1,male,22,2024-11-22_15h34.37.249,solo project,2024.2.1post4,59.87876947,2024-11-22 15h34.54.631486 +0530
,,19,19,0,,,,,,,,,,,,,,20,Giving a report to a group,1,0,,,,,,,,,,,,,,,,,0,19,19,19,762.5885239,,,,,,,,,,,,,,,,,,,,,,,,,,,,,,,,,,,,,,,,,,,,,,,,,,,,,,,,,762.5740297,762.5885239,762.5885239,776.2874041,1,0,12,1,male,22,2024-11-22_15h34.37.249,solo project,2024.2.1post4,59.87876947,2024-11-22 15h34.54.631486 +0530
,,20,20,0,,,,,,,,,,,,,,21,Trying to pick up someone,0,0,,,,,,,,,,,,,,,,,0,20,20,20,776.3052315,,,,,,,,,,,,,,,,,,,,,,,,,,,,,,,,,,,,,,,,,,,,,,,,,,,,,,,,,776.2903183,776.3052315,776.3052315,792.7818663,0,0,12,1,male,22,2024-11-22_15h34.37.249,solo project,2024.2.1post4,59.87876947,2024-11-22 15h34.54.631486 +0530
,,21,21,0,,,,,,,,,,,,,,22,Returning goods to a store,0,0,,,,,,,,,,,,,,,,,0,21,21,21,792.8016408,,,,,,,,,,,,,,,,,,,,,,,,,,,,,,,,,,,,,,,,,,,,,,,,,,,,,,,,,792.7859684,792.8016408,792.8016408,797.1894857,0,0,12,1,male,22,2024-11-22_15h34.37.249,solo project,2024.2.1post4,59.87876947,2024-11-22 15h34.54.631486 +0530
,,22,22,0,,,,,,,,,,,,,,23,Giving a party,0,0,,,,,,,,,,,,,,,,,0,22,22,22,797.2075933,,,,,,,,,,,,,,,,,,,,,,,,,,,,,,,,,,,,,,,,,,,,,,,,,,,,,,,,,797.1922563,797.2075933,797.2075933,800.054146,0,0,12,1,male,22,2024-11-22_15h34.37.249,solo project,2024.2.1post4,59.87876947,2024-11-22 15h34.54.631486 +0530
,,23,23,0,,,,,,,,,,,,,,24,Resisting a high pressure salesperson,0,0,,,,,,,,,,,,,,,,,0,23,23,23,800.071522,,,,,,,,,,,,,,,,,,,,,,,,,,,,,,,,,,,,,,,,,,,,,,,,,,,,,,,,,800.0574171,800.071522,800.071522,800.4912627,None,0,12,1,male,22,2024-11-22_15h34.37.249,solo project,2024.2.1post4,59.87876947,2024-11-22 15h34.54.631486 +0530
