﻿no_per,dsr_per,thisN,thisTrialN,thisRepN,slider.response,slider.rt,no_exp,dsr_exp,slider_2.response,imagefile,type,subtype,study_word,test_word,old_new,slider_3.response,slider_3.rt,lsas_no,lsas_situation,slider_4.response,slider_5.response,trials.thisRepN,trials.thisTrialN,trials.thisN,trials.thisIndex,trials_2.thisRepN,trials_2.thisTrialN,trials_2.thisN,trials_2.thisIndex,trials_3.thisRepN,trials_3.thisTrialN,trials_3.thisN,trials_3.thisIndex,trials_4.thisRepN,trials_4.thisTrialN,trials_4.thisN,trials_4.thisIndex,trials_5.thisRepN,trials_5.thisTrialN,trials_5.thisN,trials_5.thisIndex,thisRow.t,notes,consent.started,consent.stopped,button.numClicks,button.timesOn,button.timesOff,dsr_personal.started,text.started,question.started,slider.started,dsr_personal.stopped,trials.slider.response,trials.slider.rt,dsr_experience.started,dsr_experience.stopped,trials_2.slider_2.response,instr.started,instr.stopped,key_resp.keys,key_resp.rt,key_resp.duration,encoding.started,fixation.started,study_image.started,studyword.started,fixation.stopped,study_image.stopped,studyword.stopped,encoding.stopped,test_instruction.started,key_resp_2.started,test_instruction.stopped,key_resp_2.keys,key_resp_2.rt,key_resp_2.duration,testing.started,t_word.started,slider_3.started,testing.stopped,trials_4.slider_3.response,trials_4.slider_3.rt,end.started,end.stopped,button_2.numClicks,button_2.timesOn,button_2.timesOff,brk.started,brk.stopped,key_resp_3.keys,key_resp_3.rt,key_resp_3.duration,lsas_instr.started,lsas_instr.stopped,key_resp_4.keys,key_resp_4.rt,key_resp_4.duration,lsas.started,text_2.started,text_3.started,lsas.stopped,trials_5.slider_4.response,trials_5.slider_5.response,participant,session,sex,age,date,expName,psychopyVersion,frameRate,expStart,
,,,,,,,,,,,,,,,,,,,,,,,,,,,,,,,,,,,,,,,,,,,,0.008114299969747663,11.009926600032486,1,[10.984999899985269],[10.985005600028671],,,,,,,,,,,,,,,,,,,,,,,,,,,,,,,,,,,,,,,,,,,,,,,,,,,,,,,,,13,001,male,21,2024-11-22_15h52.50.384,solo project,2024.2.1post4,60.05198099906737,2024-11-22 15h53.36.909620 +0530,
1,"I might be willing to try eating monkey meat, under some circumstances.",0,0,0,0.0,12.485655600088648,,,,,,,,,,,,,,,,0,0,0,0,,,,,,,,,,,,,,,,,11.040177599992603,,,,,,,11.026074099936523,11.040177599992603,11.040177599992603,11.040177599992603,23.52695390000008,0.0,12.485655600088648,,,,,,,,,,,,,,,,,,,,,,,,,,,,,,,,,,,,,,,,,,,,,,,,,,13,001,male,21,2024-11-22_15h52.50.384,solo project,2024.2.1post4,60.05198099906737,2024-11-22 15h53.36.909620 +0530,
2,It would bother me to be in a science class and to see a human preserved in a jar.,1,1,0,0.0,9.228096399921924,,,,,,,,,,,,,,,,0,1,1,1,,,,,,,,,,,,,,,,,23.54313430003822,,,,,,,23.53274379996583,23.54313430003822,23.54313430003822,23.54313430003822,32.77646259998437,0.0,9.228096399921924,,,,,,,,,,,,,,,,,,,,,,,,,,,,,,,,,,,,,,,,,,,,,,,,,,13,001,male,21,2024-11-22_15h52.50.384,solo project,2024.2.1post4,60.05198099906737,2024-11-22 15h53.36.909620 +0530,
3,It bothers me to hear someone clear a throat full of mucous.,2,2,0,1.0,5.847919400082901,,,,,,,,,,,,,,,,0,2,2,2,,,,,,,,,,,,,,,,,32.79180180002004,,,,,,,32.78028589999303,32.79180180002004,32.79180180002004,32.79180180002004,38.64266050001606,1.0,5.847919400082901,,,,,,,,,,,,,,,,,,,,,,,,,,,,,,,,,,,,,,,,,,,,,,,,,,13,001,male,21,2024-11-22_15h52.50.384,solo project,2024.2.1post4,60.05198099906737,2024-11-22 15h53.36.909620 +0530,
4,I never let any part of my body touch the toilet seat in public restrooms.,3,3,0,2.0,8.614400499965996,,,,,,,,,,,,,,,,0,3,3,3,,,,,,,,,,,,,,,,,38.65901549998671,,,,,,,38.64629880001303,38.65901549998671,38.65901549998671,38.65901549998671,47.27634670003317,2.0,8.614400499965996,,,,,,,,,,,,,,,,,,,,,,,,,,,,,,,,,,,,,,,,,,,,,,,,,,13,001,male,21,2024-11-22_15h52.50.384,solo project,2024.2.1post4,60.05198099906737,2024-11-22 15h53.36.909620 +0530,
5,I would go out of my way to avoid walking through a graveyard.,4,4,0,0.0,9.081087900092825,,,,,,,,,,,,,,,,0,4,4,4,,,,,,,,,,,,,,,,,47.291689299978316,,,,,,,47.27936539996881,47.291689299978316,47.291689299978316,47.291689299978316,56.37625530001242,0.0,9.081087900092825,,,,,,,,,,,,,,,,,,,,,,,,,,,,,,,,,,,,,,,,,,,,,,,,,,13,001,male,21,2024-11-22_15h52.50.384,solo project,2024.2.1post4,60.05198099906737,2024-11-22 15h53.36.909620 +0530,
6,Seeing a cockroach in someone else's house doesn't bother me.,5,5,0,1.0,15.745957699953578,,,,,,,,,,,,,,,,0,5,5,5,,,,,,,,,,,,,,,,,56.39207239996176,,,,,,,56.3815639000386,56.39207239996176,56.39207239996176,56.39207239996176,72.14283000002615,1.0,15.745957699953578,,,,,,,,,,,,,,,,,,,,,,,,,,,,,,,,,,,,,,,,,,,,,,,,,,13,001,male,21,2024-11-22_15h52.50.384,solo project,2024.2.1post4,60.05198099906737,2024-11-22 15h53.36.909620 +0530,
7,It would bother me tremendously to touch a dead body.,6,6,0,1.0,15.747477400000207,,,,,,,,,,,,,,,,0,6,6,6,,,,,,,,,,,,,,,,,72.1577664000215,,,,,,,72.14571499999147,72.1577664000215,72.1577664000215,72.1577664000215,87.9090952000115,1.0,15.747477400000207,,,,,,,,,,,,,,,,,,,,,,,,,,,,,,,,,,,,,,,,,,,,,,,,,,13,001,male,21,2024-11-22_15h52.50.384,solo project,2024.2.1post4,60.05198099906737,2024-11-22 15h53.36.909620 +0530,
8,"If I see someone vomit, it makes me sick to my stomach.",7,7,0,0.0,4.34821229998488,,,,,,,,,,,,,,,,0,7,7,7,,,,,,,,,,,,,,,,,87.92486809997354,,,,,,,87.91201089997776,87.92486809997354,87.92486809997354,87.92486809997354,92.27601329993922,0.0,4.34821229998488,,,,,,,,,,,,,,,,,,,,,,,,,,,,,,,,,,,,,,,,,,,,,,,,,,13,001,male,21,2024-11-22_15h52.50.384,solo project,2024.2.1post4,60.05198099906737,2024-11-22 15h53.36.909620 +0530,
9,I probably would not go to my favorite restaurant if I found out that the cook had a cold.,8,8,0,1.0,6.1300104999681935,,,,,,,,,,,,,,,,0,8,8,8,,,,,,,,,,,,,,,,,92.2909771000268,,,,,,,92.279729199945,92.2909771000268,92.2909771000268,92.2909771000268,98.4256413000403,1.0,6.1300104999681935,,,,,,,,,,,,,,,,,,,,,,,,,,,,,,,,,,,,,,,,,,,,,,,,,,13,001,male,21,2024-11-22_15h52.50.384,solo project,2024.2.1post4,60.05198099906737,2024-11-22 15h53.36.909620 +0530,
10,It would not upset me at all to watch a person with a glass eye take the eye out of the socket.,9,9,0,3.0,17.396652600029483,,,,,,,,,,,,,,,,0,9,9,9,,,,,,,,,,,,,,,,,98.4409156999318,,,,,,,98.4294482000405,98.4409156999318,98.4409156999318,98.4409156999318,115.84152579994407,3.0,17.396652600029483,,,,,,,,,,,,,,,,,,,,,,,,,,,,,,,,,,,,,,,,,,,,,,,,,,13,001,male,21,2024-11-22_15h52.50.384,solo project,2024.2.1post4,60.05198099906737,2024-11-22 15h53.36.909620 +0530,
11,It would bother me to see a rat run across my path in a park.,10,10,0,1.0,10.332786099985242,,,,,,,,,,,,,,,,0,10,10,10,,,,,,,,,,,,,,,,,115.85726540000178,,,,,,,115.84459719993174,115.85726540000178,115.85726540000178,115.85726540000178,126.19189559994265,1.0,10.332786099985242,,,,,,,,,,,,,,,,,,,,,,,,,,,,,,,,,,,,,,,,,,,,,,,,,,13,001,male,21,2024-11-22_15h52.50.384,solo project,2024.2.1post4,60.05198099906737,2024-11-22 15h53.36.909620 +0530,
12,I would rather eat a piece of fruit than a piece of paper.,11,11,0,4.0,6.664200100000016,,,,,,,,,,,,,,,,0,11,11,11,,,,,,,,,,,,,,,,,126.20805929997005,,,,,,,126.19495010003448,126.20805929997005,126.20805929997005,126.20805929997005,132.87515770003665,4.0,6.664200100000016,,,,,,,,,,,,,,,,,,,,,,,,,,,,,,,,,,,,,,,,,,,,,,,,,,13,001,male,21,2024-11-22_15h52.50.384,solo project,2024.2.1post4,60.05198099906737,2024-11-22 15h53.36.909620 +0530,
13,"Even if I was hungry, I would not drink a bowl of my favorite soup if It had been stirred by a used but thoroughly washed flyswatter.",12,12,0,4.0,15.578088800073601,,,,,,,,,,,,,,,,0,12,12,12,,,,,,,,,,,,,,,,,132.89147579995915,,,,,,,132.88085249997675,132.89147579995915,132.89147579995915,132.89147579995915,148.47498499997891,4.0,15.578088800073601,,,,,,,,,,,,,,,,,,,,,,,,,,,,,,,,,,,,,,,,,,,,,,,,,,13,001,male,21,2024-11-22_15h52.50.384,solo project,2024.2.1post4,60.05198099906737,2024-11-22 15h53.36.909620 +0530,
14,It would bother me to sleep in a nice hotel room if I knew that a man had died of a heart attack in that room the night before.,13,13,0,0.0,8.996236399980262,,,,,,,,,,,,,,,,0,13,13,13,,,,,,,,,,,,,,,,,148.490343799931,,,,,,,148.4792376999976,148.490343799931,148.490343799931,148.490343799931,157.49221019994002,0.0,8.996236399980262,,,,,,,,,,,,,,,,,,,,,,,,,,,,,,,,,,,,,,,,,,,,,,,,,,13,001,male,21,2024-11-22_15h52.50.384,solo project,2024.2.1post4,60.05198099906737,2024-11-22 15h53.36.909620 +0530,
,,0,0,0,,,15,You see maggots on a piece of meat in an outdoor or garbage pail.,2.0,,,,,,,,,,,,,,,,,0,0,0,0,,,,,,,,,,,,,157.514510900015,,,,,,,,,,,,,,157.5013145999983,173.1915077000158,2.0,,,,,,,,,,,,,,,,,,,,,,,,,,,,,,,,,,,,,,,,,,,,,,,13,001,male,21,2024-11-22_15h52.50.384,solo project,2024.2.1post4,60.05198099906737,2024-11-22 15h53.36.909620 +0530,
,,1,1,0,,,16,You see person eating apple with a knife and fork.,0.0,,,,,,,,,,,,,,,,,0,1,1,1,,,,,,,,,,,,,173.20691269997042,,,,,,,,,,,,,,173.19453829992563,191.6610415999312,0.0,,,,,,,,,,,,,,,,,,,,,,,,,,,,,,,,,,,,,,,,,,,,,,,13,001,male,21,2024-11-22_15h52.50.384,solo project,2024.2.1post4,60.05198099906737,2024-11-22 15h53.36.909620 +0530,
,,2,2,0,,,17,"While you are walking through a tunner under a railroad track, you smell urine.",1.0,,,,,,,,,,,,,,,,,0,2,2,2,,,,,,,,,,,,,191.68494159996044,,,,,,,,,,,,,,191.66861689998768,223.36861779994797,1.0,,,,,,,,,,,,,,,,,,,,,,,,,,,,,,,,,,,,,,,,,,,,,,,13,001,male,21,2024-11-22_15h52.50.384,solo project,2024.2.1post4,60.05198099906737,2024-11-22 15h53.36.909620 +0530,
,,3,3,0,,,18,"You take a sip of soda, an then realize that you drank from the glass that an acquaintance of yours had been drinking from.",0.0,,,,,,,,,,,,,,,,,0,3,3,3,,,,,,,,,,,,,223.38665310002398,,,,,,,,,,,,,,223.37522259994876,235.65236980002373,0.0,,,,,,,,,,,,,,,,,,,,,,,,,,,,,,,,,,,,,,,,,,,,,,,13,001,male,21,2024-11-22_15h52.50.384,solo project,2024.2.1post4,60.05198099906737,2024-11-22 15h53.36.909620 +0530,
,,4,4,0,,,19,"Your friend's pet cat dies, and you have to pick up the dead body with your bare hands.",0.0,,,,,,,,,,,,,,,,,0,4,4,4,,,,,,,,,,,,,235.66825069999322,,,,,,,,,,,,,,235.65663330000825,242.1352954999311,0.0,,,,,,,,,,,,,,,,,,,,,,,,,,,,,,,,,,,,,,,,,,,,,,,13,001,male,21,2024-11-22_15h52.50.384,solo project,2024.2.1post4,60.05198099906737,2024-11-22 15h53.36.909620 +0530,
,,5,5,0,,,20,You see someone put ketchup on vanilla ice cream and eat it.,1.0,,,,,,,,,,,,,,,,,0,5,5,5,,,,,,,,,,,,,242.15072909998707,,,,,,,,,,,,,,242.138523099944,247.40162459993735,1.0,,,,,,,,,,,,,,,,,,,,,,,,,,,,,,,,,,,,,,,,,,,,,,,13,001,male,21,2024-11-22_15h52.50.384,solo project,2024.2.1post4,60.05198099906737,2024-11-22 15h53.36.909620 +0530,
,,6,6,0,,,21,You see a man with his intestines exposed after an accident.,2.0,,,,,,,,,,,,,,,,,0,6,6,6,,,,,,,,,,,,,247.41710620000958,,,,,,,,,,,,,,247.40550009999424,255.03503709996585,2.0,,,,,,,,,,,,,,,,,,,,,,,,,,,,,,,,,,,,,,,,,,,,,,,13,001,male,21,2024-11-22_15h52.50.384,solo project,2024.2.1post4,60.05198099906737,2024-11-22 15h53.36.909620 +0530,
,,7,7,0,,,22,You discover that a friend of yours changes underwear only once a week.,3.0,,,,,,,,,,,,,,,,,0,7,7,7,,,,,,,,,,,,,255.05042039998807,,,,,,,,,,,,,,255.0383734999923,260.1848184999544,3.0,,,,,,,,,,,,,,,,,,,,,,,,,,,,,,,,,,,,,,,,,,,,,,,13,001,male,21,2024-11-22_15h52.50.384,solo project,2024.2.1post4,60.05198099906737,2024-11-22 15h53.36.909620 +0530,
,,8,8,0,,,23,A friend offers you a piece of chocolate shaped like dog-doo.,1.0,,,,,,,,,,,,,,,,,0,8,8,8,,,,,,,,,,,,,260.2006813000189,,,,,,,,,,,,,,260.18981439992785,272.6179659999907,1.0,,,,,,,,,,,,,,,,,,,,,,,,,,,,,,,,,,,,,,,,,,,,,,,13,001,male,21,2024-11-22_15h52.50.384,solo project,2024.2.1post4,60.05198099906737,2024-11-22 15h53.36.909620 +0530,
,,9,9,0,,,24,You accidentally touch the ashes of a person who has been cremated.,0.0,,,,,,,,,,,,,,,,,0,9,9,9,,,,,,,,,,,,,272.63406489999034,,,,,,,,,,,,,,272.6212344999658,275.8850626000203,0.0,,,,,,,,,,,,,,,,,,,,,,,,,,,,,,,,,,,,,,,,,,,,,,,13,001,male,21,2024-11-22_15h52.50.384,solo project,2024.2.1post4,60.05198099906737,2024-11-22 15h53.36.909620 +0530,
,,10,10,0,,,25,You are about to drink a glass of milk when you smell that it is spoiled.,2.0,,,,,,,,,,,,,,,,,0,10,10,10,,,,,,,,,,,,,275.9005061000353,,,,,,,,,,,,,,275.8885893999832,281.6510611999547,2.0,,,,,,,,,,,,,,,,,,,,,,,,,,,,,,,,,,,,,,,,,,,,,,,13,001,male,21,2024-11-22_15h52.50.384,solo project,2024.2.1post4,60.05198099906737,2024-11-22 15h53.36.909620 +0530,
,,11,11,0,,,26,"As a part of a sex education class, you are required to inflate a new unlubricated condom using your mouth.",4.0,,,,,,,,,,,,,,,,,0,11,11,11,,,,,,,,,,,,,281.66663540003356,,,,,,,,,,,,,,281.6554685999872,300.66748629999347,4.0,,,,,,,,,,,,,,,,,,,,,,,,,,,,,,,,,,,,,,,,,,,,,,,13,001,male,21,2024-11-22_15h52.50.384,solo project,2024.2.1post4,60.05198099906737,2024-11-22 15h53.36.909620 +0530,
,,12,12,0,,,27,"You are walking barefoot on concrete, and you step on an earthworm.",0.0,,,,,,,,,,,,,,,,,0,12,12,12,,,,,,,,,,,,,300.68311109999195,,,,,,,,,,,,,,300.67086870002095,322.8087522999849,0.0,,,,,,,,,,,,,,,,,,,,,,,,,,,,,,,,,,,,,,,,,,,,,,,13,001,male,21,2024-11-22_15h52.50.384,solo project,2024.2.1post4,60.05198099906737,2024-11-22 15h53.36.909620 +0530,
,,,,,,,,,,,,,,,,,,,,,,,,,,,,,,,,,,,,,,,,,,,,,,,,,,,,,,,,,,,322.8088296999922,330.25906429998577,space,7.43308259989135,None,,,,,,,,,,,,,,,,,,,,,,,,,,,,,,,,,,,,,,,,,,13,001,male,21,2024-11-22_15h52.50.384,solo project,2024.2.1post4,60.05198099906737,2024-11-22 15h53.36.909620 +0530,
,,0,0,0,,,,,,images/1247_death neutral_lum.jpg,neutral,death,wine,,,,,,,,,,,,,,,,,0,0,0,29,,,,,,,,,330.28919349994976,,,,,,,,,,,,,,,,,,,,,,330.2829522000393,330.28919349994976,331.25892639998347,331.25892639998347,331.29181810002774,333.26027750002686,333.26027750002686,333.24232610000763,,,,,,,,,,,,,,,,,,,,,,,,,,,,,,,,,,13,001,male,21,2024-11-22_15h52.50.384,solo project,2024.2.1post4,60.05198099906737,2024-11-22 15h53.36.909620 +0530,
,,1,1,0,,,,,,images/1073_animals_lum.jpg,disgust,animal,journal,,,,,,,,,,,,,,,,,0,1,1,7,,,,,,,,,333.26027750002686,,,,,,,,,,,,,,,,,,,,,,333.25699579995126,333.26027750002686,334.25831900001504,334.25831900001504,334.27733169996645,336.26056840003,336.26056840003,336.2425178999547,,,,,,,,,,,,,,,,,,,,,,,,,,,,,,,,,,13,001,male,21,2024-11-22_15h52.50.384,solo project,2024.2.1post4,60.05198099906737,2024-11-22 15h53.36.909620 +0530,
,,2,2,0,,,,,,images/1146_body products neutral_lum.jpg,neutral,body product,reptile,,,,,,,,,,,,,,,,,0,2,2,21,,,,,,,,,336.26056840003,,,,,,,,,,,,,,,,,,,,,,336.2571958999615,336.26056840003,337.25834069994744,337.25834069994744,337.27471599995624,339.2605988000287,339.2605988000287,339.2420390000334,,,,,,,,,,,,,,,,,,,,,,,,,,,,,,,,,,13,001,male,21,2024-11-22_15h52.50.384,solo project,2024.2.1post4,60.05198099906737,2024-11-22 15h53.36.909620 +0530,
,,3,3,0,,,,,,images/1165_injuries_infections_lum.jpg,disgust,injury/infection,glacier,,,,,,,,,,,,,,,,,0,3,3,4,,,,,,,,,339.2605988000287,,,,,,,,,,,,,,,,,,,,,,339.2568987000268,339.2605988000287,340.27472999994643,340.27472999994643,340.27472999994643,342.27821529994253,342.27821529994253,342.25895329995546,,,,,,,,,,,,,,,,,,,,,,,,,,,,,,,,,,13,001,male,21,2024-11-22_15h52.50.384,solo project,2024.2.1post4,60.05198099906737,2024-11-22 15h53.36.909620 +0530,
,,4,4,0,,,,,,images/1001_food_lum.jpg,disgust,food,radiator,,,,,,,,,,,,,,,,,0,4,4,18,,,,,,,,,342.27821529994253,,,,,,,,,,,,,,,,,,,,,,342.2747289999388,342.27821529994253,343.27494549995754,343.27494549995754,343.2913752000313,345.27573819993995,345.27573819993995,345.25885250000283,,,,,,,,,,,,,,,,,,,,,,,,,,,,,,,,,,13,001,male,21,2024-11-22_15h52.50.384,solo project,2024.2.1post4,60.05198099906737,2024-11-22 15h53.36.909620 +0530,
,,5,5,0,,,,,,images/1054_animals_lum.jpg,disgust,animal,serious,,,,,,,,,,,,,,,,,0,5,5,23,,,,,,,,,345.27573819993995,,,,,,,,,,,,,,,,,,,,,,345.2723733999301,345.27573819993995,346.2753026999999,346.2753026999999,346.2917642999673,348.27647399995476,348.27647399995476,348.2584999999963,,,,,,,,,,,,,,,,,,,,,,,,,,,,,,,,,,13,001,male,21,2024-11-22_15h52.50.384,solo project,2024.2.1post4,60.05198099906737,2024-11-22 15h53.36.909620 +0530,
,,6,6,0,,,,,,images/1041_food_neutral_lum.jpg,neutral,food,trumpet,,,,,,,,,,,,,,,,,0,6,6,27,,,,,,,,,348.27647399995476,,,,,,,,,,,,,,,,,,,,,,348.2731487000128,348.27647399995476,349.2749418999301,349.2749418999301,349.29148819996044,351.27660390001256,351.27660390001256,351.25887729995884,,,,,,,,,,,,,,,,,,,,,,,,,,,,,,,,,,13,001,male,21,2024-11-22_15h52.50.384,solo project,2024.2.1post4,60.05198099906737,2024-11-22 15h53.36.909620 +0530,
,,7,7,0,,,,,,images/1192_injuries_infections neutral_lum.jpg,neutral,injury/infection,stove,,,,,,,,,,,,,,,,,0,7,7,26,,,,,,,,,351.27660390001256,,,,,,,,,,,,,,,,,,,,,,351.27257789997384,351.27660390001256,352.27471599995624,352.27471599995624,352.2912282999605,354.2792958000209,354.2792958000209,354.258818399976,,,,,,,,,,,,,,,,,,,,,,,,,,,,,,,,,,13,001,male,21,2024-11-22_15h52.50.384,solo project,2024.2.1post4,60.05198099906737,2024-11-22 15h53.36.909620 +0530,
,,8,8,0,,,,,,images/1202_death_lum.jpg,disgust,death,lantern,,,,,,,,,,,,,,,,,0,8,8,8,,,,,,,,,354.2792958000209,,,,,,,,,,,,,,,,,,,,,,354.27433099993505,354.2792958000209,355.2582776999334,355.2582776999334,355.2911758000264,357.2603122999426,357.2603122999426,357.2419164000312,,,,,,,,,,,,,,,,,,,,,,,,,,,,,,,,,,13,001,male,21,2024-11-22_15h52.50.384,solo project,2024.2.1post4,60.05198099906737,2024-11-22 15h53.36.909620 +0530,
,,9,9,0,,,,,,images/1107_body products_lum.jpg,disgust,body product,passage,,,,,,,,,,,,,,,,,0,9,9,16,,,,,,,,,357.2603122999426,,,,,,,,,,,,,,,,,,,,,,357.2557012999896,357.2743420000188,358.2748650999274,358.2748650999274,358.2748650999274,360.27545439999085,360.27545439999085,360.2584273000248,,,,,,,,,,,,,,,,,,,,,,,,,,,,,,,,,,13,001,male,21,2024-11-22_15h52.50.384,solo project,2024.2.1post4,60.05198099906737,2024-11-22 15h53.36.909620 +0530,
,,10,10,0,,,,,,images/1100_animals_neutral_lum.jpg,neutral,animal,nursery,,,,,,,,,,,,,,,,,0,10,10,15,,,,,,,,,360.27545439999085,,,,,,,,,,,,,,,,,,,,,,360.2718342000153,360.27545439999085,361.2746779000154,361.2746779000154,361.29150289995596,363.2754355999641,363.2754355999641,363.2581194000086,,,,,,,,,,,,,,,,,,,,,,,,,,,,,,,,,,13,001,male,21,2024-11-22_15h52.50.384,solo project,2024.2.1post4,60.05198099906737,2024-11-22 15h53.36.909620 +0530,
,,11,11,0,,,,,,images/1149_body products neutral_lum.jpg,neutral,body product,skeptical,,,,,,,,,,,,,,,,,0,11,11,24,,,,,,,,,363.2754355999641,,,,,,,,,,,,,,,,,,,,,,363.2721160999499,363.2754355999641,364.27442279993556,364.27442279993556,364.2913384999847,366.2767181999516,366.2767181999516,366.25867030001245,,,,,,,,,,,,,,,,,,,,,,,,,,,,,,,,,,13,001,male,21,2024-11-22_15h52.50.384,solo project,2024.2.1post4,60.05198099906737,2024-11-22 15h53.36.909620 +0530,
,,12,12,0,,,,,,images/1143_body products neutral_lum.jpg,neutral,body product,invest,,,,,,,,,,,,,,,,,0,12,12,6,,,,,,,,,366.2767181999516,,,,,,,,,,,,,,,,,,,,,,366.2720064999303,366.2767181999516,367.27440610004123,367.27440610004123,367.2914258999517,369.27636559994426,369.27636559994426,369.25852449995,,,,,,,,,,,,,,,,,,,,,,,,,,,,,,,,,,13,001,male,21,2024-11-22_15h52.50.384,solo project,2024.2.1post4,60.05198099906737,2024-11-22 15h53.36.909620 +0530,
,,13,13,0,,,,,,images/1013_food_lum.jpg,disgust,food,stiff,,,,,,,,,,,,,,,,,0,13,13,25,,,,,,,,,369.27636559994426,,,,,,,,,,,,,,,,,,,,,,369.27304949995596,369.27636559994426,370.274554100004,370.274554100004,370.29158990003634,372.27672209998127,372.27672209998127,372.25848530000076,,,,,,,,,,,,,,,,,,,,,,,,,,,,,,,,,,13,001,male,21,2024-11-22_15h52.50.384,solo project,2024.2.1post4,60.05198099906737,2024-11-22 15h53.36.909620 +0530,
,,14,14,0,,,,,,images/1062_animals_lum.jpg,disgust,animal,ennui,,,,,,,,,,,,,,,,,0,14,14,3,,,,,,,,,372.27672209998127,,,,,,,,,,,,,,,,,,,,,,372.27159829996526,372.27672209998127,373.2743230999913,373.2743230999913,373.29193009994924,375.27711050002836,375.27711050002836,375.25838310003746,,,,,,,,,,,,,,,,,,,,,,,,,,,,,,,,,,13,001,male,21,2024-11-22_15h52.50.384,solo project,2024.2.1post4,60.05198099906737,2024-11-22 15h53.36.909620 +0530,
,,15,15,0,,,,,,images/1118_body products_lum.jpg,disgust,body product,reverent,,,,,,,,,,,,,,,,,0,15,15,22,,,,,,,,,375.27711050002836,,,,,,,,,,,,,,,,,,,,,,375.27207860001363,375.27711050002836,376.2748763000127,376.2748763000127,376.29122170002665,378.2772007000167,378.2772007000167,378.25829489994794,,,,,,,,,,,,,,,,,,,,,,,,,,,,,,,,,,13,001,male,21,2024-11-22_15h52.50.384,solo project,2024.2.1post4,60.05198099906737,2024-11-22 15h53.36.909620 +0530,
,,16,16,0,,,,,,images/1044_food_neutral_lum.jpg,neutral,food,custom,,,,,,,,,,,,,,,,,0,16,16,1,,,,,,,,,378.2772007000167,,,,,,,,,,,,,,,,,,,,,,378.2718808000209,378.2772007000167,379.27472119999584,379.27472119999584,379.2913089999929,381.2776365999598,381.2776365999598,381.25852959998883,,,,,,,,,,,,,,,,,,,,,,,,,,,,,,,,,,13,001,male,21,2024-11-22_15h52.50.384,solo project,2024.2.1post4,60.05198099906737,2024-11-22 15h53.36.909620 +0530,
,,17,17,0,,,,,,images/1032_food_lum.jpg,disgust,food,rattle,,,,,,,,,,,,,,,,,0,17,17,20,,,,,,,,,381.2776365999598,,,,,,,,,,,,,,,,,,,,,,381.2723865000298,381.2776365999598,382.27409640001133,382.27409640001133,382.29141960002016,384.27635169995483,384.27635169995483,384.2579112999374,,,,,,,,,,,,,,,,,,,,,,,,,,,,,,,,,,13,001,male,21,2024-11-22_15h52.50.384,solo project,2024.2.1post4,60.05198099906737,2024-11-22 15h53.36.909620 +0530,
,,18,18,0,,,,,,images/1253_hygiene_lum.jpg,disgust,hygeine,manner,,,,,,,,,,,,,,,,,0,18,18,11,,,,,,,,,384.27635169995483,,,,,,,,,,,,,,,,,,,,,,384.2715213999618,384.27635169995483,385.2743830999825,385.2743830999825,385.29111919994466,387.27590739994776,387.27590739994776,387.25834609998856,,,,,,,,,,,,,,,,,,,,,,,,,,,,,,,,,,13,001,male,21,2024-11-22_15h52.50.384,solo project,2024.2.1post4,60.05198099906737,2024-11-22 15h53.36.909620 +0530,
,,19,19,0,,,,,,images/1291_hygiene neutral_lum.jpg,neutral,hygeine,hard,,,,,,,,,,,,,,,,,0,19,19,5,,,,,,,,,387.27590739994776,,,,,,,,,,,,,,,,,,,,,,387.2724761000136,387.27590739994776,388.2747189999791,388.2747189999791,388.29091280000284,390.2756889000302,390.2756889000302,390.2581932999892,,,,,,,,,,,,,,,,,,,,,,,,,,,,,,,,,,13,001,male,21,2024-11-22_15h52.50.384,solo project,2024.2.1post4,60.05198099906737,2024-11-22 15h53.36.909620 +0530,
,,20,20,0,,,,,,images/1200_injuries_infections neutral_lum.jpg,neutral,injury/infection,village,,,,,,,,,,,,,,,,,0,20,20,28,,,,,,,,,390.2756889000302,,,,,,,,,,,,,,,,,,,,,,390.2709310000064,390.2756889000302,391.2747633999679,391.2747633999679,391.2908898999449,393.2784563000314,393.2784563000314,393.25811659998726,,,,,,,,,,,,,,,,,,,,,,,,,,,,,,,,,,13,001,male,21,2024-11-22_15h52.50.384,solo project,2024.2.1post4,60.05198099906737,2024-11-22 15h53.36.909620 +0530,
,,21,21,0,,,,,,images/1104_body products_lum.jpg,disgust,body product,material,,,,,,,,,,,,,,,,,0,21,21,12,,,,,,,,,393.2784563000314,,,,,,,,,,,,,,,,,,,,,,393.27328580000903,393.2784563000314,394.2740932999877,394.2740932999877,394.291413799976,396.2766564999474,396.2766564999474,396.25801979994867,,,,,,,,,,,,,,,,,,,,,,,,,,,,,,,,,,13,001,male,21,2024-11-22_15h52.50.384,solo project,2024.2.1post4,60.05198099906737,2024-11-22 15h53.36.909620 +0530,
,,22,22,0,,,,,,images/1223_death_lum.jpg,disgust,death,mischief,,,,,,,,,,,,,,,,,0,22,22,13,,,,,,,,,396.2766564999474,,,,,,,,,,,,,,,,,,,,,,396.27167879999615,396.2766564999474,397.2741291000275,397.2741291000275,397.2908654999919,399.27678610000294,399.27678610000294,399.25844669993967,,,,,,,,,,,,,,,,,,,,,,,,,,,,,,,,,,13,001,male,21,2024-11-22_15h52.50.384,solo project,2024.2.1post4,60.05198099906737,2024-11-22 15h53.36.909620 +0530,
,,23,23,0,,,,,,images/1299_hygiene neutral_lum.jpg,neutral,hygeine,rancid,,,,,,,,,,,,,,,,,0,23,23,19,,,,,,,,,399.27678610000294,,,,,,,,,,,,,,,,,,,,,,399.2718997999327,399.27678610000294,400.2741797999479,400.2741797999479,400.2908804999897,402.277304999996,402.277304999996,402.2583067000378,,,,,,,,,,,,,,,,,,,,,,,,,,,,,,,,,,13,001,male,21,2024-11-22_15h52.50.384,solo project,2024.2.1post4,60.05198099906737,2024-11-22 15h53.36.909620 +0530,
,,24,24,0,,,,,,images/1049_food_neutral_lum.jpg,neutral,food,privacy,,,,,,,,,,,,,,,,,0,24,24,17,,,,,,,,,402.277304999996,,,,,,,,,,,,,,,,,,,,,,402.2720891999779,402.277304999996,403.2740652000066,403.2740652000066,403.29102819995023,405.275326199946,405.275326199946,405.2577875999268,,,,,,,,,,,,,,,,,,,,,,,,,,,,,,,,,,13,001,male,21,2024-11-22_15h52.50.384,solo project,2024.2.1post4,60.05198099906737,2024-11-22 15h53.36.909620 +0530,
,,25,25,0,,,,,,images/1271_hygiene_lum.jpg,disgust,hygeine,limber,,,,,,,,,,,,,,,,,0,25,25,10,,,,,,,,,405.275326199946,,,,,,,,,,,,,,,,,,,,,,405.2718457999872,405.275326199946,406.2741738000186,406.2741738000186,406.29047579993494,408.27656929998193,408.27656929998193,408.25775909994263,,,,,,,,,,,,,,,,,,,,,,,,,,,,,,,,,,13,001,male,21,2024-11-22_15h52.50.384,solo project,2024.2.1post4,60.05198099906737,2024-11-22 15h53.36.909620 +0530,
,,26,26,0,,,,,,images/1250_death neutral_lum.jpg,neutral,death,neurotic,,,,,,,,,,,,,,,,,0,26,26,14,,,,,,,,,408.27656929998193,,,,,,,,,,,,,,,,,,,,,,408.2716745999642,408.27656929998193,409.2737907000119,409.2737907000119,409.29100750002544,411.27602460002527,411.27602460002527,411.25771040003747,,,,,,,,,,,,,,,,,,,,,,,,,,,,,,,,,,13,001,male,21,2024-11-22_15h52.50.384,solo project,2024.2.1post4,60.05198099906737,2024-11-22 15h53.36.909620 +0530,
,,27,27,0,,,,,,images/1093_animals_neutral_lum.jpg,neutral,animal,lighthouse,,,,,,,,,,,,,,,,,0,27,27,9,,,,,,,,,411.27602460002527,,,,,,,,,,,,,,,,,,,,,,411.2707746999804,411.27602460002527,412.27389870001934,412.27389870001934,412.2904425000306,414.27708459994756,414.27708459994756,414.2581712999381,,,,,,,,,,,,,,,,,,,,,,,,,,,,,,,,,,13,001,male,21,2024-11-22_15h52.50.384,solo project,2024.2.1post4,60.05198099906737,2024-11-22 15h53.36.909620 +0530,
,,28,28,0,,,,,,images/1099_animals_neutral_lum.jpg,neutral,animal,coast,,,,,,,,,,,,,,,,,0,28,28,0,,,,,,,,,414.27708459994756,,,,,,,,,,,,,,,,,,,,,,414.271904299967,414.27708459994756,415.27377009997144,415.27377009997144,415.2903741999762,417.27584769995883,417.27584769995883,417.25760539993644,,,,,,,,,,,,,,,,,,,,,,,,,,,,,,,,,,13,001,male,21,2024-11-22_15h52.50.384,solo project,2024.2.1post4,60.05198099906737,2024-11-22 15h53.36.909620 +0530,
,,29,29,0,,,,,,images/1153_injuries_infections_lum.jpg,disgust,injury/infection,elevator,,,,,,,,,,,,,,,,,0,29,29,2,,,,,,,,,417.27584769995883,,,,,,,,,,,,,,,,,,,,,,417.27095699997153,417.27584769995883,418.2743214999791,418.2743214999791,418.2905747999903,420.2731641000137,420.2731641000137,420.25768969999626,,,,,,,,,,,,,,,,,,,,,,,,,,,,,,,,,,13,001,male,21,2024-11-22_15h52.50.384,solo project,2024.2.1post4,60.05198099906737,2024-11-22 15h53.36.909620 +0530,
,,,,,,,,,,,,,,,,,,,,,,,,,,,,,,,,,,,,,,,,,,,,,,,,,,,,,,,,,,,,,,,,,,,,,,,,420.2577717000386,2.014518899959512,428.1741977999918,space,5.89880369999446,None,,,,,,,,,,,,,,,,,,,,,,,,,,,,13,001,male,21,2024-11-22_15h52.50.384,solo project,2024.2.1post4,60.05198099906737,2024-11-22 15h53.36.909620 +0530,
,,0,0,0,,,,,,,disgust,death,,lantern,old,2.0,9.301377500058152,,,,,,,,,,,,,,,,,0,0,0,8,,,,,428.2012140000006,,,,,,,,,,,,,,,,,,,,,,,,,,,,,,,,,,,,428.1915558000328,428.2012140000006,428.2012140000006,437.5073635999579,2.0,9.301377500058152,,,,,,,,,,,,,,,,,,,,,,13,001,male,21,2024-11-22_15h52.50.384,solo project,2024.2.1post4,60.05198099906737,2024-11-22 15h53.36.909620 +0530,
,,1,1,0,,,,,,,neutral,food,,trumpet,old,1.0,5.661963400081731,,,,,,,,,,,,,,,,,0,1,1,27,,,,,437.5230470999377,,,,,,,,,,,,,,,,,,,,,,,,,,,,,,,,,,,,437.5133029000135,437.5230470999377,437.5230470999377,443.19088380003814,1.0,5.661963400081731,,,,,,,,,,,,,,,,,,,,,,13,001,male,21,2024-11-22_15h52.50.384,solo project,2024.2.1post4,60.05198099906737,2024-11-22 15h53.36.909620 +0530,
,,2,2,0,,,,,,,neutral,injury/infection,,stove,old,1.0,2.513200999936089,,,,,,,,,,,,,,,,,0,2,2,26,,,,,443.20638560003135,,,,,,,,,,,,,,,,,,,,,,,,,,,,,,,,,,,,443.19583779992536,443.20638560003135,443.20638560003135,445.7240085999947,1.0,2.513200999936089,,,,,,,,,,,,,,,,,,,,,,13,001,male,21,2024-11-22_15h52.50.384,solo project,2024.2.1post4,60.05198099906737,2024-11-22 15h53.36.909620 +0530,
,,3,3,0,,,,,,,None,None,,whistle,new,2.0,2.529347199946642,,,,,,,,,,,,,,,,,0,3,3,59,,,,,445.7396400999278,,,,,,,,,,,,,,,,,,,,,,,,,,,,,,,,,,,,445.7292470999528,445.7396400999278,445.7396400999278,448.27403969992884,2.0,2.529347199946642,,,,,,,,,,,,,,,,,,,,,,13,001,male,21,2024-11-22_15h52.50.384,solo project,2024.2.1post4,60.05198099906737,2024-11-22 15h53.36.909620 +0530,
,,4,4,0,,,,,,,None,None,,lawn,new,2.0,2.247764499974437,,,,,,,,,,,,,,,,,0,4,4,39,,,,,448.28981190000195,,,,,,,,,,,,,,,,,,,,,,,,,,,,,,,,,,,,448.276582499966,448.28981190000195,448.28981190000195,450.5407498999266,2.0,2.247764499974437,,,,,,,,,,,,,,,,,,,,,,13,001,male,21,2024-11-22_15h52.50.384,solo project,2024.2.1post4,60.05198099906737,2024-11-22 15h53.36.909620 +0530,
,,5,5,0,,,,,,,None,None,,teacher,new,2.0,1.480618100031279,,,,,,,,,,,,,,,,,0,5,5,53,,,,,450.55638059997,,,,,,,,,,,,,,,,,,,,,,,,,,,,,,,,,,,,450.54427569999825,450.55638059997,450.55638059997,452.0404578000307,2.0,1.480618100031279,,,,,,,,,,,,,,,,,,,,,,13,001,male,21,2024-11-22_15h52.50.384,solo project,2024.2.1post4,60.05198099906737,2024-11-22 15h53.36.909620 +0530,
,,6,6,0,,,,,,,disgust,body product,,passage,old,1.0,4.896952299983241,,,,,,,,,,,,,,,,,0,6,6,16,,,,,452.05642959999386,,,,,,,,,,,,,,,,,,,,,,,,,,,,,,,,,,,,452.0446766000241,452.05642959999386,452.05642959999386,456.95711419999134,1.0,4.896952299983241,,,,,,,,,,,,,,,,,,,,,,13,001,male,21,2024-11-22_15h52.50.384,solo project,2024.2.1post4,60.05198099906737,2024-11-22 15h53.36.909620 +0530,
,,7,7,0,,,,,,,disgust,injury/infection,,glacier,old,1.0,1.166200500098057,,,,,,,,,,,,,,,,,0,7,7,4,,,,,456.97280650003813,,,,,,,,,,,,,,,,,,,,,,,,,,,,,,,,,,,,456.9592042999575,456.97280650003813,456.97280650003813,458.1403403999284,1.0,1.166200500098057,,,,,,,,,,,,,,,,,,,,,,13,001,male,21,2024-11-22_15h52.50.384,solo project,2024.2.1post4,60.05198099906737,2024-11-22 15h53.36.909620 +0530,
,,8,8,0,,,,,,,neutral,hygeine,,rancid,old,1.0,0.9973301000427455,,,,,,,,,,,,,,,,,0,8,8,19,,,,,458.15599090000615,,,,,,,,,,,,,,,,,,,,,,,,,,,,,,,,,,,,458.144345000037,458.15599090000615,458.15599090000615,459.1569543000078,1.0,0.9973301000427455,,,,,,,,,,,,,,,,,,,,,,13,001,male,21,2024-11-22_15h52.50.384,solo project,2024.2.1post4,60.05198099906737,2024-11-22 15h53.36.909620 +0530,
,,9,9,0,,,,,,,neutral,animal,,nursery,old,2.0,2.0971805999288335,,,,,,,,,,,,,,,,,0,9,9,15,,,,,459.1731008000206,,,,,,,,,,,,,,,,,,,,,,,,,,,,,,,,,,,,459.1613789999392,459.1731008000206,459.1731008000206,461.2740725999465,2.0,2.0971805999288335,,,,,,,,,,,,,,,,,,,,,,13,001,male,21,2024-11-22_15h52.50.384,solo project,2024.2.1post4,60.05198099906737,2024-11-22 15h53.36.909620 +0530,
,,10,10,0,,,,,,,None,None,,sentiment,new,2.0,1.6489481000462547,,,,,,,,,,,,,,,,,0,10,10,49,,,,,461.2894296000013,,,,,,,,,,,,,,,,,,,,,,,,,,,,,,,,,,,,461.2765569000039,461.2894296000013,461.2894296000013,462.94060919992626,2.0,1.6489481000462547,,,,,,,,,,,,,,,,,,,,,,13,001,male,21,2024-11-22_15h52.50.384,solo project,2024.2.1post4,60.05198099906737,2024-11-22 15h53.36.909620 +0530,
,,11,11,0,,,,,,,None,None,,skyscraper,new,2.0,1.2464975999901071,,,,,,,,,,,,,,,,,0,11,11,51,,,,,462.9561520999996,,,,,,,,,,,,,,,,,,,,,,,,,,,,,,,,,,,,462.9452818999998,462.9561520999996,462.9561520999996,464.2070215999847,2.0,1.2464975999901071,,,,,,,,,,,,,,,,,,,,,,13,001,male,21,2024-11-22_15h52.50.384,solo project,2024.2.1post4,60.05198099906737,2024-11-22 15h53.36.909620 +0530,
,,12,12,0,,,,,,,None,None,,medicine,new,2.0,1.5988612999208272,,,,,,,,,,,,,,,,,0,12,12,42,,,,,464.22311689995695,,,,,,,,,,,,,,,,,,,,,,,,,,,,,,,,,,,,464.2095240999479,464.22311689995695,464.22311689995695,465.8237147999462,2.0,1.5988612999208272,,,,,,,,,,,,,,,,,,,,,,13,001,male,21,2024-11-22_15h52.50.384,solo project,2024.2.1post4,60.05198099906737,2024-11-22 15h53.36.909620 +0530,
,,13,13,0,,,,,,,disgust,body product,,material,old,2.0,2.065015699947253,,,,,,,,,,,,,,,,,0,13,13,12,,,,,465.83931760000996,,,,,,,,,,,,,,,,,,,,,,,,,,,,,,,,,,,,465.8265412999317,465.83931760000996,465.83931760000996,467.90714040002786,2.0,2.065015699947253,,,,,,,,,,,,,,,,,,,,,,13,001,male,21,2024-11-22_15h52.50.384,solo project,2024.2.1post4,60.05198099906737,2024-11-22 15h53.36.909620 +0530,
,,14,14,0,,,,,,,neutral,food,,custom,old,2.0,3.0823323000222445,,,,,,,,,,,,,,,,,0,14,14,1,,,,,467.923249399988,,,,,,,,,,,,,,,,,,,,,,,,,,,,,,,,,,,,467.90954100003,467.923249399988,467.923249399988,471.0067597000161,2.0,3.0823323000222445,,,,,,,,,,,,,,,,,,,,,,13,001,male,21,2024-11-22_15h52.50.384,solo project,2024.2.1post4,60.05198099906737,2024-11-22 15h53.36.909620 +0530,
,,15,15,0,,,,,,,None,None,,detail,new,2.0,1.3495153000112623,,,,,,,,,,,,,,,,,0,15,15,33,,,,,471.02251469995826,,,,,,,,,,,,,,,,,,,,,,,,,,,,,,,,,,,,471.0091207999503,471.02251469995826,471.02251469995826,472.37399140000343,2.0,1.3495153000112623,,,,,,,,,,,,,,,,,,,,,,13,001,male,21,2024-11-22_15h52.50.384,solo project,2024.2.1post4,60.05198099906737,2024-11-22 15h53.36.909620 +0530,
,,16,16,0,,,,,,,None,None,,paint,new,2.0,3.415565900038928,,,,,,,,,,,,,,,,,0,16,16,43,,,,,472.3898135999916,,,,,,,,,,,,,,,,,,,,,,,,,,,,,,,,,,,,472.3761005999986,472.3898135999916,472.3898135999916,475.8070779000409,2.0,3.415565900038928,,,,,,,,,,,,,,,,,,,,,,13,001,male,21,2024-11-22_15h52.50.384,solo project,2024.2.1post4,60.05198099906737,2024-11-22 15h53.36.909620 +0530,
,,17,17,0,,,,,,,None,None,,fabric,new,2.0,1.7469927000347525,,,,,,,,,,,,,,,,,0,17,17,34,,,,,475.82231600000523,,,,,,,,,,,,,,,,,,,,,,,,,,,,,,,,,,,,475.81151409994345,475.82231600000523,475.82231600000523,477.5739055000013,2.0,1.7469927000347525,,,,,,,,,,,,,,,,,,,,,,13,001,male,21,2024-11-22_15h52.50.384,solo project,2024.2.1post4,60.05198099906737,2024-11-22 15h53.36.909620 +0530,
,,18,18,0,,,,,,,None,None,,truck,new,2.0,1.6318979000207037,,,,,,,,,,,,,,,,,0,18,18,56,,,,,477.5895483000204,,,,,,,,,,,,,,,,,,,,,,,,,,,,,,,,,,,,477.5762584999902,477.5895483000204,477.5895483000204,479.2232129999902,2.0,1.6318979000207037,,,,,,,,,,,,,,,,,,,,,,13,001,male,21,2024-11-22_15h52.50.384,solo project,2024.2.1post4,60.05198099906737,2024-11-22 15h53.36.909620 +0530,
,,19,19,0,,,,,,,disgust,animal,,journal,old,1.0,2.0312839000253007,,,,,,,,,,,,,,,,,0,19,19,7,,,,,479.2390927999513,,,,,,,,,,,,,,,,,,,,,,,,,,,,,,,,,,,,479.2269151000073,479.2390927999513,479.2390927999513,481.2735214999411,1.0,2.0312839000253007,,,,,,,,,,,,,,,,,,,,,,13,001,male,21,2024-11-22_15h52.50.384,solo project,2024.2.1post4,60.05198099906737,2024-11-22 15h53.36.909620 +0530,
,,20,20,0,,,,,,,neutral,body product,,reptile,old,1.0,2.047891200054437,,,,,,,,,,,,,,,,,0,20,20,21,,,,,481.2892154000001,,,,,,,,,,,,,,,,,,,,,,,,,,,,,,,,,,,,481.2765388999833,481.2892154000001,481.2892154000001,483.34024930000305,1.0,2.047891200054437,,,,,,,,,,,,,,,,,,,,,,13,001,male,21,2024-11-22_15h52.50.384,solo project,2024.2.1post4,60.05198099906737,2024-11-22 15h53.36.909620 +0530,
,,21,21,0,,,,,,,None,None,,trunk,new,2.0,3.064791899989359,,,,,,,,,,,,,,,,,0,21,21,57,,,,,483.356231899932,,,,,,,,,,,,,,,,,,,,,,,,,,,,,,,,,,,,483.3423360999441,483.356231899932,483.356231899932,486.4240203000372,2.0,3.064791899989359,,,,,,,,,,,,,,,,,,,,,,13,001,male,21,2024-11-22_15h52.50.384,solo project,2024.2.1post4,60.05198099906737,2024-11-22 15h53.36.909620 +0530,
,,22,22,0,,,,,,,None,None,,theory,new,2.0,2.0476987999863923,,,,,,,,,,,,,,,,,0,22,22,55,,,,,486.43903949996457,,,,,,,,,,,,,,,,,,,,,,,,,,,,,,,,,,,,486.42646029999014,486.43903949996457,486.43903949996457,488.4903285999317,2.0,2.0476987999863923,,,,,,,,,,,,,,,,,,,,,,13,001,male,21,2024-11-22_15h52.50.384,solo project,2024.2.1post4,60.05198099906737,2024-11-22 15h53.36.909620 +0530,
,,23,23,0,,,,,,,disgust,injury/infection,,elevator,old,1.0,1.98172510007862,,,,,,,,,,,,,,,,,0,23,23,2,,,,,488.50568740000017,,,,,,,,,,,,,,,,,,,,,,,,,,,,,,,,,,,,488.4927152999444,488.50568740000017,488.50568740000017,490.4901712000137,1.0,1.98172510007862,,,,,,,,,,,,,,,,,,,,,,13,001,male,21,2024-11-22_15h52.50.384,solo project,2024.2.1post4,60.05198099906737,2024-11-22 15h53.36.909620 +0530,
,,24,24,0,,,,,,,None,None,,hawk,new,2.0,2.048682100023143,,,,,,,,,,,,,,,,,0,24,24,36,,,,,490.5057950000046,,,,,,,,,,,,,,,,,,,,,,,,,,,,,,,,,,,,490.49239000002854,490.5057950000046,490.5057950000046,492.5567403000314,2.0,2.048682100023143,,,,,,,,,,,,,,,,,,,,,,13,001,male,21,2024-11-22_15h52.50.384,solo project,2024.2.1post4,60.05198099906737,2024-11-22 15h53.36.909620 +0530,
,,25,25,0,,,,,,,disgust,animal,,serious,old,1.0,1.8181133000180125,,,,,,,,,,,,,,,,,0,25,25,23,,,,,492.5727179000387,,,,,,,,,,,,,,,,,,,,,,,,,,,,,,,,,,,,492.558952899999,492.5727179000387,492.5727179000387,494.3900020000292,1.0,1.8181133000180125,,,,,,,,,,,,,,,,,,,,,,13,001,male,21,2024-11-22_15h52.50.384,solo project,2024.2.1post4,60.05198099906737,2024-11-22 15h53.36.909620 +0530,
,,26,26,0,,,,,,,disgust,hygeine,,limber,old,1.0,1.8474247999256477,,,,,,,,,,,,,,,,,0,26,26,10,,,,,494.40580870001577,,,,,,,,,,,,,,,,,,,,,,,,,,,,,,,,,,,,494.3931143999798,494.40580870001577,494.40580870001577,496.25676479993854,1.0,1.8474247999256477,,,,,,,,,,,,,,,,,,,,,,13,001,male,21,2024-11-22_15h52.50.384,solo project,2024.2.1post4,60.05198099906737,2024-11-22 15h53.36.909620 +0530,
,,27,27,0,,,,,,,neutral,food,,privacy,old,1.0,2.148004300077446,,,,,,,,,,,,,,,,,0,27,27,17,,,,,496.2721697000088,,,,,,,,,,,,,,,,,,,,,,,,,,,,,,,,,,,,496.25974010000937,496.2721697000088,496.2721697000088,498.42321759997867,1.0,2.148004300077446,,,,,,,,,,,,,,,,,,,,,,13,001,male,21,2024-11-22_15h52.50.384,solo project,2024.2.1post4,60.05198099906737,2024-11-22 15h53.36.909620 +0530,
,,28,28,0,,,,,,,disgust,body product,,reverent,old,2.0,2.7818084999453276,,,,,,,,,,,,,,,,,0,28,28,22,,,,,498.43887319997884,,,,,,,,,,,,,,,,,,,,,,,,,,,,,,,,,,,,498.425621900009,498.43887319997884,498.43887319997884,501.2239041000139,2.0,2.7818084999453276,,,,,,,,,,,,,,,,,,,,,,13,001,male,21,2024-11-22_15h52.50.384,solo project,2024.2.1post4,60.05198099906737,2024-11-22 15h53.36.909620 +0530,
,,29,29,0,,,,,,,None,None,,watch,new,2.0,1.8313763999613002,,,,,,,,,,,,,,,,,0,29,29,58,,,,,501.23915219993796,,,,,,,,,,,,,,,,,,,,,,,,,,,,,,,,,,,,501.2261032999959,501.23915219993796,501.23915219993796,503.07311280001886,2.0,1.8313763999613002,,,,,,,,,,,,,,,,,,,,,,13,001,male,21,2024-11-22_15h52.50.384,solo project,2024.2.1post4,60.05198099906737,2024-11-22 15h53.36.909620 +0530,
,,30,30,0,,,,,,,neutral,animal,,coast,old,1.0,1.8489946000045165,,,,,,,,,,,,,,,,,0,30,30,0,,,,,503.0890036999481,,,,,,,,,,,,,,,,,,,,,,,,,,,,,,,,,,,,503.07582319993526,503.0890036999481,503.0890036999481,504.93991509999614,1.0,1.8489946000045165,,,,,,,,,,,,,,,,,,,,,,13,001,male,21,2024-11-22_15h52.50.384,solo project,2024.2.1post4,60.05198099906737,2024-11-22 15h53.36.909620 +0530,
,,31,31,0,,,,,,,disgust,animal,,ennui,old,1.0,1.0978522000368685,,,,,,,,,,,,,,,,,0,31,31,3,,,,,504.9552962000016,,,,,,,,,,,,,,,,,,,,,,,,,,,,,,,,,,,,504.9428691000212,504.9552962000016,504.9552962000016,506.0566639000317,1.0,1.0978522000368685,,,,,,,,,,,,,,,,,,,,,,13,001,male,21,2024-11-22_15h52.50.384,solo project,2024.2.1post4,60.05198099906737,2024-11-22 15h53.36.909620 +0530,
,,32,32,0,,,,,,,neutral,body product,,invest,old,2.0,2.366087600006722,,,,,,,,,,,,,,,,,0,32,32,6,,,,,506.07248049997725,,,,,,,,,,,,,,,,,,,,,,,,,,,,,,,,,,,,506.05891110002995,506.07248049997725,506.07248049997725,508.4395457999781,2.0,2.366087600006722,,,,,,,,,,,,,,,,,,,,,,13,001,male,21,2024-11-22_15h52.50.384,solo project,2024.2.1post4,60.05198099906737,2024-11-22 15h53.36.909620 +0530,
,,33,33,0,,,,,,,None,None,,market,new,1.0,1.832528099999763,,,,,,,,,,,,,,,,,0,33,33,41,,,,,508.45550199993886,,,,,,,,,,,,,,,,,,,,,,,,,,,,,,,,,,,,508.44191970000975,508.45550199993886,508.45550199993886,510.2898556999862,1.0,1.832528099999763,,,,,,,,,,,,,,,,,,,,,,13,001,male,21,2024-11-22_15h52.50.384,solo project,2024.2.1post4,60.05198099906737,2024-11-22 15h53.36.909620 +0530,
,,34,34,0,,,,,,,None,None,,contents,new,2.0,1.3988996000261977,,,,,,,,,,,,,,,,,0,34,34,32,,,,,510.30604459997267,,,,,,,,,,,,,,,,,,,,,,,,,,,,,,,,,,,,510.2922882999992,510.30604459997267,510.30604459997267,511.7064255999867,2.0,1.3988996000261977,,,,,,,,,,,,,,,,,,,,,,13,001,male,21,2024-11-22_15h52.50.384,solo project,2024.2.1post4,60.05198099906737,2024-11-22 15h53.36.909620 +0530,
,,35,35,0,,,,,,,None,None,,concentrate,new,2.0,1.0821774000069126,,,,,,,,,,,,,,,,,0,35,35,31,,,,,511.72238549997564,,,,,,,,,,,,,,,,,,,,,,,,,,,,,,,,,,,,511.7089762999676,511.72238549997564,511.72238549997564,512.8064243999543,2.0,1.0821774000069126,,,,,,,,,,,,,,,,,,,,,,13,001,male,21,2024-11-22_15h52.50.384,solo project,2024.2.1post4,60.05198099906737,2024-11-22 15h53.36.909620 +0530,
,,36,36,0,,,,,,,None,None,,poetry,new,2.0,1.332266699988395,,,,,,,,,,,,,,,,,0,36,36,44,,,,,512.8221715999534,,,,,,,,,,,,,,,,,,,,,,,,,,,,,,,,,,,,512.8089472999563,512.8221715999534,512.8221715999534,514.1564441999653,2.0,1.332266699988395,,,,,,,,,,,,,,,,,,,,,,13,001,male,21,2024-11-22_15h52.50.384,solo project,2024.2.1post4,60.05198099906737,2024-11-22 15h53.36.909620 +0530,
,,37,37,0,,,,,,,disgust,hygeine,,manner,old,1.0,1.8328578000655398,,,,,,,,,,,,,,,,,0,37,37,11,,,,,514.1720662999433,,,,,,,,,,,,,,,,,,,,,,,,,,,,,,,,,,,,514.1585118999938,514.1720662999433,514.1720662999433,516.0067100999877,1.0,1.8328578000655398,,,,,,,,,,,,,,,,,,,,,,13,001,male,21,2024-11-22_15h52.50.384,solo project,2024.2.1post4,60.05198099906737,2024-11-22 15h53.36.909620 +0530,
,,38,38,0,,,,,,,neutral,hygeine,,hard,old,2.0,2.2322109000524506,,,,,,,,,,,,,,,,,0,38,38,5,,,,,516.0225008999696,,,,,,,,,,,,,,,,,,,,,,,,,,,,,,,,,,,,516.0087728999788,516.0225008999696,516.0225008999696,518.2563846999547,2.0,2.2322109000524506,,,,,,,,,,,,,,,,,,,,,,13,001,male,21,2024-11-22_15h52.50.384,solo project,2024.2.1post4,60.05198099906737,2024-11-22 15h53.36.909620 +0530,
,,39,39,0,,,,,,,neutral,injury/infection,,village,old,1.0,1.399100000038743,,,,,,,,,,,,,,,,,0,39,39,28,,,,,518.2718268999597,,,,,,,,,,,,,,,,,,,,,,,,,,,,,,,,,,,,518.2587257999694,518.2718268999597,518.2718268999597,519.6727506000316,1.0,1.399100000038743,,,,,,,,,,,,,,,,,,,,,,13,001,male,21,2024-11-22_15h52.50.384,solo project,2024.2.1post4,60.05198099906737,2024-11-22 15h53.36.909620 +0530,
,,40,40,0,,,,,,,disgust,death,,mischief,old,1.0,1.2661058999365196,,,,,,,,,,,,,,,,,0,40,40,13,,,,,519.6887253000168,,,,,,,,,,,,,,,,,,,,,,,,,,,,,,,,,,,,519.6749711999437,519.6887253000168,519.6887253000168,520.9562080999603,1.0,1.2661058999365196,,,,,,,,,,,,,,,,,,,,,,13,001,male,21,2024-11-22_15h52.50.384,solo project,2024.2.1post4,60.05198099906737,2024-11-22 15h53.36.909620 +0530,
,,41,41,0,,,,,,,None,None,,tease,new,2.0,2.0323725000489503,,,,,,,,,,,,,,,,,0,41,41,54,,,,,520.972124199965,,,,,,,,,,,,,,,,,,,,,,,,,,,,,,,,,,,,520.9582915999927,520.972124199965,520.972124199965,523.0059772999957,2.0,2.0323725000489503,,,,,,,,,,,,,,,,,,,,,,13,001,male,21,2024-11-22_15h52.50.384,solo project,2024.2.1post4,60.05198099906737,2024-11-22 15h53.36.909620 +0530,
,,42,42,0,,,,,,,None,None,,clock,new,1.0,2.216162299970165,,,,,,,,,,,,,,,,,0,42,42,30,,,,,523.0218216000358,,,,,,,,,,,,,,,,,,,,,,,,,,,,,,,,,,,,523.0080800999422,523.0218216000358,523.0218216000358,525.2404934000224,1.0,2.216162299970165,,,,,,,,,,,,,,,,,,,,,,13,001,male,21,2024-11-22_15h52.50.384,solo project,2024.2.1post4,60.05198099906737,2024-11-22 15h53.36.909620 +0530,
,,43,43,0,,,,,,,None,None,,storm,new,1.0,1.848145499941893,,,,,,,,,,,,,,,,,0,43,43,52,,,,,525.2551457999507,,,,,,,,,,,,,,,,,,,,,,,,,,,,,,,,,,,,525.2429406000301,525.2551457999507,525.2551457999507,527.1065350000281,1.0,1.848145499941893,,,,,,,,,,,,,,,,,,,,,,13,001,male,21,2024-11-22_15h52.50.384,solo project,2024.2.1post4,60.05198099906737,2024-11-22 15h53.36.909620 +0530,
,,44,44,0,,,,,,,None,None,,rough,new,2.0,3.63195050007198,,,,,,,,,,,,,,,,,0,44,44,46,,,,,527.1219033999369,,,,,,,,,,,,,,,,,,,,,,,,,,,,,,,,,,,,527.1086517999647,527.1219033999369,527.1219033999369,530.7560174999526,2.0,3.63195050007198,,,,,,,,,,,,,,,,,,,,,,13,001,male,21,2024-11-22_15h52.50.384,solo project,2024.2.1post4,60.05198099906737,2024-11-22 15h53.36.909620 +0530,
,,45,45,0,,,,,,,None,None,,repentant,new,2.0,1.5658197000157088,,,,,,,,,,,,,,,,,0,45,45,45,,,,,530.7720219999319,,,,,,,,,,,,,,,,,,,,,,,,,,,,,,,,,,,,530.7581971000182,530.7720219999319,530.7720219999319,532.3391629999969,2.0,1.5658197000157088,,,,,,,,,,,,,,,,,,,,,,13,001,male,21,2024-11-22_15h52.50.384,solo project,2024.2.1post4,60.05198099906737,2024-11-22 15h53.36.909620 +0530,
,,46,46,0,,,,,,,neutral,death,,neurotic,old,1.0,1.6982172999996692,,,,,,,,,,,,,,,,,0,46,46,14,,,,,532.3550161999883,,,,,,,,,,,,,,,,,,,,,,,,,,,,,,,,,,,,532.3419967000373,532.3550161999883,532.3550161999883,534.0559128000168,1.0,1.6982172999996692,,,,,,,,,,,,,,,,,,,,,,13,001,male,21,2024-11-22_15h52.50.384,solo project,2024.2.1post4,60.05198099906737,2024-11-22 15h53.36.909620 +0530,
,,47,47,0,,,,,,,disgust,food,,rattle,old,1.0,1.1668895999900997,,,,,,,,,,,,,,,,,0,47,47,20,,,,,534.0717387000332,,,,,,,,,,,,,,,,,,,,,,,,,,,,,,,,,,,,534.0580351999961,534.0717387000332,534.0717387000332,535.2394704000326,1.0,1.1668895999900997,,,,,,,,,,,,,,,,,,,,,,13,001,male,21,2024-11-22_15h52.50.384,solo project,2024.2.1post4,60.05198099906737,2024-11-22 15h53.36.909620 +0530,
,,48,48,0,,,,,,,None,None,,hand,new,2.0,2.932126200059429,,,,,,,,,,,,,,,,,0,48,48,35,,,,,535.2551782999653,,,,,,,,,,,,,,,,,,,,,,,,,,,,,,,,,,,,535.2419864999829,535.2551782999653,535.2551782999653,538.1892916000215,2.0,2.932126200059429,,,,,,,,,,,,,,,,,,,,,,13,001,male,21,2024-11-22_15h52.50.384,solo project,2024.2.1post4,60.05198099906737,2024-11-22 15h53.36.909620 +0530,
,,49,49,0,,,,,,,None,None,,scissors,new,2.0,1.749021299998276,,,,,,,,,,,,,,,,,0,49,49,48,,,,,538.2051867999835,,,,,,,,,,,,,,,,,,,,,,,,,,,,,,,,,,,,538.1915039999876,538.2051867999835,538.2051867999835,539.9561850000173,2.0,1.749021299998276,,,,,,,,,,,,,,,,,,,,,,13,001,male,21,2024-11-22_15h52.50.384,solo project,2024.2.1post4,60.05198099906737,2024-11-22 15h53.36.909620 +0530,
,,50,50,0,,,,,,,disgust,food,,stiff,old,2.0,1.4649136998923495,,,,,,,,,,,,,,,,,0,50,50,25,,,,,539.9719690999482,,,,,,,,,,,,,,,,,,,,,,,,,,,,,,,,,,,,539.9583310999442,539.9719690999482,539.9719690999482,541.4396278000204,2.0,1.4649136998923495,,,,,,,,,,,,,,,,,,,,,,13,001,male,21,2024-11-22_15h52.50.384,solo project,2024.2.1post4,60.05198099906737,2024-11-22 15h53.36.909620 +0530,
,,51,51,0,,,,,,,neutral,animal,,lighthouse,old,1.0,1.5985322000924498,,,,,,,,,,,,,,,,,0,51,51,9,,,,,541.4549215999432,,,,,,,,,,,,,,,,,,,,,,,,,,,,,,,,,,,,541.4422358999727,541.4549215999432,541.4549215999432,543.0558690000325,1.0,1.5985322000924498,,,,,,,,,,,,,,,,,,,,,,13,001,male,21,2024-11-22_15h52.50.384,solo project,2024.2.1post4,60.05198099906737,2024-11-22 15h53.36.909620 +0530,
,,52,52,0,,,,,,,None,None,,lightbulb,new,2.0,2.149511400028132,,,,,,,,,,,,,,,,,0,52,52,40,,,,,543.0714701999677,,,,,,,,,,,,,,,,,,,,,,,,,,,,,,,,,,,,543.0582437999547,543.0714701999677,543.0714701999677,545.2227726000128,2.0,2.149511400028132,,,,,,,,,,,,,,,,,,,,,,13,001,male,21,2024-11-22_15h52.50.384,solo project,2024.2.1post4,60.05198099906737,2024-11-22 15h53.36.909620 +0530,
,,53,53,0,,,,,,,None,None,,salute,new,2.0,1.3658082999754697,,,,,,,,,,,,,,,,,0,53,53,47,,,,,545.2385591999628,,,,,,,,,,,,,,,,,,,,,,,,,,,,,,,,,,,,545.2255415000254,545.2385591999628,545.2385591999628,546.605924500036,2.0,1.3658082999754697,,,,,,,,,,,,,,,,,,,,,,13,001,male,21,2024-11-22_15h52.50.384,solo project,2024.2.1post4,60.05198099906737,2024-11-22 15h53.36.909620 +0530,
,,54,54,0,,,,,,,disgust,food,,radiator,old,1.0,1.6160526000894606,,,,,,,,,,,,,,,,,0,54,54,18,,,,,546.6221285000211,,,,,,,,,,,,,,,,,,,,,,,,,,,,,,,,,,,,546.6083314999705,546.6221285000211,546.6221285000211,548.2393440000014,1.0,1.6160526000894606,,,,,,,,,,,,,,,,,,,,,,13,001,male,21,2024-11-22_15h52.50.384,solo project,2024.2.1post4,60.05198099906737,2024-11-22 15h53.36.909620 +0530,
,,55,55,0,,,,,,,None,None,,shadow,new,2.0,2.731424600002356,,,,,,,,,,,,,,,,,0,55,55,50,,,,,548.2553710000357,,,,,,,,,,,,,,,,,,,,,,,,,,,,,,,,,,,,548.2417089999653,548.2553710000357,548.2553710000357,550.9895240999758,2.0,2.731424600002356,,,,,,,,,,,,,,,,,,,,,,13,001,male,21,2024-11-22_15h52.50.384,solo project,2024.2.1post4,60.05198099906737,2024-11-22 15h53.36.909620 +0530,
,,56,56,0,,,,,,,None,None,,industry,new,2.0,1.5477080000564456,,,,,,,,,,,,,,,,,0,56,56,38,,,,,551.0046671000309,,,,,,,,,,,,,,,,,,,,,,,,,,,,,,,,,,,,550.9924195000203,551.0046671000309,551.0046671000309,552.5560874999501,2.0,1.5477080000564456,,,,,,,,,,,,,,,,,,,,,,13,001,male,21,2024-11-22_15h52.50.384,solo project,2024.2.1post4,60.05198099906737,2024-11-22 15h53.36.909620 +0530,
,,57,57,0,,,,,,,None,None,,highway,new,2.0,1.6321483000647277,,,,,,,,,,,,,,,,,0,57,57,37,,,,,552.5717885999475,,,,,,,,,,,,,,,,,,,,,,,,,,,,,,,,,,,,552.558418200002,552.5717885999475,552.5717885999475,554.2058417999651,2.0,1.6321483000647277,,,,,,,,,,,,,,,,,,,,,,13,001,male,21,2024-11-22_15h52.50.384,solo project,2024.2.1post4,60.05198099906737,2024-11-22 15h53.36.909620 +0530,
,,58,58,0,,,,,,,neutral,death,,wine,old,1.0,1.749007900012657,,,,,,,,,,,,,,,,,0,58,58,29,,,,,554.2215854999376,,,,,,,,,,,,,,,,,,,,,,,,,,,,,,,,,,,,554.2082346000243,554.2215854999376,554.2215854999376,555.9721189999254,1.0,1.749007900012657,,,,,,,,,,,,,,,,,,,,,,13,001,male,21,2024-11-22_15h52.50.384,solo project,2024.2.1post4,60.05198099906737,2024-11-22 15h53.36.909620 +0530,
,,59,59,0,,,,,,,neutral,body product,,skeptical,old,1.0,1.3823752999305725,,,,,,,,,,,,,,,,,0,59,59,24,,,,,555.988802799955,,,,,,,,,,,,,,,,,,,,,,,,,,,,,,,,,,,,555.9751652999548,555.988802799955,555.988802799955,557.3728331000311,1.0,1.3823752999305725,,,,,,,,,,,,,,,,,,,,,,13,001,male,21,2024-11-22_15h52.50.384,solo project,2024.2.1post4,60.05198099906737,2024-11-22 15h53.36.909620 +0530,
,,,,,,,,,,,,,,,,,,,,,,,,,,,,,,,,,,,,,,,,,,,,,,,,,,,,,,,,,,,,,,,,,,,,,,,,,,,,,,,,,,,,557.373401699937,562.2405222000089,1,[4.851689100032672],[4.851699699996971],,,,,,,,,,,,,,,,,13,001,male,21,2024-11-22_15h52.50.384,solo project,2024.2.1post4,60.05198099906737,2024-11-22 15h53.36.909620 +0530,
,,,,,,,,,,,,,,,,,,,,,,,,,,,,,,,,,,,,,,,,,,,,,,,,,,,,,,,,,,,,,,,,,,,,,,,,,,,,,,,,,,,,,,,,,562.2406198999379,569.0226907000178,space,6.770717700012028,None,,,,,,,,,,,,13,001,male,21,2024-11-22_15h52.50.384,solo project,2024.2.1post4,60.05198099906737,2024-11-22 15h53.36.909620 +0530,
,,,,,,,,,,,,,,,,,,,,,,,,,,,,,,,,,,,,,,,,,,,,,,,,,,,,,,,,,,,,,,,,,,,,,,,,,,,,,,,,,,,,,,,,,,,,,,569.0227417999413,591.9391456999583,space,22.914895600057207,None,,,,,,,13,001,male,21,2024-11-22_15h52.50.384,solo project,2024.2.1post4,60.05198099906737,2024-11-22 15h53.36.909620 +0530,
,,0,0,0,,,,,,,,,,,,,,1,Telephoning in public,0.0,0.0,,,,,,,,,,,,,,,,,0,0,0,0,591.9705908999313,,,,,,,,,,,,,,,,,,,,,,,,,,,,,,,,,,,,,,,,,,,,,,,,,,,,,,,,,591.949983599945,591.9705908999313,591.9705908999313,604.6444054000312,0.0,0.0,13,001,male,21,2024-11-22_15h52.50.384,solo project,2024.2.1post4,60.05198099906737,2024-11-22 15h53.36.909620 +0530,
,,1,1,0,,,,,,,,,,,,,,2,Participating in small groups,0.0,1.0,,,,,,,,,,,,,,,,,0,1,1,1,604.6628842999926,,,,,,,,,,,,,,,,,,,,,,,,,,,,,,,,,,,,,,,,,,,,,,,,,,,,,,,,,604.6483550999546,604.6628842999926,604.6628842999926,613.477674899972,0.0,1.0,13,001,male,21,2024-11-22_15h52.50.384,solo project,2024.2.1post4,60.05198099906737,2024-11-22 15h53.36.909620 +0530,
,,2,2,0,,,,,,,,,,,,,,3,Eating in public places,0.0,1.0,,,,,,,,,,,,,,,,,0,2,2,2,613.4985736999661,,,,,,,,,,,,,,,,,,,,,,,,,,,,,,,,,,,,,,,,,,,,,,,,,,,,,,,,,613.4814235999947,613.4985736999661,613.4985736999661,619.7971868999302,0.0,1.0,13,001,male,21,2024-11-22_15h52.50.384,solo project,2024.2.1post4,60.05198099906737,2024-11-22 15h53.36.909620 +0530,
,,3,3,0,,,,,,,,,,,,,,4,Drinking with others in public places,0.0,3.0,,,,,,,,,,,,,,,,,0,3,3,3,619.8160808000248,,,,,,,,,,,,,,,,,,,,,,,,,,,,,,,,,,,,,,,,,,,,,,,,,,,,,,,,,619.8015571000287,619.8160808000248,619.8160808000248,626.6973743999843,0.0,3.0,13,001,male,21,2024-11-22_15h52.50.384,solo project,2024.2.1post4,60.05198099906737,2024-11-22 15h53.36.909620 +0530,
,,4,4,0,,,,,,,,,,,,,,5,Talking to people in authority,0.0,2.0,,,,,,,,,,,,,,,,,0,4,4,4,626.7151231999742,,,,,,,,,,,,,,,,,,,,,,,,,,,,,,,,,,,,,,,,,,,,,,,,,,,,,,,,,626.7003719999921,626.7151231999742,626.7151231999742,639.7793179999571,0.0,2.0,13,001,male,21,2024-11-22_15h52.50.384,solo project,2024.2.1post4,60.05198099906737,2024-11-22 15h53.36.909620 +0530,
,,5,5,0,,,,,,,,,,,,,,6,"Acting, performing, or giving a talk in front of an audience",0.0,1.0,,,,,,,,,,,,,,,,,0,5,5,5,639.7978898999281,,,,,,,,,,,,,,,,,,,,,,,,,,,,,,,,,,,,,,,,,,,,,,,,,,,,,,,,,639.783437200007,639.7978898999281,639.7978898999281,647.2467780000297,0.0,1.0,13,001,male,21,2024-11-22_15h52.50.384,solo project,2024.2.1post4,60.05198099906737,2024-11-22 15h53.36.909620 +0530,
,,6,6,0,,,,,,,,,,,,,,7,Going to a party,1.0,2.0,,,,,,,,,,,,,,,,,0,6,6,6,647.2653031999944,,,,,,,,,,,,,,,,,,,,,,,,,,,,,,,,,,,,,,,,,,,,,,,,,,,,,,,,,647.2507474999875,647.2653031999944,647.2653031999944,653.0298279999988,1.0,2.0,13,001,male,21,2024-11-22_15h52.50.384,solo project,2024.2.1post4,60.05198099906737,2024-11-22 15h53.36.909620 +0530,
,,7,7,0,,,,,,,,,,,,,,8,Working while being observed,0.0,0.0,,,,,,,,,,,,,,,,,0,7,7,7,653.0474259000039,,,,,,,,,,,,,,,,,,,,,,,,,,,,,,,,,,,,,,,,,,,,,,,,,,,,,,,,,653.0333576999838,653.0474259000039,653.0474259000039,658.4626020999858,0.0,0.0,13,001,male,21,2024-11-22_15h52.50.384,solo project,2024.2.1post4,60.05198099906737,2024-11-22 15h53.36.909620 +0530,
,,8,8,0,,,,,,,,,,,,,,9,Writing while being observed,0.0,0.0,,,,,,,,,,,,,,,,,0,8,8,8,658.4801273000194,,,,,,,,,,,,,,,,,,,,,,,,,,,,,,,,,,,,,,,,,,,,,,,,,,,,,,,,,658.4655412000138,658.4801273000194,658.4801273000194,665.6963367999997,0.0,0.0,13,001,male,21,2024-11-22_15h52.50.384,solo project,2024.2.1post4,60.05198099906737,2024-11-22 15h53.36.909620 +0530,
,,9,9,0,,,,,,,,,,,,,,10,Calling someone you don't know very well,0.0,0.0,,,,,,,,,,,,,,,,,0,9,9,9,665.7154099999461,,,,,,,,,,,,,,,,,,,,,,,,,,,,,,,,,,,,,,,,,,,,,,,,,,,,,,,,,665.7009727000259,665.7154099999461,665.7154099999461,670.712591700023,0.0,0.0,13,001,male,21,2024-11-22_15h52.50.384,solo project,2024.2.1post4,60.05198099906737,2024-11-22 15h53.36.909620 +0530,
,,10,10,0,,,,,,,,,,,,,,11,Talking with people you don't know very well,0.0,2.0,,,,,,,,,,,,,,,,,0,10,10,10,670.7301029999508,,,,,,,,,,,,,,,,,,,,,,,,,,,,,,,,,,,,,,,,,,,,,,,,,,,,,,,,,670.7159551000223,670.7301029999508,670.7301029999508,677.379136399948,0.0,2.0,13,001,male,21,2024-11-22_15h52.50.384,solo project,2024.2.1post4,60.05198099906737,2024-11-22 15h53.36.909620 +0530,
,,11,11,0,,,,,,,,,,,,,,12,Meeting strangers,0.0,2.0,,,,,,,,,,,,,,,,,0,11,11,11,677.397654499975,,,,,,,,,,,,,,,,,,,,,,,,,,,,,,,,,,,,,,,,,,,,,,,,,,,,,,,,,677.3830169999273,677.397654499975,677.397654499975,682.3633850000333,0.0,2.0,13,001,male,21,2024-11-22_15h52.50.384,solo project,2024.2.1post4,60.05198099906737,2024-11-22 15h53.36.909620 +0530,
,,12,12,0,,,,,,,,,,,,,,13,Urinating in a public bathroom,0.0,2.0,,,,,,,,,,,,,,,,,0,12,12,12,682.3815644999268,,,,,,,,,,,,,,,,,,,,,,,,,,,,,,,,,,,,,,,,,,,,,,,,,,,,,,,,,682.3673930999357,682.3815644999268,682.3815644999268,688.4299649000168,0.0,2.0,13,001,male,21,2024-11-22_15h52.50.384,solo project,2024.2.1post4,60.05198099906737,2024-11-22 15h53.36.909620 +0530,
,,13,13,0,,,,,,,,,,,,,,14,Entering a room when others are already seated,0.0,0.0,,,,,,,,,,,,,,,,,0,13,13,13,688.4480720999418,,,,,,,,,,,,,,,,,,,,,,,,,,,,,,,,,,,,,,,,,,,,,,,,,,,,,,,,,688.4339455999434,688.4480720999418,688.4480720999418,699.9967138000065,0.0,0.0,13,001,male,21,2024-11-22_15h52.50.384,solo project,2024.2.1post4,60.05198099906737,2024-11-22 15h53.36.909620 +0530,
,,14,14,0,,,,,,,,,,,,,,15,Being the center of attention,0.0,3.0,,,,,,,,,,,,,,,,,0,14,14,14,700.0164790999843,,,,,,,,,,,,,,,,,,,,,,,,,,,,,,,,,,,,,,,,,,,,,,,,,,,,,,,,,700.0009002999868,700.0164790999843,700.0164790999843,706.9131761000026,0.0,3.0,13,001,male,21,2024-11-22_15h52.50.384,solo project,2024.2.1post4,60.05198099906737,2024-11-22 15h53.36.909620 +0530,
,,15,15,0,,,,,,,,,,,,,,16,Speaking up at a meeting,0.0,3.0,,,,,,,,,,,,,,,,,0,15,15,15,706.9310512000229,,,,,,,,,,,,,,,,,,,,,,,,,,,,,,,,,,,,,,,,,,,,,,,,,,,,,,,,,706.9166846999433,706.9310512000229,706.9310512000229,711.5962812999496,0.0,3.0,13,001,male,21,2024-11-22_15h52.50.384,solo project,2024.2.1post4,60.05198099906737,2024-11-22 15h53.36.909620 +0530,
,,16,16,0,,,,,,,,,,,,,,17,Taking a test,0.0,1.0,,,,,,,,,,,,,,,,,0,16,16,16,711.6137036000146,,,,,,,,,,,,,,,,,,,,,,,,,,,,,,,,,,,,,,,,,,,,,,,,,,,,,,,,,711.5991349000251,711.6137036000146,711.6137036000146,718.9188371000346,0.0,1.0,13,001,male,21,2024-11-22_15h52.50.384,solo project,2024.2.1post4,60.05198099906737,2024-11-22 15h53.36.909620 +0530,
,,17,17,0,,,,,,,,,,,,,,18,Expressing a disagreement or disapproval to people you don’t know very well,0.0,1.0,,,,,,,,,,,,,,,,,0,17,17,17,718.9386520999251,,,,,,,,,,,,,,,,,,,,,,,,,,,,,,,,,,,,,,,,,,,,,,,,,,,,,,,,,718.9243186999811,718.9386520999251,718.9386520999251,730.852286899928,0.0,1.0,13,001,male,21,2024-11-22_15h52.50.384,solo project,2024.2.1post4,60.05198099906737,2024-11-22 15h53.36.909620 +0530,
,,18,18,0,,,,,,,,,,,,,,19,Looking at people you don't know very well in the eyes,0.0,3.0,,,,,,,,,,,,,,,,,0,18,18,18,730.8712946999585,,,,,,,,,,,,,,,,,,,,,,,,,,,,,,,,,,,,,,,,,,,,,,,,,,,,,,,,,730.8569726999849,730.8712946999585,730.8712946999585,735.185248099966,0.0,3.0,13,001,male,21,2024-11-22_15h52.50.384,solo project,2024.2.1post4,60.05198099906737,2024-11-22 15h53.36.909620 +0530,
,,19,19,0,,,,,,,,,,,,,,20,Giving a report to a group,0.0,2.0,,,,,,,,,,,,,,,,,0,19,19,19,735.2024774999591,,,,,,,,,,,,,,,,,,,,,,,,,,,,,,,,,,,,,,,,,,,,,,,,,,,,,,,,,735.1880956999958,735.2024774999591,735.2024774999591,738.9686044999398,0.0,2.0,13,001,male,21,2024-11-22_15h52.50.384,solo project,2024.2.1post4,60.05198099906737,2024-11-22 15h53.36.909620 +0530,
,,20,20,0,,,,,,,,,,,,,,21,Trying to pick up someone,0.0,0.0,,,,,,,,,,,,,,,,,0,20,20,20,738.9861053000204,,,,,,,,,,,,,,,,,,,,,,,,,,,,,,,,,,,,,,,,,,,,,,,,,,,,,,,,,738.9714330999414,738.9861053000204,738.9861053000204,747.8355471999384,0.0,0.0,13,001,male,21,2024-11-22_15h52.50.384,solo project,2024.2.1post4,60.05198099906737,2024-11-22 15h53.36.909620 +0530,
,,21,21,0,,,,,,,,,,,,,,22,Returning goods to a store,0.0,1.0,,,,,,,,,,,,,,,,,0,21,21,21,747.8542283999268,,,,,,,,,,,,,,,,,,,,,,,,,,,,,,,,,,,,,,,,,,,,,,,,,,,,,,,,,747.839486300014,747.8542283999268,747.8542283999268,753.1516586999642,0.0,1.0,13,001,male,21,2024-11-22_15h52.50.384,solo project,2024.2.1post4,60.05198099906737,2024-11-22 15h53.36.909620 +0530,
,,22,22,0,,,,,,,,,,,,,,23,Giving a party,0.0,2.0,,,,,,,,,,,,,,,,,0,22,22,22,753.1681855999632,,,,,,,,,,,,,,,,,,,,,,,,,,,,,,,,,,,,,,,,,,,,,,,,,,,,,,,,,753.1543579000281,753.1681855999632,753.1681855999632,763.5486551999347,0.0,2.0,13,001,male,21,2024-11-22_15h52.50.384,solo project,2024.2.1post4,60.05198099906737,2024-11-22 15h53.36.909620 +0530,
,,23,23,0,,,,,,,,,,,,,,24,Resisting a high pressure salesperson,0.0,2.0,,,,,,,,,,,,,,,,,0,23,23,23,763.5661707000108,,,,,,,,,,,,,,,,,,,,,,,,,,,,,,,,,,,,,,,,,,,,,,,,,,,,,,,,,763.5518352999352,763.5661707000108,763.5661707000108,769.8000432000263,0.0,2.0,13,001,male,21,2024-11-22_15h52.50.384,solo project,2024.2.1post4,60.05198099906737,2024-11-22 15h53.36.909620 +0530,
