﻿no_per,dsr_per,thisN,thisTrialN,thisRepN,slider.response,slider.rt,no_exp,dsr_exp,slider_2.response,imagefile,type,subtype,study_word,test_word,old_new,slider_3.response,slider_3.rt,lsas_no,lsas_situation,slider_4.response,slider_5.response,trials.thisRepN,trials.thisTrialN,trials.thisN,trials.thisIndex,trials_2.thisRepN,trials_2.thisTrialN,trials_2.thisN,trials_2.thisIndex,trials_3.thisRepN,trials_3.thisTrialN,trials_3.thisN,trials_3.thisIndex,trials_4.thisRepN,trials_4.thisTrialN,trials_4.thisN,trials_4.thisIndex,trials_5.thisRepN,trials_5.thisTrialN,trials_5.thisN,trials_5.thisIndex,thisRow.t,notes,consent.started,consent.stopped,button.numClicks,button.timesOn,button.timesOff,dsr_personal.started,text.started,question.started,slider.started,dsr_personal.stopped,trials.slider.response,trials.slider.rt,dsr_experience.started,dsr_experience.stopped,trials_2.slider_2.response,instr.started,instr.stopped,key_resp.keys,key_resp.rt,key_resp.duration,encoding.started,fixation.started,study_image.started,studyword.started,fixation.stopped,study_image.stopped,studyword.stopped,encoding.stopped,test_instruction.started,key_resp_2.started,test_instruction.stopped,key_resp_2.keys,key_resp_2.rt,key_resp_2.duration,testing.started,t_word.started,slider_3.started,testing.stopped,trials_4.slider_3.response,trials_4.slider_3.rt,end.started,end.stopped,button_2.numClicks,button_2.timesOn,button_2.timesOff,brk.started,brk.stopped,key_resp_3.keys,key_resp_3.rt,key_resp_3.duration,lsas_instr.started,lsas_instr.stopped,key_resp_4.keys,key_resp_4.rt,key_resp_4.duration,lsas.started,text_2.started,text_3.started,lsas.stopped,trials_5.slider_4.response,trials_5.slider_5.response,participant,session,sex,age,date,expName,psychopyVersion,frameRate,expStart,
,,,,,,,,,,,,,,,,,,,,,,,,,,,,,,,,,,,,,,,,,,,,0.007431400008499622,16.32784000004176,1,[16.313488299958408],[16.31349950004369],,,,,,,,,,,,,,,,,,,,,,,,,,,,,,,,,,,,,,,,,,,,,,,,,,,,,,,,,14,001,male,21,2024-11-22_16h12.36.680,solo project,2024.2.1post4,59.293166154341044,2024-11-22 16h13.15.693745 +0530,
1,"I might be willing to try eating monkey meat, under some circumstances.",0,0,0,3.0,8.364985200110823,,,,,,,,,,,,,,,,0,0,0,0,,,,,,,,,,,,,,,,,16.362819600035436,,,,,,,16.349291100050323,16.362819600035436,16.362819600035436,16.362819600035436,24.72974109998904,3.0,8.364985200110823,,,,,,,,,,,,,,,,,,,,,,,,,,,,,,,,,,,,,,,,,,,,,,,,,,14,001,male,21,2024-11-22_16h12.36.680,solo project,2024.2.1post4,59.293166154341044,2024-11-22 16h13.15.693745 +0530,
2,It would bother me to be in a science class and to see a human preserved in a jar.,1,1,0,0.0,7.34566160000395,,,,,,,,,,,,,,,,0,1,1,1,,,,,,,,,,,,,,,,,24.745517800096422,,,,,,,24.735343200038187,24.745517800096422,24.745517800096422,24.745517800096422,32.096674200030975,0.0,7.34566160000395,,,,,,,,,,,,,,,,,,,,,,,,,,,,,,,,,,,,,,,,,,,,,,,,,,14,001,male,21,2024-11-22_16h12.36.680,solo project,2024.2.1post4,59.293166154341044,2024-11-22 16h13.15.693745 +0530,
3,It bothers me to hear someone clear a throat full of mucous.,2,2,0,4.0,4.2133649999741465,,,,,,,,,,,,,,,,0,2,2,2,,,,,,,,,,,,,,,,,32.11191710003186,,,,,,,32.10095180000644,32.11191710003186,32.11191710003186,32.11191710003186,36.329385000048205,4.0,4.2133649999741465,,,,,,,,,,,,,,,,,,,,,,,,,,,,,,,,,,,,,,,,,,,,,,,,,,14,001,male,21,2024-11-22_16h12.36.680,solo project,2024.2.1post4,59.293166154341044,2024-11-22 16h13.15.693745 +0530,
4,I never let any part of my body touch the toilet seat in public restrooms.,3,3,0,4.0,5.064827500027604,,,,,,,,,,,,,,,,0,3,3,3,,,,,,,,,,,,,,,,,36.34516020002775,,,,,,,36.332856800057925,36.34516020002775,36.34516020002775,36.34516020002775,41.41333300003316,4.0,5.064827500027604,,,,,,,,,,,,,,,,,,,,,,,,,,,,,,,,,,,,,,,,,,,,,,,,,,14,001,male,21,2024-11-22_16h12.36.680,solo project,2024.2.1post4,59.293166154341044,2024-11-22 16h13.15.693745 +0530,
5,I would go out of my way to avoid walking through a graveyard.,4,4,0,4.0,0.4319725000532344,,,,,,,,,,,,,,,,0,4,4,4,,,,,,,,,,,,,,,,,41.42903920006938,,,,,,,41.416445000097156,41.42903920006938,41.42903920006938,41.42903920006938,41.86285320005845,4.0,0.4319725000532344,,,,,,,,,,,,,,,,,,,,,,,,,,,,,,,,,,,,,,,,,,,,,,,,,,14,001,male,21,2024-11-22_16h12.36.680,solo project,2024.2.1post4,59.293166154341044,2024-11-22 16h13.15.693745 +0530,
6,Seeing a cockroach in someone else's house doesn't bother me.,5,5,0,0.0,7.962195800035261,,,,,,,,,,,,,,,,0,5,5,5,,,,,,,,,,,,,,,,,41.87840829999186,,,,,,,41.868118600104935,41.87840829999186,41.87840829999186,41.87840829999186,49.846286999993026,0.0,7.962195800035261,,,,,,,,,,,,,,,,,,,,,,,,,,,,,,,,,,,,,,,,,,,,,,,,,,14,001,male,21,2024-11-22_16h12.36.680,solo project,2024.2.1post4,59.293166154341044,2024-11-22 16h13.15.693745 +0530,
7,It would bother me tremendously to touch a dead body.,6,6,0,3.0,5.881403099978343,,,,,,,,,,,,,,,,0,6,6,6,,,,,,,,,,,,,,,,,49.861704600043595,,,,,,,49.84944110002834,49.861704600043595,49.861704600043595,49.861704600043595,55.74641150003299,3.0,5.881403099978343,,,,,,,,,,,,,,,,,,,,,,,,,,,,,,,,,,,,,,,,,,,,,,,,,,14,001,male,21,2024-11-22_16h12.36.680,solo project,2024.2.1post4,59.293166154341044,2024-11-22 16h13.15.693745 +0530,
8,"If I see someone vomit, it makes me sick to my stomach.",7,7,0,4.0,2.7644946000073105,,,,,,,,,,,,,,,,0,7,7,7,,,,,,,,,,,,,,,,,55.761810500058345,,,,,,,55.75011520006228,55.761810500058345,55.761810500058345,55.761810500058345,58.529957800055854,4.0,2.7644946000073105,,,,,,,,,,,,,,,,,,,,,,,,,,,,,,,,,,,,,,,,,,,,,,,,,,14,001,male,21,2024-11-22_16h12.36.680,solo project,2024.2.1post4,59.293166154341044,2024-11-22 16h13.15.693745 +0530,
9,I probably would not go to my favorite restaurant if I found out that the cook had a cold.,8,8,0,3.0,5.713242499972694,,,,,,,,,,,,,,,,0,8,8,8,,,,,,,,,,,,,,,,,58.54517240007408,,,,,,,58.53378739999607,58.54517240007408,58.54517240007408,58.54517240007408,64.26259360008407,3.0,5.713242499972694,,,,,,,,,,,,,,,,,,,,,,,,,,,,,,,,,,,,,,,,,,,,,,,,,,14,001,male,21,2024-11-22_16h12.36.680,solo project,2024.2.1post4,59.293166154341044,2024-11-22 16h13.15.693745 +0530,
10,It would not upset me at all to watch a person with a glass eye take the eye out of the socket.,9,9,0,4.0,11.72993370005861,,,,,,,,,,,,,,,,0,9,9,9,,,,,,,,,,,,,,,,,64.27806929999497,,,,,,,64.26652190007735,64.27806929999497,64.27806929999497,64.27806929999497,76.01251030003186,4.0,11.72993370005861,,,,,,,,,,,,,,,,,,,,,,,,,,,,,,,,,,,,,,,,,,,,,,,,,,14,001,male,21,2024-11-22_16h12.36.680,solo project,2024.2.1post4,59.293166154341044,2024-11-22 16h13.15.693745 +0530,
11,It would bother me to see a rat run across my path in a park.,10,10,0,2.0,4.648656600038521,,,,,,,,,,,,,,,,0,10,10,10,,,,,,,,,,,,,,,,,76.02793730003759,,,,,,,76.01560680009425,76.02793730003759,76.02793730003759,76.02793730003759,80.67921229999047,2.0,4.648656600038521,,,,,,,,,,,,,,,,,,,,,,,,,,,,,,,,,,,,,,,,,,,,,,,,,,14,001,male,21,2024-11-22_16h12.36.680,solo project,2024.2.1post4,59.293166154341044,2024-11-22 16h13.15.693745 +0530,
12,I would rather eat a piece of fruit than a piece of paper.,11,11,0,3.0,3.981147399987094,,,,,,,,,,,,,,,,0,11,11,11,,,,,,,,,,,,,,,,,80.6947635000106,,,,,,,80.68262010009494,80.6947635000106,80.6947635000106,80.6947635000106,84.67917880008463,3.0,3.981147399987094,,,,,,,,,,,,,,,,,,,,,,,,,,,,,,,,,,,,,,,,,,,,,,,,,,14,001,male,21,2024-11-22_16h12.36.680,solo project,2024.2.1post4,59.293166154341044,2024-11-22 16h13.15.693745 +0530,
13,"Even if I was hungry, I would not drink a bowl of my favorite soup if It had been stirred by a used but thoroughly washed flyswatter.",12,12,0,1.0,10.011089799925685,,,,,,,,,,,,,,,,0,12,12,12,,,,,,,,,,,,,,,,,84.69622290006373,,,,,,,84.68583730002865,84.69622290006373,84.69622290006373,84.69622290006373,94.7120252000168,1.0,10.011089799925685,,,,,,,,,,,,,,,,,,,,,,,,,,,,,,,,,,,,,,,,,,,,,,,,,,14,001,male,21,2024-11-22_16h12.36.680,solo project,2024.2.1post4,59.293166154341044,2024-11-22 16h13.15.693745 +0530,
14,It would bother me to sleep in a nice hotel room if I knew that a man had died of a heart attack in that room the night before.,13,13,0,1.0,12.4129950000206,,,,,,,,,,,,,,,,0,13,13,13,,,,,,,,,,,,,,,,,94.72794200002681,,,,,,,94.71683430008125,94.72794200002681,94.72794200002681,94.72794200002681,107.14538760005962,1.0,12.4129950000206,,,,,,,,,,,,,,,,,,,,,,,,,,,,,,,,,,,,,,,,,,,,,,,,,,14,001,male,21,2024-11-22_16h12.36.680,solo project,2024.2.1post4,59.293166154341044,2024-11-22 16h13.15.693745 +0530,
,,0,0,0,,,15,You see maggots on a piece of meat in an outdoor or garbage pail.,4.0,,,,,,,,,,,,,,,,,0,0,0,0,,,,,,,,,,,,,107.1677548000589,,,,,,,,,,,,,,107.15449540002737,119.49539440008812,4.0,,,,,,,,,,,,,,,,,,,,,,,,,,,,,,,,,,,,,,,,,,,,,,,14,001,male,21,2024-11-22_16h12.36.680,solo project,2024.2.1post4,59.293166154341044,2024-11-22 16h13.15.693745 +0530,
,,1,1,0,,,16,You see person eating apple with a knife and fork.,2.0,,,,,,,,,,,,,,,,,0,1,1,1,,,,,,,,,,,,,119.51126090006437,,,,,,,,,,,,,,119.49845830001868,123.69520910002757,2.0,,,,,,,,,,,,,,,,,,,,,,,,,,,,,,,,,,,,,,,,,,,,,,,14,001,male,21,2024-11-22_16h12.36.680,solo project,2024.2.1post4,59.293166154341044,2024-11-22 16h13.15.693745 +0530,
,,2,2,0,,,17,"While you are walking through a tunner under a railroad track, you smell urine.",4.0,,,,,,,,,,,,,,,,,0,2,2,2,,,,,,,,,,,,,123.71057830005884,,,,,,,,,,,,,,123.70014060009271,134.5285155000165,4.0,,,,,,,,,,,,,,,,,,,,,,,,,,,,,,,,,,,,,,,,,,,,,,,14,001,male,21,2024-11-22_16h12.36.680,solo project,2024.2.1post4,59.293166154341044,2024-11-22 16h13.15.693745 +0530,
,,3,3,0,,,18,"You take a sip of soda, an then realize that you drank from the glass that an acquaintance of yours had been drinking from.",2.0,,,,,,,,,,,,,,,,,0,3,3,3,,,,,,,,,,,,,134.54582700005267,,,,,,,,,,,,,,134.53531780000776,140.89487300009932,2.0,,,,,,,,,,,,,,,,,,,,,,,,,,,,,,,,,,,,,,,,,,,,,,,14,001,male,21,2024-11-22_16h12.36.680,solo project,2024.2.1post4,59.293166154341044,2024-11-22 16h13.15.693745 +0530,
,,4,4,0,,,19,"Your friend's pet cat dies, and you have to pick up the dead body with your bare hands.",4.0,,,,,,,,,,,,,,,,,0,4,4,4,,,,,,,,,,,,,140.91088730003685,,,,,,,,,,,,,,140.89888100000098,151.11144990008324,4.0,,,,,,,,,,,,,,,,,,,,,,,,,,,,,,,,,,,,,,,,,,,,,,,14,001,male,21,2024-11-22_16h12.36.680,solo project,2024.2.1post4,59.293166154341044,2024-11-22 16h13.15.693745 +0530,
,,5,5,0,,,20,You see someone put ketchup on vanilla ice cream and eat it.,4.0,,,,,,,,,,,,,,,,,0,5,5,5,,,,,,,,,,,,,151.1274033000227,,,,,,,,,,,,,,151.11502760008443,153.65330230002292,4.0,,,,,,,,,,,,,,,,,,,,,,,,,,,,,,,,,,,,,,,,,,,,,,,14,001,male,21,2024-11-22_16h12.36.680,solo project,2024.2.1post4,59.293166154341044,2024-11-22 16h13.15.693745 +0530,
,,6,6,0,,,21,You see a man with his intestines exposed after an accident.,1.0,,,,,,,,,,,,,,,,,0,6,6,6,,,,,,,,,,,,,153.67547120002564,,,,,,,,,,,,,,153.6589602000313,158.53424290008843,1.0,,,,,,,,,,,,,,,,,,,,,,,,,,,,,,,,,,,,,,,,,,,,,,,14,001,male,21,2024-11-22_16h12.36.680,solo project,2024.2.1post4,59.293166154341044,2024-11-22 16h13.15.693745 +0530,
,,7,7,0,,,22,You discover that a friend of yours changes underwear only once a week.,4.0,,,,,,,,,,,,,,,,,0,7,7,7,,,,,,,,,,,,,158.55415260000154,,,,,,,,,,,,,,158.5388498000102,162.98049270000774,4.0,,,,,,,,,,,,,,,,,,,,,,,,,,,,,,,,,,,,,,,,,,,,,,,14,001,male,21,2024-11-22_16h12.36.680,solo project,2024.2.1post4,59.293166154341044,2024-11-22 16h13.15.693745 +0530,
,,8,8,0,,,23,A friend offers you a piece of chocolate shaped like dog-doo.,4.0,,,,,,,,,,,,,,,,,0,8,8,8,,,,,,,,,,,,,162.9972389000468,,,,,,,,,,,,,,162.98590620001778,170.8796161999926,4.0,,,,,,,,,,,,,,,,,,,,,,,,,,,,,,,,,,,,,,,,,,,,,,,14,001,male,21,2024-11-22_16h12.36.680,solo project,2024.2.1post4,59.293166154341044,2024-11-22 16h13.15.693745 +0530,
,,9,9,0,,,24,You accidentally touch the ashes of a person who has been cremated.,2.0,,,,,,,,,,,,,,,,,0,9,9,9,,,,,,,,,,,,,170.895605500089,,,,,,,,,,,,,,170.8830406999914,174.4963372000493,2.0,,,,,,,,,,,,,,,,,,,,,,,,,,,,,,,,,,,,,,,,,,,,,,,14,001,male,21,2024-11-22_16h12.36.680,solo project,2024.2.1post4,59.293166154341044,2024-11-22 16h13.15.693745 +0530,
,,10,10,0,,,25,You are about to drink a glass of milk when you smell that it is spoiled.,4.0,,,,,,,,,,,,,,,,,0,10,10,10,,,,,,,,,,,,,174.51216440007556,,,,,,,,,,,,,,174.4999325000681,178.06304580008145,4.0,,,,,,,,,,,,,,,,,,,,,,,,,,,,,,,,,,,,,,,,,,,,,,,14,001,male,21,2024-11-22_16h12.36.680,solo project,2024.2.1post4,59.293166154341044,2024-11-22 16h13.15.693745 +0530,
,,11,11,0,,,26,"As a part of a sex education class, you are required to inflate a new unlubricated condom using your mouth.",3.0,,,,,,,,,,,,,,,,,0,11,11,11,,,,,,,,,,,,,178.0785576000344,,,,,,,,,,,,,,178.06744670006447,186.07955610007048,3.0,,,,,,,,,,,,,,,,,,,,,,,,,,,,,,,,,,,,,,,,,,,,,,,14,001,male,21,2024-11-22_16h12.36.680,solo project,2024.2.1post4,59.293166154341044,2024-11-22 16h13.15.693745 +0530,
,,12,12,0,,,27,"You are walking barefoot on concrete, and you step on an earthworm.",4.0,,,,,,,,,,,,,,,,,0,12,12,12,,,,,,,,,,,,,186.0951158000389,,,,,,,,,,,,,,186.08314080000855,189.47941310005262,4.0,,,,,,,,,,,,,,,,,,,,,,,,,,,,,,,,,,,,,,,,,,,,,,,14,001,male,21,2024-11-22_16h12.36.680,solo project,2024.2.1post4,59.293166154341044,2024-11-22 16h13.15.693745 +0530,
,,,,,,,,,,,,,,,,,,,,,,,,,,,,,,,,,,,,,,,,,,,,,,,,,,,,,,,,,,,189.47949300007895,196.91646620002575,space,7.425835400004871,None,,,,,,,,,,,,,,,,,,,,,,,,,,,,,,,,,,,,,,,,,,14,001,male,21,2024-11-22_16h12.36.680,solo project,2024.2.1post4,59.293166154341044,2024-11-22 16h13.15.693745 +0530,
,,0,0,0,,,,,,images/1062_animals_lum.jpg,disgust,animal,ennui,,,,,,,,,,,,,,,,,0,0,0,3,,,,,,,,,196.94569120008964,,,,,,,,,,,,,,,,,,,,,,196.9415486000944,196.94569120008964,197.9318412001012,197.9318412001012,197.94842930010054,199.93540250009391,199.93540250009391,199.91627550008707,,,,,,,,,,,,,,,,,,,,,,,,,,,,,,,,,,14,001,male,21,2024-11-22_16h12.36.680,solo project,2024.2.1post4,59.293166154341044,2024-11-22 16h13.15.693745 +0530,
,,1,1,0,,,,,,images/1143_body products neutral_lum.jpg,neutral,body product,invest,,,,,,,,,,,,,,,,,0,1,1,6,,,,,,,,,199.93540250009391,,,,,,,,,,,,,,,,,,,,,,199.93243070004974,199.93540250009391,200.93160950008314,200.93160950008314,200.94832339999266,202.93610040005296,202.93610040005296,202.91588920005597,,,,,,,,,,,,,,,,,,,,,,,,,,,,,,,,,,14,001,male,21,2024-11-22_16h12.36.680,solo project,2024.2.1post4,59.293166154341044,2024-11-22 16h13.15.693745 +0530,
,,2,2,0,,,,,,images/1107_body products_lum.jpg,disgust,body product,passage,,,,,,,,,,,,,,,,,0,2,2,16,,,,,,,,,202.93610040005296,,,,,,,,,,,,,,,,,,,,,,202.93274190009106,202.93610040005296,203.93147390009835,203.93147390009835,203.94831430003978,205.93497180007398,205.93497180007398,205.91573030001018,,,,,,,,,,,,,,,,,,,,,,,,,,,,,,,,,,14,001,male,21,2024-11-22_16h12.36.680,solo project,2024.2.1post4,59.293166154341044,2024-11-22 16h13.15.693745 +0530,
,,3,3,0,,,,,,images/1044_food_neutral_lum.jpg,neutral,food,custom,,,,,,,,,,,,,,,,,0,3,3,1,,,,,,,,,205.93497180007398,,,,,,,,,,,,,,,,,,,,,,205.9319405000424,205.93497180007398,206.9321465000976,206.9321465000976,206.94865100004245,208.934318200103,208.934318200103,208.91552610008512,,,,,,,,,,,,,,,,,,,,,,,,,,,,,,,,,,14,001,male,21,2024-11-22_16h12.36.680,solo project,2024.2.1post4,59.293166154341044,2024-11-22 16h13.15.693745 +0530,
,,4,4,0,,,,,,images/1271_hygiene_lum.jpg,disgust,hygeine,limber,,,,,,,,,,,,,,,,,0,4,4,10,,,,,,,,,208.934318200103,,,,,,,,,,,,,,,,,,,,,,208.9312162999995,208.934318200103,209.931278700009,209.931278700009,209.948693000013,211.93348610005341,211.93348610005341,211.91513159999158,,,,,,,,,,,,,,,,,,,,,,,,,,,,,,,,,,14,001,male,21,2024-11-22_16h12.36.680,solo project,2024.2.1post4,59.293166154341044,2024-11-22 16h13.15.693745 +0530,
,,5,5,0,,,,,,images/1250_death neutral_lum.jpg,neutral,death,neurotic,,,,,,,,,,,,,,,,,0,5,5,14,,,,,,,,,211.93348610005341,,,,,,,,,,,,,,,,,,,,,,211.92854620004073,211.93348610005341,212.93145810009446,212.93145810009446,212.94813100004103,214.93416380009148,214.93416380009148,214.91586649999954,,,,,,,,,,,,,,,,,,,,,,,,,,,,,,,,,,14,001,male,21,2024-11-22_16h12.36.680,solo project,2024.2.1post4,59.293166154341044,2024-11-22 16h13.15.693745 +0530,
,,6,6,0,,,,,,images/1192_injuries_infections neutral_lum.jpg,neutral,injury/infection,stove,,,,,,,,,,,,,,,,,0,6,6,26,,,,,,,,,214.93416380009148,,,,,,,,,,,,,,,,,,,,,,214.92922900000121,214.93416380009148,215.9316520000575,215.9316520000575,215.9482066000346,217.93387380009517,217.93387380009517,217.91540150006767,,,,,,,,,,,,,,,,,,,,,,,,,,,,,,,,,,14,001,male,21,2024-11-22_16h12.36.680,solo project,2024.2.1post4,59.293166154341044,2024-11-22 16h13.15.693745 +0530,
,,7,7,0,,,,,,images/1041_food_neutral_lum.jpg,neutral,food,trumpet,,,,,,,,,,,,,,,,,0,7,7,27,,,,,,,,,217.93387380009517,,,,,,,,,,,,,,,,,,,,,,217.92879220005125,217.93387380009517,218.93178880005144,218.93178880005144,218.94805960007943,220.93329860002268,220.93329860002268,220.9152930000564,,,,,,,,,,,,,,,,,,,,,,,,,,,,,,,,,,14,001,male,21,2024-11-22_16h12.36.680,solo project,2024.2.1post4,59.293166154341044,2024-11-22 16h13.15.693745 +0530,
,,8,8,0,,,,,,images/1153_injuries_infections_lum.jpg,disgust,injury/infection,elevator,,,,,,,,,,,,,,,,,0,8,8,2,,,,,,,,,220.93329860002268,,,,,,,,,,,,,,,,,,,,,,220.92812010005582,220.93329860002268,221.93147950002458,221.93147950002458,221.94819350005127,223.9320558999898,223.9320558999898,223.91522369999439,,,,,,,,,,,,,,,,,,,,,,,,,,,,,,,,,,14,001,male,21,2024-11-22_16h12.36.680,solo project,2024.2.1post4,59.293166154341044,2024-11-22 16h13.15.693745 +0530,
,,9,9,0,,,,,,images/1093_animals_neutral_lum.jpg,neutral,animal,lighthouse,,,,,,,,,,,,,,,,,0,9,9,9,,,,,,,,,223.9320558999898,,,,,,,,,,,,,,,,,,,,,,223.9288997000549,223.9320558999898,224.9312453001039,224.9312453001039,224.94766290008556,226.93340219999664,226.93340219999664,226.91538990009576,,,,,,,,,,,,,,,,,,,,,,,,,,,,,,,,,,14,001,male,21,2024-11-22_16h12.36.680,solo project,2024.2.1post4,59.293166154341044,2024-11-22 16h13.15.693745 +0530,
,,10,10,0,,,,,,images/1001_food_lum.jpg,disgust,food,radiator,,,,,,,,,,,,,,,,,0,10,10,18,,,,,,,,,226.93340219999664,,,,,,,,,,,,,,,,,,,,,,226.9300777000608,226.93340219999664,227.93154160003178,227.93154160003178,227.94826110010035,229.93326499999966,229.93326499999966,229.91545050009154,,,,,,,,,,,,,,,,,,,,,,,,,,,,,,,,,,14,001,male,21,2024-11-22_16h12.36.680,solo project,2024.2.1post4,59.293166154341044,2024-11-22 16h13.15.693745 +0530,
,,11,11,0,,,,,,images/1299_hygiene neutral_lum.jpg,neutral,hygeine,rancid,,,,,,,,,,,,,,,,,0,11,11,19,,,,,,,,,229.93326499999966,,,,,,,,,,,,,,,,,,,,,,229.92844730010256,229.93326499999966,230.9314554000739,230.9314554000739,230.94834630005062,232.93378660001326,232.93378660001326,232.9149228000315,,,,,,,,,,,,,,,,,,,,,,,,,,,,,,,,,,14,001,male,21,2024-11-22_16h12.36.680,solo project,2024.2.1post4,59.293166154341044,2024-11-22 16h13.15.693745 +0530,
,,12,12,0,,,,,,images/1118_body products_lum.jpg,disgust,body product,reverent,,,,,,,,,,,,,,,,,0,12,12,22,,,,,,,,,232.93378660001326,,,,,,,,,,,,,,,,,,,,,,232.9285918000387,232.93378660001326,233.93102960009128,233.93102960009128,233.94771900004707,235.9326982999919,235.9326982999919,235.91498390003107,,,,,,,,,,,,,,,,,,,,,,,,,,,,,,,,,,14,001,male,21,2024-11-22_16h12.36.680,solo project,2024.2.1post4,59.293166154341044,2024-11-22 16h13.15.693745 +0530,
,,13,13,0,,,,,,images/1013_food_lum.jpg,disgust,food,stiff,,,,,,,,,,,,,,,,,0,13,13,25,,,,,,,,,235.9326982999919,,,,,,,,,,,,,,,,,,,,,,235.92942070006393,235.9326982999919,236.93138520000502,236.93138520000502,236.947443400044,238.93306599999778,238.93306599999778,238.914960800088,,,,,,,,,,,,,,,,,,,,,,,,,,,,,,,,,,14,001,male,21,2024-11-22_16h12.36.680,solo project,2024.2.1post4,59.293166154341044,2024-11-22 16h13.15.693745 +0530,
,,14,14,0,,,,,,images/1200_injuries_infections neutral_lum.jpg,neutral,injury/infection,village,,,,,,,,,,,,,,,,,0,14,14,28,,,,,,,,,238.93306599999778,,,,,,,,,,,,,,,,,,,,,,238.9275665000314,238.93306599999778,239.93104100006167,239.93104100006167,239.94799700006843,241.93375319999177,241.93375319999177,241.91483390005305,,,,,,,,,,,,,,,,,,,,,,,,,,,,,,,,,,14,001,male,21,2024-11-22_16h12.36.680,solo project,2024.2.1post4,59.293166154341044,2024-11-22 16h13.15.693745 +0530,
,,15,15,0,,,,,,images/1054_animals_lum.jpg,disgust,animal,serious,,,,,,,,,,,,,,,,,0,15,15,23,,,,,,,,,241.93375319999177,,,,,,,,,,,,,,,,,,,,,,241.9286950000096,241.93375319999177,242.93135120009538,242.93135120009538,242.94776200002525,244.93294020008761,244.93294020008761,244.9148273000028,,,,,,,,,,,,,,,,,,,,,,,,,,,,,,,,,,14,001,male,21,2024-11-22_16h12.36.680,solo project,2024.2.1post4,59.293166154341044,2024-11-22 16h13.15.693745 +0530,
,,16,16,0,,,,,,images/1032_food_lum.jpg,disgust,food,rattle,,,,,,,,,,,,,,,,,0,16,16,20,,,,,,,,,244.93294020008761,,,,,,,,,,,,,,,,,,,,,,244.92809800000396,244.93294020008761,245.93115000007674,245.93115000007674,245.94781919999514,247.934630200034,247.934630200034,247.9150728000095,,,,,,,,,,,,,,,,,,,,,,,,,,,,,,,,,,14,001,male,21,2024-11-22_16h12.36.680,solo project,2024.2.1post4,59.293166154341044,2024-11-22 16h13.15.693745 +0530,
,,17,17,0,,,,,,images/1202_death_lum.jpg,disgust,death,lantern,,,,,,,,,,,,,,,,,0,17,17,8,,,,,,,,,247.934630200034,,,,,,,,,,,,,,,,,,,,,,247.92975200002547,247.934630200034,248.9314130001003,248.9314130001003,248.94767050002702,250.93180280004162,250.93180280004162,250.91430360008962,,,,,,,,,,,,,,,,,,,,,,,,,,,,,,,,,,14,001,male,21,2024-11-22_16h12.36.680,solo project,2024.2.1post4,59.293166154341044,2024-11-22 16h13.15.693745 +0530,
,,18,18,0,,,,,,images/1149_body products neutral_lum.jpg,neutral,body product,skeptical,,,,,,,,,,,,,,,,,0,18,18,24,,,,,,,,,250.93180280004162,,,,,,,,,,,,,,,,,,,,,,250.92862580006476,250.93180280004162,251.9309695000993,251.9309695000993,251.94738710008096,253.93465390009806,253.93465390009806,253.91509410005528,,,,,,,,,,,,,,,,,,,,,,,,,,,,,,,,,,14,001,male,21,2024-11-22_16h12.36.680,solo project,2024.2.1post4,59.293166154341044,2024-11-22 16h13.15.693745 +0530,
,,19,19,0,,,,,,images/1099_animals_neutral_lum.jpg,neutral,animal,coast,,,,,,,,,,,,,,,,,0,19,19,0,,,,,,,,,253.93465390009806,,,,,,,,,,,,,,,,,,,,,,253.92956810002215,253.93465390009806,254.9308520000195,254.9308520000195,254.94740080006886,256.93227150000166,256.93227150000166,256.91469240002334,,,,,,,,,,,,,,,,,,,,,,,,,,,,,,,,,,14,001,male,21,2024-11-22_16h12.36.680,solo project,2024.2.1post4,59.293166154341044,2024-11-22 16h13.15.693745 +0530,
,,20,20,0,,,,,,images/1146_body products neutral_lum.jpg,neutral,body product,reptile,,,,,,,,,,,,,,,,,0,20,20,21,,,,,,,,,256.93227150000166,,,,,,,,,,,,,,,,,,,,,,256.9275388000533,256.93227150000166,257.93085730005987,257.93085730005987,257.9477505000541,259.9351190000307,259.9351190000307,259.91512650006916,,,,,,,,,,,,,,,,,,,,,,,,,,,,,,,,,,14,001,male,21,2024-11-22_16h12.36.680,solo project,2024.2.1post4,59.293166154341044,2024-11-22 16h13.15.693745 +0530,
,,21,21,0,,,,,,images/1104_body products_lum.jpg,disgust,body product,material,,,,,,,,,,,,,,,,,0,21,21,12,,,,,,,,,259.9351190000307,,,,,,,,,,,,,,,,,,,,,,259.930200300063,259.9351190000307,260.9306834000163,260.9306834000163,260.94724040001165,262.9334315001033,262.9334315001033,262.91480990010314,,,,,,,,,,,,,,,,,,,,,,,,,,,,,,,,,,14,001,male,21,2024-11-22_16h12.36.680,solo project,2024.2.1post4,59.293166154341044,2024-11-22 16h13.15.693745 +0530,
,,22,22,0,,,,,,images/1253_hygiene_lum.jpg,disgust,hygeine,manner,,,,,,,,,,,,,,,,,0,22,22,11,,,,,,,,,262.9334315001033,,,,,,,,,,,,,,,,,,,,,,262.92826539999805,262.9334315001033,263.93105190002825,263.93105190002825,263.9479549000971,265.9338711000746,265.9338711000746,265.9145023000892,,,,,,,,,,,,,,,,,,,,,,,,,,,,,,,,,,14,001,male,21,2024-11-22_16h12.36.680,solo project,2024.2.1post4,59.293166154341044,2024-11-22 16h13.15.693745 +0530,
,,23,23,0,,,,,,images/1223_death_lum.jpg,disgust,death,mischief,,,,,,,,,,,,,,,,,0,23,23,13,,,,,,,,,265.9338711000746,,,,,,,,,,,,,,,,,,,,,,265.92879480007105,265.9338711000746,266.9308939999901,266.9308939999901,266.947524700081,268.9339212999912,268.9339212999912,268.91483780008275,,,,,,,,,,,,,,,,,,,,,,,,,,,,,,,,,,14,001,male,21,2024-11-22_16h12.36.680,solo project,2024.2.1post4,59.293166154341044,2024-11-22 16h13.15.693745 +0530,
,,24,24,0,,,,,,images/1165_injuries_infections_lum.jpg,disgust,injury/infection,glacier,,,,,,,,,,,,,,,,,0,24,24,4,,,,,,,,,268.9339212999912,,,,,,,,,,,,,,,,,,,,,,268.9291663999902,268.9339212999912,269.93037680001,269.93037680001,269.94724740006495,271.9318893000018,271.9318893000018,271.9149359000148,,,,,,,,,,,,,,,,,,,,,,,,,,,,,,,,,,14,001,male,21,2024-11-22_16h12.36.680,solo project,2024.2.1post4,59.293166154341044,2024-11-22 16h13.15.693745 +0530,
,,25,25,0,,,,,,images/1100_animals_neutral_lum.jpg,neutral,animal,nursery,,,,,,,,,,,,,,,,,0,25,25,15,,,,,,,,,271.9318893000018,,,,,,,,,,,,,,,,,,,,,,271.9283515000716,271.9318893000018,272.93114970007446,272.93114970007446,272.947416500072,274.93311550002545,274.93311550002545,274.9147493999917,,,,,,,,,,,,,,,,,,,,,,,,,,,,,,,,,,14,001,male,21,2024-11-22_16h12.36.680,solo project,2024.2.1post4,59.293166154341044,2024-11-22 16h13.15.693745 +0530,
,,26,26,0,,,,,,images/1049_food_neutral_lum.jpg,neutral,food,privacy,,,,,,,,,,,,,,,,,0,26,26,17,,,,,,,,,274.93311550002545,,,,,,,,,,,,,,,,,,,,,,274.9281905000098,274.93311550002545,275.93046120007057,275.93046120007057,275.94734290009364,277.93306280008983,277.93306280008983,277.9145631000865,,,,,,,,,,,,,,,,,,,,,,,,,,,,,,,,,,14,001,male,21,2024-11-22_16h12.36.680,solo project,2024.2.1post4,59.293166154341044,2024-11-22 16h13.15.693745 +0530,
,,27,27,0,,,,,,images/1291_hygiene neutral_lum.jpg,neutral,hygeine,hard,,,,,,,,,,,,,,,,,0,27,27,5,,,,,,,,,277.93306280008983,,,,,,,,,,,,,,,,,,,,,,277.9280306000728,277.93306280008983,278.9306401000358,278.9306401000358,278.94708210008685,280.9324971000897,280.9324971000897,280.9141481000697,,,,,,,,,,,,,,,,,,,,,,,,,,,,,,,,,,14,001,male,21,2024-11-22_16h12.36.680,solo project,2024.2.1post4,59.293166154341044,2024-11-22 16h13.15.693745 +0530,
,,28,28,0,,,,,,images/1247_death neutral_lum.jpg,neutral,death,wine,,,,,,,,,,,,,,,,,0,28,28,29,,,,,,,,,280.9324971000897,,,,,,,,,,,,,,,,,,,,,,280.92890010005794,280.9324971000897,281.93069380009547,281.93069380009547,281.9475666000508,283.93256810004823,283.93256810004823,283.9147913000779,,,,,,,,,,,,,,,,,,,,,,,,,,,,,,,,,,14,001,male,21,2024-11-22_16h12.36.680,solo project,2024.2.1post4,59.293166154341044,2024-11-22 16h13.15.693745 +0530,
,,29,29,0,,,,,,images/1073_animals_lum.jpg,disgust,animal,journal,,,,,,,,,,,,,,,,,0,29,29,7,,,,,,,,,283.93256810004823,,,,,,,,,,,,,,,,,,,,,,283.92909570003394,283.93256810004823,284.93041290005203,284.93041290005203,284.9475960000418,286.92996940005105,286.92996940005105,286.9148925000336,,,,,,,,,,,,,,,,,,,,,,,,,,,,,,,,,,14,001,male,21,2024-11-22_16h12.36.680,solo project,2024.2.1post4,59.293166154341044,2024-11-22 16h13.15.693745 +0530,
,,,,,,,,,,,,,,,,,,,,,,,,,,,,,,,,,,,,,,,,,,,,,,,,,,,,,,,,,,,,,,,,,,,,,,,,286.91498210001737,2.014515000046231,297.36482030001935,space,8.420837600016966,None,,,,,,,,,,,,,,,,,,,,,,,,,,,,14,001,male,21,2024-11-22_16h12.36.680,solo project,2024.2.1post4,59.293166154341044,2024-11-22 16h13.15.693745 +0530,
,,0,0,0,,,,,,,None,None,,hawk,new,2.0,7.1986180999083444,,,,,,,,,,,,,,,,,0,0,0,36,,,,,297.3933028000174,,,,,,,,,,,,,,,,,,,,,,,,,,,,,,,,,,,,297.3834598000394,297.3933028000174,297.3933028000174,304.5971434999956,2.0,7.1986180999083444,,,,,,,,,,,,,,,,,,,,,,14,001,male,21,2024-11-22_16h12.36.680,solo project,2024.2.1post4,59.293166154341044,2024-11-22 16h13.15.693745 +0530,
,,1,1,0,,,,,,,disgust,hygeine,,manner,old,1.0,3.745313800056465,,,,,,,,,,,,,,,,,0,1,1,11,,,,,304.6134815000696,,,,,,,,,,,,,,,,,,,,,,,,,,,,,,,,,,,,304.60310050006956,304.6134815000696,304.6134815000696,308.3641803000355,1.0,3.745313800056465,,,,,,,,,,,,,,,,,,,,,,14,001,male,21,2024-11-22_16h12.36.680,solo project,2024.2.1post4,59.293166154341044,2024-11-22 16h13.15.693745 +0530,
,,2,2,0,,,,,,,neutral,death,,neurotic,old,1.0,3.1617476999526843,,,,,,,,,,,,,,,,,0,2,2,14,,,,,308.3800847000675,,,,,,,,,,,,,,,,,,,,,,,,,,,,,,,,,,,,308.37038600002415,308.3800847000675,308.3800847000675,311.54726510006003,1.0,3.1617476999526843,,,,,,,,,,,,,,,,,,,,,,14,001,male,21,2024-11-22_16h12.36.680,solo project,2024.2.1post4,59.293166154341044,2024-11-22 16h13.15.693745 +0530,
,,3,3,0,,,,,,,None,None,,poetry,new,2.0,2.563755000010133,,,,,,,,,,,,,,,,,0,3,3,44,,,,,311.56312320008874,,,,,,,,,,,,,,,,,,,,,,,,,,,,,,,,,,,,311.5516045000404,311.56312320008874,311.56312320008874,314.13042000005953,2.0,2.563755000010133,,,,,,,,,,,,,,,,,,,,,,14,001,male,21,2024-11-22_16h12.36.680,solo project,2024.2.1post4,59.293166154341044,2024-11-22 16h13.15.693745 +0530,
,,4,4,0,,,,,,,None,None,,teacher,new,2.0,2.4656248000683263,,,,,,,,,,,,,,,,,0,4,4,53,,,,,314.14659710007254,,,,,,,,,,,,,,,,,,,,,,,,,,,,,,,,,,,,314.13314410008024,314.14659710007254,314.14659710007254,316.6139764999971,2.0,2.4656248000683263,,,,,,,,,,,,,,,,,,,,,,14,001,male,21,2024-11-22_16h12.36.680,solo project,2024.2.1post4,59.293166154341044,2024-11-22 16h13.15.693745 +0530,
,,5,5,0,,,,,,,disgust,food,,radiator,old,1.0,2.713893200038001,,,,,,,,,,,,,,,,,0,5,5,18,,,,,316.6299001000589,,,,,,,,,,,,,,,,,,,,,,,,,,,,,,,,,,,,316.61781090009026,316.6299001000589,316.6299001000589,319.3471681000665,1.0,2.713893200038001,,,,,,,,,,,,,,,,,,,,,,14,001,male,21,2024-11-22_16h12.36.680,solo project,2024.2.1post4,59.293166154341044,2024-11-22 16h13.15.693745 +0530,
,,6,6,0,,,,,,,None,None,,lawn,new,2.0,2.764758599922061,,,,,,,,,,,,,,,,,0,6,6,39,,,,,319.3633747000713,,,,,,,,,,,,,,,,,,,,,,,,,,,,,,,,,,,,319.3506029000273,319.3633747000713,319.3633747000713,322.1303080000216,2.0,2.764758599922061,,,,,,,,,,,,,,,,,,,,,,14,001,male,21,2024-11-22_16h12.36.680,solo project,2024.2.1post4,59.293166154341044,2024-11-22 16h13.15.693745 +0530,
,,7,7,0,,,,,,,disgust,hygeine,,limber,old,1.0,2.5972661999985576,,,,,,,,,,,,,,,,,0,7,7,10,,,,,322.1468075000448,,,,,,,,,,,,,,,,,,,,,,,,,,,,,,,,,,,,322.13432670000475,322.1468075000448,322.1468075000448,324.7468252000399,1.0,2.5972661999985576,,,,,,,,,,,,,,,,,,,,,,14,001,male,21,2024-11-22_16h12.36.680,solo project,2024.2.1post4,59.293166154341044,2024-11-22 16h13.15.693745 +0530,
,,8,8,0,,,,,,,disgust,food,,stiff,old,1.0,1.081084700068459,,,,,,,,,,,,,,,,,0,8,8,25,,,,,324.7629250000464,,,,,,,,,,,,,,,,,,,,,,,,,,,,,,,,,,,,324.75071350007784,324.7629250000464,324.7629250000464,325.84710450004786,1.0,1.081084700068459,,,,,,,,,,,,,,,,,,,,,,14,001,male,21,2024-11-22_16h12.36.680,solo project,2024.2.1post4,59.293166154341044,2024-11-22 16h13.15.693745 +0530,
,,9,9,0,,,,,,,None,None,,repentant,new,2.0,2.1158370000775903,,,,,,,,,,,,,,,,,0,9,9,45,,,,,325.86300920008216,,,,,,,,,,,,,,,,,,,,,,,,,,,,,,,,,,,,325.84962610004004,325.86300920008216,325.86300920008216,327.98083110002335,2.0,2.1158370000775903,,,,,,,,,,,,,,,,,,,,,,14,001,male,21,2024-11-22_16h12.36.680,solo project,2024.2.1post4,59.293166154341044,2024-11-22 16h13.15.693745 +0530,
,,10,10,0,,,,,,,None,None,,scissors,new,2.0,1.9316508999327198,,,,,,,,,,,,,,,,,0,10,10,48,,,,,327.9960019000573,,,,,,,,,,,,,,,,,,,,,,,,,,,,,,,,,,,,327.98303030000534,327.9960019000573,327.9960019000573,329.93083460000344,2.0,1.9316508999327198,,,,,,,,,,,,,,,,,,,,,,14,001,male,21,2024-11-22_16h12.36.680,solo project,2024.2.1post4,59.293166154341044,2024-11-22 16h13.15.693745 +0530,
,,11,11,0,,,,,,,neutral,injury/infection,,stove,old,1.0,2.6808396000415087,,,,,,,,,,,,,,,,,0,11,11,26,,,,,329.9460574000841,,,,,,,,,,,,,,,,,,,,,,,,,,,,,,,,,,,,329.93443680007476,329.9460574000841,329.9460574000841,332.6306203000713,1.0,2.6808396000415087,,,,,,,,,,,,,,,,,,,,,,14,001,male,21,2024-11-22_16h12.36.680,solo project,2024.2.1post4,59.293166154341044,2024-11-22 16h13.15.693745 +0530,
,,12,12,0,,,,,,,None,None,,highway,new,1.0,2.646859100088477,,,,,,,,,,,,,,,,,0,12,12,37,,,,,332.6465517000761,,,,,,,,,,,,,,,,,,,,,,,,,,,,,,,,,,,,332.6346539000515,332.6465517000761,332.6465517000761,335.2970093000913,1.0,2.646859100088477,,,,,,,,,,,,,,,,,,,,,,14,001,male,21,2024-11-22_16h12.36.680,solo project,2024.2.1post4,59.293166154341044,2024-11-22 16h13.15.693745 +0530,
,,13,13,0,,,,,,,neutral,hygeine,,rancid,old,1.0,1.0489268999081105,,,,,,,,,,,,,,,,,0,13,13,19,,,,,335.3124829001026,,,,,,,,,,,,,,,,,,,,,,,,,,,,,,,,,,,,335.2994454000145,335.3124829001026,335.3124829001026,336.3635917000938,1.0,1.0489268999081105,,,,,,,,,,,,,,,,,,,,,,14,001,male,21,2024-11-22_16h12.36.680,solo project,2024.2.1post4,59.293166154341044,2024-11-22 16h13.15.693745 +0530,
,,14,14,0,,,,,,,None,None,,trunk,new,1.0,2.1403959000017494,,,,,,,,,,,,,,,,,0,14,14,57,,,,,336.379236400011,,,,,,,,,,,,,,,,,,,,,,,,,,,,,,,,,,,,336.3663048000308,336.379236400011,336.379236400011,338.5220696000615,1.0,2.1403959000017494,,,,,,,,,,,,,,,,,,,,,,14,001,male,21,2024-11-22_16h12.36.680,solo project,2024.2.1post4,59.293166154341044,2024-11-22 16h13.15.693745 +0530,
,,15,15,0,,,,,,,neutral,animal,,coast,old,1.0,0.8157330999383703,,,,,,,,,,,,,,,,,0,15,15,0,,,,,338.5380910000531,,,,,,,,,,,,,,,,,,,,,,,,,,,,,,,,,,,,338.52412300009746,338.5380910000531,338.5380910000531,339.3554307000013,1.0,0.8157330999383703,,,,,,,,,,,,,,,,,,,,,,14,001,male,21,2024-11-22_16h12.36.680,solo project,2024.2.1post4,59.293166154341044,2024-11-22 16h13.15.693745 +0530,
,,16,16,0,,,,,,,None,None,,clock,new,2.0,2.664971800055355,,,,,,,,,,,,,,,,,0,16,16,30,,,,,339.3710162000498,,,,,,,,,,,,,,,,,,,,,,,,,,,,,,,,,,,,339.3585496000014,339.3710162000498,339.3710162000498,342.03813460003585,2.0,2.664971800055355,,,,,,,,,,,,,,,,,,,,,,14,001,male,21,2024-11-22_16h12.36.680,solo project,2024.2.1post4,59.293166154341044,2024-11-22 16h13.15.693745 +0530,
,,17,17,0,,,,,,,None,None,,hand,new,1.0,3.232749199960381,,,,,,,,,,,,,,,,,0,17,17,35,,,,,342.05437590007205,,,,,,,,,,,,,,,,,,,,,,,,,,,,,,,,,,,,342.0402273000218,342.05437590007205,342.05437590007205,345.2883058000589,1.0,3.232749199960381,,,,,,,,,,,,,,,,,,,,,,14,001,male,21,2024-11-22_16h12.36.680,solo project,2024.2.1post4,59.293166154341044,2024-11-22 16h13.15.693745 +0530,
,,18,18,0,,,,,,,None,None,,contents,new,1.0,1.0656631999881938,,,,,,,,,,,,,,,,,0,18,18,32,,,,,345.3043603000697,,,,,,,,,,,,,,,,,,,,,,,,,,,,,,,,,,,,345.29058450006414,345.3043603000697,345.3043603000697,346.37208460003603,1.0,1.0656631999881938,,,,,,,,,,,,,,,,,,,,,,14,001,male,21,2024-11-22_16h12.36.680,solo project,2024.2.1post4,59.293166154341044,2024-11-22 16h13.15.693745 +0530,
,,19,19,0,,,,,,,neutral,food,,trumpet,old,1.0,0.8821588999126107,,,,,,,,,,,,,,,,,0,19,19,27,,,,,346.3879034999991,,,,,,,,,,,,,,,,,,,,,,,,,,,,,,,,,,,,346.37449459999334,346.3879034999991,346.3879034999991,347.2727040000027,1.0,0.8821588999126107,,,,,,,,,,,,,,,,,,,,,,14,001,male,21,2024-11-22_16h12.36.680,solo project,2024.2.1post4,59.293166154341044,2024-11-22 16h13.15.693745 +0530,
,,20,20,0,,,,,,,disgust,animal,,journal,old,1.0,0.9962731000268832,,,,,,,,,,,,,,,,,0,20,20,7,,,,,347.2874018000439,,,,,,,,,,,,,,,,,,,,,,,,,,,,,,,,,,,,347.276603300008,347.2874018000439,347.2874018000439,348.28812110004947,1.0,0.9962731000268832,,,,,,,,,,,,,,,,,,,,,,14,001,male,21,2024-11-22_16h12.36.680,solo project,2024.2.1post4,59.293166154341044,2024-11-22 16h13.15.693745 +0530,
,,21,21,0,,,,,,,neutral,body product,,invest,old,1.0,0.9328524000011384,,,,,,,,,,,,,,,,,0,21,21,6,,,,,348.3046805000631,,,,,,,,,,,,,,,,,,,,,,,,,,,,,,,,,,,,348.29062560002785,348.3046805000631,348.3046805000631,349.23837919998914,1.0,0.9328524000011384,,,,,,,,,,,,,,,,,,,,,,14,001,male,21,2024-11-22_16h12.36.680,solo project,2024.2.1post4,59.293166154341044,2024-11-22 16h13.15.693745 +0530,
,,22,22,0,,,,,,,disgust,food,,rattle,old,1.0,0.9156852999003604,,,,,,,,,,,,,,,,,0,22,22,20,,,,,349.2544384000357,,,,,,,,,,,,,,,,,,,,,,,,,,,,,,,,,,,,349.2407676000148,349.2544384000357,349.2544384000357,350.1716230000602,1.0,0.9156852999003604,,,,,,,,,,,,,,,,,,,,,,14,001,male,21,2024-11-22_16h12.36.680,solo project,2024.2.1post4,59.293166154341044,2024-11-22 16h13.15.693745 +0530,
,,23,23,0,,,,,,,neutral,hygeine,,hard,old,1.0,0.9155903001083061,,,,,,,,,,,,,,,,,0,23,23,5,,,,,350.1875781000126,,,,,,,,,,,,,,,,,,,,,,,,,,,,,,,,,,,,350.1738624999998,350.1875781000126,350.1875781000126,351.1052077000495,1.0,0.9155903001083061,,,,,,,,,,,,,,,,,,,,,,14,001,male,21,2024-11-22_16h12.36.680,solo project,2024.2.1post4,59.293166154341044,2024-11-22 16h13.15.693745 +0530,
,,24,24,0,,,,,,,None,None,,detail,new,1.0,2.115756400045939,,,,,,,,,,,,,,,,,0,24,24,33,,,,,351.12087370001245,,,,,,,,,,,,,,,,,,,,,,,,,,,,,,,,,,,,351.1074103000574,351.12087370001245,351.12087370001245,353.2382256001001,1.0,2.115756400045939,,,,,,,,,,,,,,,,,,,,,,14,001,male,21,2024-11-22_16h12.36.680,solo project,2024.2.1post4,59.293166154341044,2024-11-22 16h13.15.693745 +0530,
,,25,25,0,,,,,,,None,None,,market,new,2.0,2.2497064999770373,,,,,,,,,,,,,,,,,0,25,25,41,,,,,353.2541520000668,,,,,,,,,,,,,,,,,,,,,,,,,,,,,,,,,,,,353.2404380000662,353.2541520000668,353.2541520000668,355.5050609000027,2.0,2.2497064999770373,,,,,,,,,,,,,,,,,,,,,,14,001,male,21,2024-11-22_16h12.36.680,solo project,2024.2.1post4,59.293166154341044,2024-11-22 16h13.15.693745 +0530,
,,26,26,0,,,,,,,neutral,animal,,nursery,old,2.0,3.3653813999844715,,,,,,,,,,,,,,,,,0,26,26,15,,,,,355.52061470004264,,,,,,,,,,,,,,,,,,,,,,,,,,,,,,,,,,,,355.5074423000915,355.52061470004264,355.52061470004264,358.8882773000514,2.0,3.3653813999844715,,,,,,,,,,,,,,,,,,,,,,14,001,male,21,2024-11-22_16h12.36.680,solo project,2024.2.1post4,59.293166154341044,2024-11-22 16h13.15.693745 +0530,
,,27,27,0,,,,,,,None,None,,tease,new,1.0,1.565639500040561,,,,,,,,,,,,,,,,,0,27,27,54,,,,,358.9042311999947,,,,,,,,,,,,,,,,,,,,,,,,,,,,,,,,,,,,358.89083240006585,358.9042311999947,358.9042311999947,360.4717600001022,1.0,1.565639500040561,,,,,,,,,,,,,,,,,,,,,,14,001,male,21,2024-11-22_16h12.36.680,solo project,2024.2.1post4,59.293166154341044,2024-11-22 16h13.15.693745 +0530,
,,28,28,0,,,,,,,None,None,,skyscraper,new,2.0,2.764420099905692,,,,,,,,,,,,,,,,,0,28,28,51,,,,,360.4872304000892,,,,,,,,,,,,,,,,,,,,,,,,,,,,,,,,,,,,360.47495910001453,360.4872304000892,360.4872304000892,363.25471830007154,2.0,2.764420099905692,,,,,,,,,,,,,,,,,,,,,,14,001,male,21,2024-11-22_16h12.36.680,solo project,2024.2.1post4,59.293166154341044,2024-11-22 16h13.15.693745 +0530,
,,29,29,0,,,,,,,neutral,food,,custom,old,1.0,1.7823958999942988,,,,,,,,,,,,,,,,,0,29,29,1,,,,,363.27138650009874,,,,,,,,,,,,,,,,,,,,,,,,,,,,,,,,,,,,363.25689190009143,363.27138650009874,363.27138650009874,365.05486770009156,1.0,1.7823958999942988,,,,,,,,,,,,,,,,,,,,,,14,001,male,21,2024-11-22_16h12.36.680,solo project,2024.2.1post4,59.293166154341044,2024-11-22 16h13.15.693745 +0530,
,,30,30,0,,,,,,,None,None,,paint,new,1.0,1.1323417000239715,,,,,,,,,,,,,,,,,0,30,30,43,,,,,365.0706512000179,,,,,,,,,,,,,,,,,,,,,,,,,,,,,,,,,,,,365.05717869999353,365.0706512000179,365.0706512000179,366.20497710001655,1.0,1.1323417000239715,,,,,,,,,,,,,,,,,,,,,,14,001,male,21,2024-11-22_16h12.36.680,solo project,2024.2.1post4,59.293166154341044,2024-11-22 16h13.15.693745 +0530,
,,31,31,0,,,,,,,None,None,,sentiment,new,1.0,0.9983005999820307,,,,,,,,,,,,,,,,,0,31,31,49,,,,,366.2207296000561,,,,,,,,,,,,,,,,,,,,,,,,,,,,,,,,,,,,366.2074668999994,366.2207296000561,366.2207296000561,367.2218636000762,1.0,0.9983005999820307,,,,,,,,,,,,,,,,,,,,,,14,001,male,21,2024-11-22_16h12.36.680,solo project,2024.2.1post4,59.293166154341044,2024-11-22 16h13.15.693745 +0530,
,,32,32,0,,,,,,,None,None,,theory,new,1.0,1.065059500047937,,,,,,,,,,,,,,,,,0,32,32,55,,,,,367.2373688000953,,,,,,,,,,,,,,,,,,,,,,,,,,,,,,,,,,,,367.22424600005616,367.2373688000953,367.2373688000953,368.3050898000365,1.0,1.065059500047937,,,,,,,,,,,,,,,,,,,,,,14,001,male,21,2024-11-22_16h12.36.680,solo project,2024.2.1post4,59.293166154341044,2024-11-22 16h13.15.693745 +0530,
,,33,33,0,,,,,,,None,None,,concentrate,new,1.0,0.9651897000148892,,,,,,,,,,,,,,,,,0,33,33,31,,,,,368.32045650004875,,,,,,,,,,,,,,,,,,,,,,,,,,,,,,,,,,,,368.3077685000608,368.32045650004875,368.32045650004875,369.28791860002093,1.0,0.9651897000148892,,,,,,,,,,,,,,,,,,,,,,14,001,male,21,2024-11-22_16h12.36.680,solo project,2024.2.1post4,59.293166154341044,2024-11-22 16h13.15.693745 +0530,
,,34,34,0,,,,,,,None,None,,storm,new,2.0,2.015235000057146,,,,,,,,,,,,,,,,,0,34,34,52,,,,,369.30377150001004,,,,,,,,,,,,,,,,,,,,,,,,,,,,,,,,,,,,369.29079720005393,369.30377150001004,369.30377150001004,371.32184690004215,2.0,2.015235000057146,,,,,,,,,,,,,,,,,,,,,,14,001,male,21,2024-11-22_16h12.36.680,solo project,2024.2.1post4,59.293166154341044,2024-11-22 16h13.15.693745 +0530,
,,35,35,0,,,,,,,disgust,body product,,reverent,old,2.0,3.6318336999975145,,,,,,,,,,,,,,,,,0,35,35,22,,,,,371.3375830000732,,,,,,,,,,,,,,,,,,,,,,,,,,,,,,,,,,,,371.32419150008354,371.3375830000732,371.3375830000732,374.9712625000393,2.0,3.6318336999975145,,,,,,,,,,,,,,,,,,,,,,14,001,male,21,2024-11-22_16h12.36.680,solo project,2024.2.1post4,59.293166154341044,2024-11-22 16h13.15.693745 +0530,
,,36,36,0,,,,,,,None,None,,whistle,new,2.0,1.1651679000351578,,,,,,,,,,,,,,,,,0,36,36,59,,,,,374.98718420008663,,,,,,,,,,,,,,,,,,,,,,,,,,,,,,,,,,,,374.97355700004846,374.98718420008663,374.98718420008663,376.1552717000013,2.0,1.1651679000351578,,,,,,,,,,,,,,,,,,,,,,14,001,male,21,2024-11-22_16h12.36.680,solo project,2024.2.1post4,59.293166154341044,2024-11-22 16h13.15.693745 +0530,
,,37,37,0,,,,,,,None,None,,industry,new,2.0,1.0484787999885157,,,,,,,,,,,,,,,,,0,37,37,38,,,,,376.1708228000207,,,,,,,,,,,,,,,,,,,,,,,,,,,,,,,,,,,,376.1576350000687,376.1708228000207,376.1708228000207,377.2214988000924,2.0,1.0484787999885157,,,,,,,,,,,,,,,,,,,,,,14,001,male,21,2024-11-22_16h12.36.680,solo project,2024.2.1post4,59.293166154341044,2024-11-22 16h13.15.693745 +0530,
,,38,38,0,,,,,,,None,None,,fabric,new,1.0,2.182219900074415,,,,,,,,,,,,,,,,,0,38,38,34,,,,,377.23736320005264,,,,,,,,,,,,,,,,,,,,,,,,,,,,,,,,,,,,377.22383260005154,377.23736320005264,377.23736320005264,379.42145130003337,1.0,2.182219900074415,,,,,,,,,,,,,,,,,,,,,,14,001,male,21,2024-11-22_16h12.36.680,solo project,2024.2.1post4,59.293166154341044,2024-11-22 16h13.15.693745 +0530,
,,39,39,0,,,,,,,neutral,death,,wine,old,1.0,0.8988183999899775,,,,,,,,,,,,,,,,,0,39,39,29,,,,,379.43679790000897,,,,,,,,,,,,,,,,,,,,,,,,,,,,,,,,,,,,379.42362490005326,379.43679790000897,379.43679790000897,380.33809750003275,1.0,0.8988183999899775,,,,,,,,,,,,,,,,,,,,,,14,001,male,21,2024-11-22_16h12.36.680,solo project,2024.2.1post4,59.293166154341044,2024-11-22 16h13.15.693745 +0530,
,,40,40,0,,,,,,,None,None,,truck,new,1.0,0.9825423998991027,,,,,,,,,,,,,,,,,0,40,40,56,,,,,380.3535901000723,,,,,,,,,,,,,,,,,,,,,,,,,,,,,,,,,,,,380.34011370001826,380.3535901000723,380.3535901000723,381.3379341000691,1.0,0.9825423998991027,,,,,,,,,,,,,,,,,,,,,,14,001,male,21,2024-11-22_16h12.36.680,solo project,2024.2.1post4,59.293166154341044,2024-11-22 16h13.15.693745 +0530,
,,41,41,0,,,,,,,disgust,body product,,passage,old,2.0,2.5330152000533417,,,,,,,,,,,,,,,,,0,41,41,16,,,,,381.35384800005704,,,,,,,,,,,,,,,,,,,,,,,,,,,,,,,,,,,,381.34033240005374,381.35384800005704,381.35384800005704,383.88821560004726,2.0,2.5330152000533417,,,,,,,,,,,,,,,,,,,,,,14,001,male,21,2024-11-22_16h12.36.680,solo project,2024.2.1post4,59.293166154341044,2024-11-22 16h13.15.693745 +0530,
,,42,42,0,,,,,,,disgust,injury/infection,,glacier,old,2.0,2.7156678000465035,,,,,,,,,,,,,,,,,0,42,42,4,,,,,383.9036884000525,,,,,,,,,,,,,,,,,,,,,,,,,,,,,,,,,,,,383.89080290007405,383.9036884000525,383.9036884000525,386.6212275000289,2.0,2.7156678000465035,,,,,,,,,,,,,,,,,,,,,,14,001,male,21,2024-11-22_16h12.36.680,solo project,2024.2.1post4,59.293166154341044,2024-11-22 16h13.15.693745 +0530,
,,43,43,0,,,,,,,None,None,,shadow,new,1.0,1.8825814999872819,,,,,,,,,,,,,,,,,0,43,43,50,,,,,386.63727569999173,,,,,,,,,,,,,,,,,,,,,,,,,,,,,,,,,,,,386.6234205000801,386.63727569999173,386.63727569999173,388.5214000000851,1.0,1.8825814999872819,,,,,,,,,,,,,,,,,,,,,,14,001,male,21,2024-11-22_16h12.36.680,solo project,2024.2.1post4,59.293166154341044,2024-11-22 16h13.15.693745 +0530,
,,44,44,0,,,,,,,None,None,,watch,new,2.0,1.582141200080514,,,,,,,,,,,,,,,,,0,44,44,58,,,,,388.5367617000593,,,,,,,,,,,,,,,,,,,,,,,,,,,,,,,,,,,,388.5234427000396,388.5367617000593,388.5367617000593,390.12139380001463,2.0,1.582141200080514,,,,,,,,,,,,,,,,,,,,,,14,001,male,21,2024-11-22_16h12.36.680,solo project,2024.2.1post4,59.293166154341044,2024-11-22 16h13.15.693745 +0530,
,,45,45,0,,,,,,,neutral,injury/infection,,village,old,1.0,2.6807870999909937,,,,,,,,,,,,,,,,,0,45,45,28,,,,,390.1366709000431,,,,,,,,,,,,,,,,,,,,,,,,,,,,,,,,,,,,390.1240394000197,390.1366709000431,390.1366709000431,392.8213948000921,1.0,2.6807870999909937,,,,,,,,,,,,,,,,,,,,,,14,001,male,21,2024-11-22_16h12.36.680,solo project,2024.2.1post4,59.293166154341044,2024-11-22 16h13.15.693745 +0530,
,,46,46,0,,,,,,,None,None,,medicine,new,1.0,1.0820762000512332,,,,,,,,,,,,,,,,,0,46,46,42,,,,,392.8371895001037,,,,,,,,,,,,,,,,,,,,,,,,,,,,,,,,,,,,392.8240043000551,392.8371895001037,392.8371895001037,393.9208538000239,1.0,1.0820762000512332,,,,,,,,,,,,,,,,,,,,,,14,001,male,21,2024-11-22_16h12.36.680,solo project,2024.2.1post4,59.293166154341044,2024-11-22 16h13.15.693745 +0530,
,,47,47,0,,,,,,,neutral,body product,,reptile,old,1.0,0.8994079999392852,,,,,,,,,,,,,,,,,0,47,47,21,,,,,393.93692910007667,,,,,,,,,,,,,,,,,,,,,,,,,,,,,,,,,,,,393.92309940000996,393.93692910007667,393.93692910007667,394.8377056000754,1.0,0.8994079999392852,,,,,,,,,,,,,,,,,,,,,,14,001,male,21,2024-11-22_16h12.36.680,solo project,2024.2.1post4,59.293166154341044,2024-11-22 16h13.15.693745 +0530,
,,48,48,0,,,,,,,neutral,animal,,lighthouse,old,2.0,3.0328056999715045,,,,,,,,,,,,,,,,,0,48,48,9,,,,,394.8538196000736,,,,,,,,,,,,,,,,,,,,,,,,,,,,,,,,,,,,394.84036890009884,394.8538196000736,394.8538196000736,397.8876888999948,2.0,3.0328056999715045,,,,,,,,,,,,,,,,,,,,,,14,001,male,21,2024-11-22_16h12.36.680,solo project,2024.2.1post4,59.293166154341044,2024-11-22 16h13.15.693745 +0530,
,,49,49,0,,,,,,,disgust,death,,lantern,old,1.0,1.4828147001098841,,,,,,,,,,,,,,,,,0,49,49,8,,,,,397.90382250002585,,,,,,,,,,,,,,,,,,,,,,,,,,,,,,,,,,,,397.889985900023,397.90382250002585,397.90382250002585,399.3878833000781,1.0,1.4828147001098841,,,,,,,,,,,,,,,,,,,,,,14,001,male,21,2024-11-22_16h12.36.680,solo project,2024.2.1post4,59.293166154341044,2024-11-22 16h13.15.693745 +0530,
,,50,50,0,,,,,,,None,None,,lightbulb,new,1.0,1.0321467999601737,,,,,,,,,,,,,,,,,0,50,50,40,,,,,399.4034040000988,,,,,,,,,,,,,,,,,,,,,,,,,,,,,,,,,,,,399.3907492000144,399.4034040000988,399.4034040000988,400.43817720003426,1.0,1.0321467999601737,,,,,,,,,,,,,,,,,,,,,,14,001,male,21,2024-11-22_16h12.36.680,solo project,2024.2.1post4,59.293166154341044,2024-11-22 16h13.15.693745 +0530,
,,51,51,0,,,,,,,disgust,death,,mischief,old,1.0,0.964725400088355,,,,,,,,,,,,,,,,,0,51,51,13,,,,,400.4531219000928,,,,,,,,,,,,,,,,,,,,,,,,,,,,,,,,,,,,400.44111740007065,400.4531219000928,400.4531219000928,401.4208098000381,1.0,0.964725400088355,,,,,,,,,,,,,,,,,,,,,,14,001,male,21,2024-11-22_16h12.36.680,solo project,2024.2.1post4,59.293166154341044,2024-11-22 16h13.15.693745 +0530,
,,52,52,0,,,,,,,disgust,injury/infection,,elevator,old,2.0,2.09904529992491,,,,,,,,,,,,,,,,,0,52,52,2,,,,,401.43673040007707,,,,,,,,,,,,,,,,,,,,,,,,,,,,,,,,,,,,401.4232050999999,401.43673040007707,401.43673040007707,403.5375958000077,2.0,2.09904529992491,,,,,,,,,,,,,,,,,,,,,,14,001,male,21,2024-11-22_16h12.36.680,solo project,2024.2.1post4,59.293166154341044,2024-11-22 16h13.15.693745 +0530,
,,53,53,0,,,,,,,None,None,,rough,new,1.0,1.6327216000063345,,,,,,,,,,,,,,,,,0,53,53,46,,,,,403.5533836000832,,,,,,,,,,,,,,,,,,,,,,,,,,,,,,,,,,,,403.5403712000698,403.5533836000832,403.5533836000832,405.187733400031,1.0,1.6327216000063345,,,,,,,,,,,,,,,,,,,,,,14,001,male,21,2024-11-22_16h12.36.680,solo project,2024.2.1post4,59.293166154341044,2024-11-22 16h13.15.693745 +0530,
,,54,54,0,,,,,,,disgust,animal,,ennui,old,1.0,1.0162791999755427,,,,,,,,,,,,,,,,,0,54,54,3,,,,,405.2035017000744,,,,,,,,,,,,,,,,,,,,,,,,,,,,,,,,,,,,405.18990840006154,405.2035017000744,405.2035017000744,406.2208253000863,1.0,1.0162791999755427,,,,,,,,,,,,,,,,,,,,,,14,001,male,21,2024-11-22_16h12.36.680,solo project,2024.2.1post4,59.293166154341044,2024-11-22 16h13.15.693745 +0530,
,,55,55,0,,,,,,,disgust,body product,,material,old,1.0,1.0150883999885991,,,,,,,,,,,,,,,,,0,55,55,12,,,,,406.2367776000174,,,,,,,,,,,,,,,,,,,,,,,,,,,,,,,,,,,,406.2231376999989,406.2367776000174,406.2367776000174,407.25479820009787,1.0,1.0150883999885991,,,,,,,,,,,,,,,,,,,,,,14,001,male,21,2024-11-22_16h12.36.680,solo project,2024.2.1post4,59.293166154341044,2024-11-22 16h13.15.693745 +0530,
,,56,56,0,,,,,,,None,None,,salute,new,1.0,0.948917799978517,,,,,,,,,,,,,,,,,0,56,56,47,,,,,407.2703819000162,,,,,,,,,,,,,,,,,,,,,,,,,,,,,,,,,,,,407.25731850008015,407.2703819000162,407.2703819000162,408.22084560000803,1.0,0.948917799978517,,,,,,,,,,,,,,,,,,,,,,14,001,male,21,2024-11-22_16h12.36.680,solo project,2024.2.1post4,59.293166154341044,2024-11-22 16h13.15.693745 +0530,
,,57,57,0,,,,,,,disgust,animal,,serious,old,1.0,0.8826239999616519,,,,,,,,,,,,,,,,,0,57,57,23,,,,,408.2364285000367,,,,,,,,,,,,,,,,,,,,,,,,,,,,,,,,,,,,408.223180500092,408.2364285000367,408.2364285000367,409.12088020006195,1.0,0.8826239999616519,,,,,,,,,,,,,,,,,,,,,,14,001,male,21,2024-11-22_16h12.36.680,solo project,2024.2.1post4,59.293166154341044,2024-11-22 16h13.15.693745 +0530,
,,58,58,0,,,,,,,neutral,food,,privacy,old,1.0,0.815988100017421,,,,,,,,,,,,,,,,,0,58,58,17,,,,,409.1370404000627,,,,,,,,,,,,,,,,,,,,,,,,,,,,,,,,,,,,409.12329330004286,409.1370404000627,409.1370404000627,409.954262400046,1.0,0.815988100017421,,,,,,,,,,,,,,,,,,,,,,14,001,male,21,2024-11-22_16h12.36.680,solo project,2024.2.1post4,59.293166154341044,2024-11-22 16h13.15.693745 +0530,
,,59,59,0,,,,,,,neutral,body product,,skeptical,old,1.0,0.9657793999649584,,,,,,,,,,,,,,,,,0,59,59,24,,,,,409.9699888000032,,,,,,,,,,,,,,,,,,,,,,,,,,,,,,,,,,,,409.9568525000941,409.9699888000032,409.9699888000032,410.93773710005917,1.0,0.9657793999649584,,,,,,,,,,,,,,,,,,,,,,14,001,male,21,2024-11-22_16h12.36.680,solo project,2024.2.1post4,59.293166154341044,2024-11-22 16h13.15.693745 +0530,
,,,,,,,,,,,,,,,,,,,,,,,,,,,,,,,,,,,,,,,,,,,,,,,,,,,,,,,,,,,,,,,,,,,,,,,,,,,,,,,,,,,,410.9382886000676,414.23898180003744,1,[3.2850074000889435],[3.2850137000204995],,,,,,,,,,,,,,,,,14,001,male,21,2024-11-22_16h12.36.680,solo project,2024.2.1post4,59.293166154341044,2024-11-22 16h13.15.693745 +0530,
,,,,,,,,,,,,,,,,,,,,,,,,,,,,,,,,,,,,,,,,,,,,,,,,,,,,,,,,,,,,,,,,,,,,,,,,,,,,,,,,,,,,,,,,,414.23912410007324,420.0543963999953,space,5.809896899969317,None,,,,,,,,,,,,14,001,male,21,2024-11-22_16h12.36.680,solo project,2024.2.1post4,59.293166154341044,2024-11-22 16h13.15.693745 +0530,
,,,,,,,,,,,,,,,,,,,,,,,,,,,,,,,,,,,,,,,,,,,,,,,,,,,,,,,,,,,,,,,,,,,,,,,,,,,,,,,,,,,,,,,,,,,,,,420.0544451000169,435.8546251000371,space,15.79874610004481,None,,,,,,,14,001,male,21,2024-11-22_16h12.36.680,solo project,2024.2.1post4,59.293166154341044,2024-11-22 16h13.15.693745 +0530,
,,0,0,0,,,,,,,,,,,,,,1,Telephoning in public,2.0,3.0,,,,,,,,,,,,,,,,,0,0,0,0,435.8858861000044,,,,,,,,,,,,,,,,,,,,,,,,,,,,,,,,,,,,,,,,,,,,,,,,,,,,,,,,,435.8657834000187,435.8858861000044,435.8858861000044,461.0899656000547,2.0,3.0,14,001,male,21,2024-11-22_16h12.36.680,solo project,2024.2.1post4,59.293166154341044,2024-11-22 16h13.15.693745 +0530,
,,1,1,0,,,,,,,,,,,,,,2,Participating in small groups,2.0,2.0,,,,,,,,,,,,,,,,,0,1,1,1,461.1082785000326,,,,,,,,,,,,,,,,,,,,,,,,,,,,,,,,,,,,,,,,,,,,,,,,,,,,,,,,,461.0939797000028,461.1082785000326,461.1082785000326,469.3386456000153,2.0,2.0,14,001,male,21,2024-11-22_16h12.36.680,solo project,2024.2.1post4,59.293166154341044,2024-11-22 16h13.15.693745 +0530,
,,2,2,0,,,,,,,,,,,,,,3,Eating in public places,3.0,3.0,,,,,,,,,,,,,,,,,0,2,2,2,469.3569471000228,,,,,,,,,,,,,,,,,,,,,,,,,,,,,,,,,,,,,,,,,,,,,,,,,,,,,,,,,469.3422010000795,469.3569471000228,469.3569471000228,473.62204710009973,3.0,3.0,14,001,male,21,2024-11-22_16h12.36.680,solo project,2024.2.1post4,59.293166154341044,2024-11-22 16h13.15.693745 +0530,
,,3,3,0,,,,,,,,,,,,,,4,Drinking with others in public places,3.0,3.0,,,,,,,,,,,,,,,,,0,3,3,3,473.64054030005354,,,,,,,,,,,,,,,,,,,,,,,,,,,,,,,,,,,,,,,,,,,,,,,,,,,,,,,,,473.6266323000891,473.64054030005354,473.64054030005354,478.7213980000233,3.0,3.0,14,001,male,21,2024-11-22_16h12.36.680,solo project,2024.2.1post4,59.293166154341044,2024-11-22 16h13.15.693745 +0530,
,,4,4,0,,,,,,,,,,,,,,5,Talking to people in authority,2.0,1.0,,,,,,,,,,,,,,,,,0,4,4,4,478.7389837000519,,,,,,,,,,,,,,,,,,,,,,,,,,,,,,,,,,,,,,,,,,,,,,,,,,,,,,,,,478.7244894000469,478.7389837000519,478.7389837000519,484.9553539000917,2.0,1.0,14,001,male,21,2024-11-22_16h12.36.680,solo project,2024.2.1post4,59.293166154341044,2024-11-22 16h13.15.693745 +0530,
,,5,5,0,,,,,,,,,,,,,,6,"Acting, performing, or giving a talk in front of an audience",3.0,3.0,,,,,,,,,,,,,,,,,0,5,5,5,484.9736374000786,,,,,,,,,,,,,,,,,,,,,,,,,,,,,,,,,,,,,,,,,,,,,,,,,,,,,,,,,484.9596625000704,484.9736374000786,484.9736374000786,489.4214284000918,3.0,3.0,14,001,male,21,2024-11-22_16h12.36.680,solo project,2024.2.1post4,59.293166154341044,2024-11-22 16h13.15.693745 +0530,
,,6,6,0,,,,,,,,,,,,,,7,Going to a party,3.0,3.0,,,,,,,,,,,,,,,,,0,6,6,6,489.4396232001018,,,,,,,,,,,,,,,,,,,,,,,,,,,,,,,,,,,,,,,,,,,,,,,,,,,,,,,,,489.4254081000108,489.4396232001018,489.4396232001018,493.1887587000383,3.0,3.0,14,001,male,21,2024-11-22_16h12.36.680,solo project,2024.2.1post4,59.293166154341044,2024-11-22 16h13.15.693745 +0530,
,,7,7,0,,,,,,,,,,,,,,8,Working while being observed,3.0,3.0,,,,,,,,,,,,,,,,,0,7,7,7,493.20639700000174,,,,,,,,,,,,,,,,,,,,,,,,,,,,,,,,,,,,,,,,,,,,,,,,,,,,,,,,,493.19221410003956,493.20639700000174,493.20639700000174,498.55468270007987,3.0,3.0,14,001,male,21,2024-11-22_16h12.36.680,solo project,2024.2.1post4,59.293166154341044,2024-11-22 16h13.15.693745 +0530,
,,8,8,0,,,,,,,,,,,,,,9,Writing while being observed,3.0,3.0,,,,,,,,,,,,,,,,,0,8,8,8,498.5717854000395,,,,,,,,,,,,,,,,,,,,,,,,,,,,,,,,,,,,,,,,,,,,,,,,,,,,,,,,,498.5575599001022,498.5717854000395,498.5717854000395,502.80534920003265,3.0,3.0,14,001,male,21,2024-11-22_16h12.36.680,solo project,2024.2.1post4,59.293166154341044,2024-11-22 16h13.15.693745 +0530,
,,9,9,0,,,,,,,,,,,,,,10,Calling someone you don't know very well,3.0,3.0,,,,,,,,,,,,,,,,,0,9,9,9,502.8242559999926,,,,,,,,,,,,,,,,,,,,,,,,,,,,,,,,,,,,,,,,,,,,,,,,,,,,,,,,,502.8103572000982,502.8242559999926,502.8242559999926,508.9879946000874,3.0,3.0,14,001,male,21,2024-11-22_16h12.36.680,solo project,2024.2.1post4,59.293166154341044,2024-11-22 16h13.15.693745 +0530,
,,10,10,0,,,,,,,,,,,,,,11,Talking with people you don't know very well,2.0,3.0,,,,,,,,,,,,,,,,,0,10,10,10,509.0058433000231,,,,,,,,,,,,,,,,,,,,,,,,,,,,,,,,,,,,,,,,,,,,,,,,,,,,,,,,,508.9914701000089,509.0058433000231,509.0058433000231,513.1546933000209,2.0,3.0,14,001,male,21,2024-11-22_16h12.36.680,solo project,2024.2.1post4,59.293166154341044,2024-11-22 16h13.15.693745 +0530,
,,11,11,0,,,,,,,,,,,,,,12,Meeting strangers,3.0,3.0,,,,,,,,,,,,,,,,,0,11,11,11,513.1737375000957,,,,,,,,,,,,,,,,,,,,,,,,,,,,,,,,,,,,,,,,,,,,,,,,,,,,,,,,,513.1590565000661,513.1737375000957,513.1737375000957,516.7711641000351,3.0,3.0,14,001,male,21,2024-11-22_16h12.36.680,solo project,2024.2.1post4,59.293166154341044,2024-11-22 16h13.15.693745 +0530,
,,12,12,0,,,,,,,,,,,,,,13,Urinating in a public bathroom,3.0,3.0,,,,,,,,,,,,,,,,,0,12,12,12,516.7895822999999,,,,,,,,,,,,,,,,,,,,,,,,,,,,,,,,,,,,,,,,,,,,,,,,,,,,,,,,,516.775507900049,516.7895822999999,516.7895822999999,520.1435357000446,3.0,3.0,14,001,male,21,2024-11-22_16h12.36.680,solo project,2024.2.1post4,59.293166154341044,2024-11-22 16h13.15.693745 +0530,
,,13,13,0,,,,,,,,,,,,,,14,Entering a room when others are already seated,2.0,2.0,,,,,,,,,,,,,,,,,0,13,13,13,520.1616512000328,,,,,,,,,,,,,,,,,,,,,,,,,,,,,,,,,,,,,,,,,,,,,,,,,,,,,,,,,520.1473059999989,520.1616512000328,520.1616512000328,525.0764911000151,2.0,2.0,14,001,male,21,2024-11-22_16h12.36.680,solo project,2024.2.1post4,59.293166154341044,2024-11-22 16h13.15.693745 +0530,
,,14,14,0,,,,,,,,,,,,,,15,Being the center of attention,0.0,0.0,,,,,,,,,,,,,,,,,0,14,14,14,525.0945263000904,,,,,,,,,,,,,,,,,,,,,,,,,,,,,,,,,,,,,,,,,,,,,,,,,,,,,,,,,525.080545600038,525.0945263000904,525.0945263000904,532.2927421000786,0.0,0.0,14,001,male,21,2024-11-22_16h12.36.680,solo project,2024.2.1post4,59.293166154341044,2024-11-22 16h13.15.693745 +0530,
,,15,15,0,,,,,,,,,,,,,,16,Speaking up at a meeting,3.0,3.0,,,,,,,,,,,,,,,,,0,15,15,15,532.3103348000441,,,,,,,,,,,,,,,,,,,,,,,,,,,,,,,,,,,,,,,,,,,,,,,,,,,,,,,,,532.296151000075,532.3103348000441,532.3103348000441,537.9261035000673,3.0,3.0,14,001,male,21,2024-11-22_16h12.36.680,solo project,2024.2.1post4,59.293166154341044,2024-11-22 16h13.15.693745 +0530,
,,16,16,0,,,,,,,,,,,,,,17,Taking a test,2.0,3.0,,,,,,,,,,,,,,,,,0,16,16,16,537.9426559000276,,,,,,,,,,,,,,,,,,,,,,,,,,,,,,,,,,,,,,,,,,,,,,,,,,,,,,,,,537.9287771000527,537.9426559000276,537.9426559000276,543.7980616000714,2.0,3.0,14,001,male,21,2024-11-22_16h12.36.680,solo project,2024.2.1post4,59.293166154341044,2024-11-22 16h13.15.693745 +0530,
,,17,17,0,,,,,,,,,,,,,,18,Expressing a disagreement or disapproval to people you don’t know very well,2.0,0.0,,,,,,,,,,,,,,,,,0,17,17,17,543.8176403000252,,,,,,,,,,,,,,,,,,,,,,,,,,,,,,,,,,,,,,,,,,,,,,,,,,,,,,,,,543.8036516000284,543.8176403000252,543.8176403000252,551.4660619000206,2.0,0.0,14,001,male,21,2024-11-22_16h12.36.680,solo project,2024.2.1post4,59.293166154341044,2024-11-22 16h13.15.693745 +0530,
,,18,18,0,,,,,,,,,,,,,,19,Looking at people you don't know very well in the eyes,3.0,3.0,,,,,,,,,,,,,,,,,0,18,18,18,551.4850708000595,,,,,,,,,,,,,,,,,,,,,,,,,,,,,,,,,,,,,,,,,,,,,,,,,,,,,,,,,551.4711240000324,551.4850708000595,551.4850708000595,556.4486595999915,3.0,3.0,14,001,male,21,2024-11-22_16h12.36.680,solo project,2024.2.1post4,59.293166154341044,2024-11-22 16h13.15.693745 +0530,
,,19,19,0,,,,,,,,,,,,,,20,Giving a report to a group,2.0,1.0,,,,,,,,,,,,,,,,,0,19,19,19,556.4655679001007,,,,,,,,,,,,,,,,,,,,,,,,,,,,,,,,,,,,,,,,,,,,,,,,,,,,,,,,,556.4515329001006,556.4655679001007,556.4655679001007,560.0143139000284,2.0,1.0,14,001,male,21,2024-11-22_16h12.36.680,solo project,2024.2.1post4,59.293166154341044,2024-11-22 16h13.15.693745 +0530,
,,20,20,0,,,,,,,,,,,,,,21,Trying to pick up someone,3.0,0.0,,,,,,,,,,,,,,,,,0,20,20,20,560.031456100056,,,,,,,,,,,,,,,,,,,,,,,,,,,,,,,,,,,,,,,,,,,,,,,,,,,,,,,,,560.0171161000617,560.031456100056,560.031456100056,565.681137500098,3.0,0.0,14,001,male,21,2024-11-22_16h12.36.680,solo project,2024.2.1post4,59.293166154341044,2024-11-22 16h13.15.693745 +0530,
,,21,21,0,,,,,,,,,,,,,,22,Returning goods to a store,2.0,3.0,,,,,,,,,,,,,,,,,0,21,21,21,565.6992686000885,,,,,,,,,,,,,,,,,,,,,,,,,,,,,,,,,,,,,,,,,,,,,,,,,,,,,,,,,565.6852190000936,565.6992686000885,565.6992686000885,571.4307441000128,2.0,3.0,14,001,male,21,2024-11-22_16h12.36.680,solo project,2024.2.1post4,59.293166154341044,2024-11-22 16h13.15.693745 +0530,
,,22,22,0,,,,,,,,,,,,,,23,Giving a party,3.0,3.0,,,,,,,,,,,,,,,,,0,22,22,22,571.4474209999898,,,,,,,,,,,,,,,,,,,,,,,,,,,,,,,,,,,,,,,,,,,,,,,,,,,,,,,,,571.4336523000384,571.4474209999898,571.4474209999898,574.6141707000788,3.0,3.0,14,001,male,21,2024-11-22_16h12.36.680,solo project,2024.2.1post4,59.293166154341044,2024-11-22 16h13.15.693745 +0530,
,,23,23,0,,,,,,,,,,,,,,24,Resisting a high pressure salesperson,3.0,3.0,,,,,,,,,,,,,,,,,0,23,23,23,574.6320438000839,,,,,,,,,,,,,,,,,,,,,,,,,,,,,,,,,,,,,,,,,,,,,,,,,,,,,,,,,574.6176358000375,574.6320438000839,574.6320438000839,583.7476811000379,3.0,3.0,14,001,male,21,2024-11-22_16h12.36.680,solo project,2024.2.1post4,59.293166154341044,2024-11-22 16h13.15.693745 +0530,
