﻿no_per,dsr_per,thisN,thisTrialN,thisRepN,slider.response,slider.rt,no_exp,dsr_exp,slider_2.response,imagefile,type,subtype,study_word,test_word,old_new,slider_3.response,slider_3.rt,lsas_no,lsas_situation,slider_4.response,slider_5.response,trials.thisRepN,trials.thisTrialN,trials.thisN,trials.thisIndex,trials_2.thisRepN,trials_2.thisTrialN,trials_2.thisN,trials_2.thisIndex,trials_3.thisRepN,trials_3.thisTrialN,trials_3.thisN,trials_3.thisIndex,trials_4.thisRepN,trials_4.thisTrialN,trials_4.thisN,trials_4.thisIndex,trials_5.thisRepN,trials_5.thisTrialN,trials_5.thisN,trials_5.thisIndex,thisRow.t,notes,consent.started,consent.stopped,button.numClicks,button.timesOn,button.timesOff,dsr_personal.started,text.started,question.started,slider.started,dsr_personal.stopped,trials.slider.response,trials.slider.rt,dsr_experience.started,dsr_experience.stopped,trials_2.slider_2.response,instr.started,instr.stopped,key_resp.keys,key_resp.rt,key_resp.duration,encoding.started,fixation.started,study_image.started,studyword.started,fixation.stopped,study_image.stopped,studyword.stopped,encoding.stopped,test_instruction.started,key_resp_2.started,test_instruction.stopped,key_resp_2.keys,key_resp_2.rt,key_resp_2.duration,testing.started,t_word.started,slider_3.started,testing.stopped,trials_4.slider_3.response,trials_4.slider_3.rt,end.started,end.stopped,button_2.numClicks,button_2.timesOn,button_2.timesOff,brk.started,brk.stopped,key_resp_3.keys,key_resp_3.rt,key_resp_3.duration,lsas_instr.started,lsas_instr.stopped,key_resp_4.keys,key_resp_4.rt,key_resp_4.duration,lsas.started,text_2.started,text_3.started,lsas.stopped,trials_5.slider_4.response,trials_5.slider_5.response,participant,session,sex,age,date,expName,psychopyVersion,frameRate,expStart,
,,,,,,,,,,,,,,,,,,,,,,,,,,,,,,,,,,,,,,,,,,,,0.008520100032910705,20.913224200019613,1,[20.897791799972765],[20.89779770001769],,,,,,,,,,,,,,,,,,,,,,,,,,,,,,,,,,,,,,,,,,,,,,,,,,,,,,,,,15,001,female,24,2024-11-22_16h43.14.290,solo project,2024.2.1post4,59.53830427115459,2024-11-22 16h43.29.085017 +0530,
1,"I might be willing to try eating monkey meat, under some circumstances.",0,0,0,0.0,16.202414899948053,,,,,,,,,,,,,,,,0,0,0,0,,,,,,,,,,,,,,,,,20.94188739999663,,,,,,,20.928278999985196,20.94188739999663,20.94188739999663,20.94188739999663,37.14516039995942,0.0,16.202414899948053,,,,,,,,,,,,,,,,,,,,,,,,,,,,,,,,,,,,,,,,,,,,,,,,,,15,001,female,24,2024-11-22_16h43.14.290,solo project,2024.2.1post4,59.53830427115459,2024-11-22 16h43.29.085017 +0530,
2,It would bother me to be in a science class and to see a human preserved in a jar.,1,1,0,2.0,11.145137000014074,,,,,,,,,,,,,,,,0,1,1,1,,,,,,,,,,,,,,,,,37.16079230001196,,,,,,,37.15028559998609,37.16079230001196,37.16079230001196,37.16079230001196,48.311443599988706,2.0,11.145137000014074,,,,,,,,,,,,,,,,,,,,,,,,,,,,,,,,,,,,,,,,,,,,,,,,,,15,001,female,24,2024-11-22_16h43.14.290,solo project,2024.2.1post4,59.53830427115459,2024-11-22 16h43.29.085017 +0530,
3,It bothers me to hear someone clear a throat full of mucous.,2,2,0,2.0,7.998303100001067,,,,,,,,,,,,,,,,0,2,2,2,,,,,,,,,,,,,,,,,48.32684400002472,,,,,,,48.315318200038746,48.32684400002472,48.32684400002472,48.32684400002472,56.32792099996004,2.0,7.998303100001067,,,,,,,,,,,,,,,,,,,,,,,,,,,,,,,,,,,,,,,,,,,,,,,,,,15,001,female,24,2024-11-22_16h43.14.290,solo project,2024.2.1post4,59.53830427115459,2024-11-22 16h43.29.085017 +0530,
4,I never let any part of my body touch the toilet seat in public restrooms.,3,3,0,3.0,8.696185000007972,,,,,,,,,,,,,,,,0,3,3,3,,,,,,,,,,,,,,,,,56.34321419999469,,,,,,,56.33217109995894,56.34321419999469,56.34321419999469,56.34321419999469,65.04452969995327,3.0,8.696185000007972,,,,,,,,,,,,,,,,,,,,,,,,,,,,,,,,,,,,,,,,,,,,,,,,,,15,001,female,24,2024-11-22_16h43.14.290,solo project,2024.2.1post4,59.53830427115459,2024-11-22 16h43.29.085017 +0530,
5,I would go out of my way to avoid walking through a graveyard.,4,4,0,1.0,10.347694199997932,,,,,,,,,,,,,,,,0,4,4,4,,,,,,,,,,,,,,,,,65.06002049997915,,,,,,,65.04761969996616,65.06002049997915,65.06002049997915,65.06002049997915,75.41076709993649,1.0,10.347694199997932,,,,,,,,,,,,,,,,,,,,,,,,,,,,,,,,,,,,,,,,,,,,,,,,,,15,001,female,24,2024-11-22_16h43.14.290,solo project,2024.2.1post4,59.53830427115459,2024-11-22 16h43.29.085017 +0530,
6,Seeing a cockroach in someone else's house doesn't bother me.,5,5,0,4.0,5.012194399954751,,,,,,,,,,,,,,,,0,5,5,5,,,,,,,,,,,,,,,,,75.42624419997446,,,,,,,75.41594969993457,75.42624419997446,75.42624419997446,75.42624419997446,80.44409490004182,4.0,5.012194399954751,,,,,,,,,,,,,,,,,,,,,,,,,,,,,,,,,,,,,,,,,,,,,,,,,,15,001,female,24,2024-11-22_16h43.14.290,solo project,2024.2.1post4,59.53830427115459,2024-11-22 16h43.29.085017 +0530,
7,It would bother me tremendously to touch a dead body.,6,6,0,4.0,9.147929099970497,,,,,,,,,,,,,,,,0,6,6,6,,,,,,,,,,,,,,,,,80.45952829997987,,,,,,,80.44712439994328,80.45952829997987,80.45952829997987,80.45952829997987,89.61092839995399,4.0,9.147929099970497,,,,,,,,,,,,,,,,,,,,,,,,,,,,,,,,,,,,,,,,,,,,,,,,,,15,001,female,24,2024-11-22_16h43.14.290,solo project,2024.2.1post4,59.53830427115459,2024-11-22 16h43.29.085017 +0530,
8,"If I see someone vomit, it makes me sick to my stomach.",7,7,0,4.0,10.847365000052378,,,,,,,,,,,,,,,,0,7,7,7,,,,,,,,,,,,,,,,,89.62671410001349,,,,,,,89.6138356999727,89.62671410001349,89.62671410001349,89.62671410001349,100.4773802999407,4.0,10.847365000052378,,,,,,,,,,,,,,,,,,,,,,,,,,,,,,,,,,,,,,,,,,,,,,,,,,15,001,female,24,2024-11-22_16h43.14.290,solo project,2024.2.1post4,59.53830427115459,2024-11-22 16h43.29.085017 +0530,
9,I probably would not go to my favorite restaurant if I found out that the cook had a cold.,8,8,0,3.0,8.296338999993168,,,,,,,,,,,,,,,,0,8,8,8,,,,,,,,,,,,,,,,,100.49262120004278,,,,,,,100.48165850003716,100.49262120004278,100.49262120004278,100.49262120004278,108.79384179995395,3.0,8.296338999993168,,,,,,,,,,,,,,,,,,,,,,,,,,,,,,,,,,,,,,,,,,,,,,,,,,15,001,female,24,2024-11-22_16h43.14.290,solo project,2024.2.1post4,59.53830427115459,2024-11-22 16h43.29.085017 +0530,
10,It would not upset me at all to watch a person with a glass eye take the eye out of the socket.,9,9,0,0.0,9.197115099988878,,,,,,,,,,,,,,,,0,9,9,9,,,,,,,,,,,,,,,,,108.80931329994928,,,,,,,108.7978653999744,108.80931329994928,108.80931329994928,108.80931329994928,118.01019339996856,0.0,9.197115099988878,,,,,,,,,,,,,,,,,,,,,,,,,,,,,,,,,,,,,,,,,,,,,,,,,,15,001,female,24,2024-11-22_16h43.14.290,solo project,2024.2.1post4,59.53830427115459,2024-11-22 16h43.29.085017 +0530,
11,It would bother me to see a rat run across my path in a park.,10,10,0,0.0,5.915259000030346,,,,,,,,,,,,,,,,0,10,10,10,,,,,,,,,,,,,,,,,118.0259266999783,,,,,,,118.013237999985,118.0259266999783,118.0259266999783,118.0259266999783,123.94383090001065,0.0,5.915259000030346,,,,,,,,,,,,,,,,,,,,,,,,,,,,,,,,,,,,,,,,,,,,,,,,,,15,001,female,24,2024-11-22_16h43.14.290,solo project,2024.2.1post4,59.53830427115459,2024-11-22 16h43.29.085017 +0530,
12,I would rather eat a piece of fruit than a piece of paper.,11,11,0,4.0,5.864830399979837,,,,,,,,,,,,,,,,0,11,11,11,,,,,,,,,,,,,,,,,123.95946059993003,,,,,,,123.94671539997216,123.95946059993003,123.95946059993003,123.95946059993003,129.82695210003294,4.0,5.864830399979837,,,,,,,,,,,,,,,,,,,,,,,,,,,,,,,,,,,,,,,,,,,,,,,,,,15,001,female,24,2024-11-22_16h43.14.290,solo project,2024.2.1post4,59.53830427115459,2024-11-22 16h43.29.085017 +0530,
13,"Even if I was hungry, I would not drink a bowl of my favorite soup if It had been stirred by a used but thoroughly washed flyswatter.",12,12,0,4.0,13.645113300066441,,,,,,,,,,,,,,,,0,12,12,12,,,,,,,,,,,,,,,,,129.84427050000522,,,,,,,129.83280239999294,129.84427050000522,129.84427050000522,129.84427050000522,143.49374559998978,4.0,13.645113300066441,,,,,,,,,,,,,,,,,,,,,,,,,,,,,,,,,,,,,,,,,,,,,,,,,,15,001,female,24,2024-11-22_16h43.14.290,solo project,2024.2.1post4,59.53830427115459,2024-11-22 16h43.29.085017 +0530,
14,It would bother me to sleep in a nice hotel room if I knew that a man had died of a heart attack in that room the night before.,13,13,0,0.0,7.578377000056207,,,,,,,,,,,,,,,,0,13,13,13,,,,,,,,,,,,,,,,,143.50868530001026,,,,,,,143.49877379997633,143.50868530001026,143.50868530001026,143.50868530001026,151.09349090000615,0.0,7.578377000056207,,,,,,,,,,,,,,,,,,,,,,,,,,,,,,,,,,,,,,,,,,,,,,,,,,15,001,female,24,2024-11-22_16h43.14.290,solo project,2024.2.1post4,59.53830427115459,2024-11-22 16h43.29.085017 +0530,
,,0,0,0,,,15,You see maggots on a piece of meat in an outdoor or garbage pail.,3.0,,,,,,,,,,,,,,,,,0,0,0,0,,,,,,,,,,,,,151.11671620002016,,,,,,,,,,,,,,151.1024022999918,170.3428799000103,3.0,,,,,,,,,,,,,,,,,,,,,,,,,,,,,,,,,,,,,,,,,,,,,,,15,001,female,24,2024-11-22_16h43.14.290,solo project,2024.2.1post4,59.53830427115459,2024-11-22 16h43.29.085017 +0530,
,,1,1,0,,,16,You see person eating apple with a knife and fork.,0.0,,,,,,,,,,,,,,,,,0,1,1,1,,,,,,,,,,,,,170.3583978000097,,,,,,,,,,,,,,170.3458810999291,178.44300450000446,0.0,,,,,,,,,,,,,,,,,,,,,,,,,,,,,,,,,,,,,,,,,,,,,,,15,001,female,24,2024-11-22_16h43.14.290,solo project,2024.2.1post4,59.53830427115459,2024-11-22 16h43.29.085017 +0530,
,,2,2,0,,,17,"While you are walking through a tunner under a railroad track, you smell urine.",2.0,,,,,,,,,,,,,,,,,0,2,2,2,,,,,,,,,,,,,178.45847199996933,,,,,,,,,,,,,,178.44793929997832,190.19303429999854,2.0,,,,,,,,,,,,,,,,,,,,,,,,,,,,,,,,,,,,,,,,,,,,,,,15,001,female,24,2024-11-22_16h43.14.290,solo project,2024.2.1post4,59.53830427115459,2024-11-22 16h43.29.085017 +0530,
,,3,3,0,,,18,"You take a sip of soda, an then realize that you drank from the glass that an acquaintance of yours had been drinking from.",0.0,,,,,,,,,,,,,,,,,0,3,3,3,,,,,,,,,,,,,190.20921679993626,,,,,,,,,,,,,,190.19928669999354,200.27583599998616,0.0,,,,,,,,,,,,,,,,,,,,,,,,,,,,,,,,,,,,,,,,,,,,,,,15,001,female,24,2024-11-22_16h43.14.290,solo project,2024.2.1post4,59.53830427115459,2024-11-22 16h43.29.085017 +0530,
,,4,4,0,,,19,"Your friend's pet cat dies, and you have to pick up the dead body with your bare hands.",2.0,,,,,,,,,,,,,,,,,0,4,4,4,,,,,,,,,,,,,200.29169919993728,,,,,,,,,,,,,,200.27966390002985,208.39227990002837,2.0,,,,,,,,,,,,,,,,,,,,,,,,,,,,,,,,,,,,,,,,,,,,,,,15,001,female,24,2024-11-22_16h43.14.290,solo project,2024.2.1post4,59.53830427115459,2024-11-22 16h43.29.085017 +0530,
,,5,5,0,,,20,You see someone put ketchup on vanilla ice cream and eat it.,4.0,,,,,,,,,,,,,,,,,0,5,5,5,,,,,,,,,,,,,208.40797299996484,,,,,,,,,,,,,,208.3953448999673,212.85897349996958,4.0,,,,,,,,,,,,,,,,,,,,,,,,,,,,,,,,,,,,,,,,,,,,,,,15,001,female,24,2024-11-22_16h43.14.290,solo project,2024.2.1post4,59.53830427115459,2024-11-22 16h43.29.085017 +0530,
,,6,6,0,,,21,You see a man with his intestines exposed after an accident.,3.0,,,,,,,,,,,,,,,,,0,6,6,6,,,,,,,,,,,,,212.8744696000358,,,,,,,,,,,,,,212.86288170004264,218.97542679996695,3.0,,,,,,,,,,,,,,,,,,,,,,,,,,,,,,,,,,,,,,,,,,,,,,,15,001,female,24,2024-11-22_16h43.14.290,solo project,2024.2.1post4,59.53830427115459,2024-11-22 16h43.29.085017 +0530,
,,7,7,0,,,22,You discover that a friend of yours changes underwear only once a week.,4.0,,,,,,,,,,,,,,,,,0,7,7,7,,,,,,,,,,,,,218.99108700000215,,,,,,,,,,,,,,218.97883070004173,226.09192709997296,4.0,,,,,,,,,,,,,,,,,,,,,,,,,,,,,,,,,,,,,,,,,,,,,,,15,001,female,24,2024-11-22_16h43.14.290,solo project,2024.2.1post4,59.53830427115459,2024-11-22 16h43.29.085017 +0530,
,,8,8,0,,,23,A friend offers you a piece of chocolate shaped like dog-doo.,0.0,,,,,,,,,,,,,,,,,0,8,8,8,,,,,,,,,,,,,226.1076140999794,,,,,,,,,,,,,,226.09656989993528,237.4587246000301,0.0,,,,,,,,,,,,,,,,,,,,,,,,,,,,,,,,,,,,,,,,,,,,,,,15,001,female,24,2024-11-22_16h43.14.290,solo project,2024.2.1post4,59.53830427115459,2024-11-22 16h43.29.085017 +0530,
,,9,9,0,,,24,You accidentally touch the ashes of a person who has been cremated.,0.0,,,,,,,,,,,,,,,,,0,9,9,9,,,,,,,,,,,,,237.47475099994335,,,,,,,,,,,,,,237.46213609992992,245.99181899998803,0.0,,,,,,,,,,,,,,,,,,,,,,,,,,,,,,,,,,,,,,,,,,,,,,,15,001,female,24,2024-11-22_16h43.14.290,solo project,2024.2.1post4,59.53830427115459,2024-11-22 16h43.29.085017 +0530,
,,10,10,0,,,25,You are about to drink a glass of milk when you smell that it is spoiled.,3.0,,,,,,,,,,,,,,,,,0,10,10,10,,,,,,,,,,,,,246.00743560004048,,,,,,,,,,,,,,245.99581829993986,252.54239970003255,3.0,,,,,,,,,,,,,,,,,,,,,,,,,,,,,,,,,,,,,,,,,,,,,,,15,001,female,24,2024-11-22_16h43.14.290,solo project,2024.2.1post4,59.53830427115459,2024-11-22 16h43.29.085017 +0530,
,,11,11,0,,,26,"As a part of a sex education class, you are required to inflate a new unlubricated condom using your mouth.",0.0,,,,,,,,,,,,,,,,,0,11,11,11,,,,,,,,,,,,,252.55795099993702,,,,,,,,,,,,,,252.5470550999744,264.4084768999601,0.0,,,,,,,,,,,,,,,,,,,,,,,,,,,,,,,,,,,,,,,,,,,,,,,15,001,female,24,2024-11-22_16h43.14.290,solo project,2024.2.1post4,59.53830427115459,2024-11-22 16h43.29.085017 +0530,
,,12,12,0,,,27,"You are walking barefoot on concrete, and you step on an earthworm.",4.0,,,,,,,,,,,,,,,,,0,12,12,12,,,,,,,,,,,,,264.4238391999388,,,,,,,,,,,,,,264.411900099949,272.5252040999476,4.0,,,,,,,,,,,,,,,,,,,,,,,,,,,,,,,,,,,,,,,,,,,,,,,15,001,female,24,2024-11-22_16h43.14.290,solo project,2024.2.1post4,59.53830427115459,2024-11-22 16h43.29.085017 +0530,
,,,,,,,,,,,,,,,,,,,,,,,,,,,,,,,,,,,,,,,,,,,,,,,,,,,,,,,,,,,272.52531439997256,293.0615556000266,space,20.51724810001906,None,,,,,,,,,,,,,,,,,,,,,,,,,,,,,,,,,,,,,,,,,,15,001,female,24,2024-11-22_16h43.14.290,solo project,2024.2.1post4,59.53830427115459,2024-11-22 16h43.29.085017 +0530,
,,0,0,0,,,,,,images/1100_animals_neutral_lum.jpg,neutral,animal,nursery,,,,,,,,,,,,,,,,,0,0,0,15,,,,,,,,,293.09083679993637,,,,,,,,,,,,,,,,,,,,,,293.0861825000029,293.09083679993637,294.0766624000389,294.0766624000389,294.09338870004285,296.07928780000657,296.07928780000657,296.06100500002503,,,,,,,,,,,,,,,,,,,,,,,,,,,,,,,,,,15,001,female,24,2024-11-22_16h43.14.290,solo project,2024.2.1post4,59.53830427115459,2024-11-22 16h43.29.085017 +0530,
,,1,1,0,,,,,,images/1291_hygiene neutral_lum.jpg,neutral,hygeine,hard,,,,,,,,,,,,,,,,,0,1,1,5,,,,,,,,,296.07928780000657,,,,,,,,,,,,,,,,,,,,,,296.07600789994467,296.07928780000657,297.07697219995316,297.07697219995316,297.09381690004375,299.07906300004106,299.07906300004106,299.06074520002585,,,,,,,,,,,,,,,,,,,,,,,,,,,,,,,,,,15,001,female,24,2024-11-22_16h43.14.290,solo project,2024.2.1post4,59.53830427115459,2024-11-22 16h43.29.085017 +0530,
,,2,2,0,,,,,,images/1143_body products neutral_lum.jpg,neutral,body product,invest,,,,,,,,,,,,,,,,,0,2,2,6,,,,,,,,,299.07906300004106,,,,,,,,,,,,,,,,,,,,,,299.0747641000198,299.07906300004106,300.0767177999951,300.0767177999951,300.0934907000046,302.0787684000097,302.0787684000097,302.0609562000027,,,,,,,,,,,,,,,,,,,,,,,,,,,,,,,,,,15,001,female,24,2024-11-22_16h43.14.290,solo project,2024.2.1post4,59.53830427115459,2024-11-22 16h43.29.085017 +0530,
,,3,3,0,,,,,,images/1153_injuries_infections_lum.jpg,disgust,injury/infection,elevator,,,,,,,,,,,,,,,,,0,3,3,2,,,,,,,,,302.0787684000097,,,,,,,,,,,,,,,,,,,,,,302.0752113999333,302.0787684000097,303.07718329993077,303.07718329993077,303.0935412000399,305.0797913999995,305.0797913999995,305.0608251999365,,,,,,,,,,,,,,,,,,,,,,,,,,,,,,,,,,15,001,female,24,2024-11-22_16h43.14.290,solo project,2024.2.1post4,59.53830427115459,2024-11-22 16h43.29.085017 +0530,
,,4,4,0,,,,,,images/1223_death_lum.jpg,disgust,death,mischief,,,,,,,,,,,,,,,,,0,4,4,13,,,,,,,,,305.0797913999995,,,,,,,,,,,,,,,,,,,,,,305.07658769993577,305.0797913999995,306.07686689996626,306.07686689996626,306.0938726000022,308.07851789996494,308.07851789996494,308.060587999993,,,,,,,,,,,,,,,,,,,,,,,,,,,,,,,,,,15,001,female,24,2024-11-22_16h43.14.290,solo project,2024.2.1post4,59.53830427115459,2024-11-22 16h43.29.085017 +0530,
,,5,5,0,,,,,,images/1073_animals_lum.jpg,disgust,animal,journal,,,,,,,,,,,,,,,,,0,5,5,7,,,,,,,,,308.07851789996494,,,,,,,,,,,,,,,,,,,,,,308.0748728000326,308.07851789996494,309.0763695000205,309.0763695000205,309.0942510999739,311.0787668999983,311.0787668999983,311.06038759998046,,,,,,,,,,,,,,,,,,,,,,,,,,,,,,,,,,15,001,female,24,2024-11-22_16h43.14.290,solo project,2024.2.1post4,59.53830427115459,2024-11-22 16h43.29.085017 +0530,
,,6,6,0,,,,,,images/1062_animals_lum.jpg,disgust,animal,ennui,,,,,,,,,,,,,,,,,0,6,6,3,,,,,,,,,311.0787668999983,,,,,,,,,,,,,,,,,,,,,,311.07393640000373,311.0787668999983,312.07673189998604,312.07673189998604,312.0933402000228,314.07939309999347,314.07939309999347,314.0606288999552,,,,,,,,,,,,,,,,,,,,,,,,,,,,,,,,,,15,001,female,24,2024-11-22_16h43.14.290,solo project,2024.2.1post4,59.53830427115459,2024-11-22 16h43.29.085017 +0530,
,,7,7,0,,,,,,images/1044_food_neutral_lum.jpg,neutral,food,custom,,,,,,,,,,,,,,,,,0,7,7,1,,,,,,,,,314.07939309999347,,,,,,,,,,,,,,,,,,,,,,314.07427740003914,314.07939309999347,315.07679760002065,315.07679760002065,315.0935550000286,317.07881540001836,317.07881540001836,317.06076559994835,,,,,,,,,,,,,,,,,,,,,,,,,,,,,,,,,,15,001,female,24,2024-11-22_16h43.14.290,solo project,2024.2.1post4,59.53830427115459,2024-11-22 16h43.29.085017 +0530,
,,8,8,0,,,,,,images/1192_injuries_infections neutral_lum.jpg,neutral,injury/infection,stove,,,,,,,,,,,,,,,,,0,8,8,26,,,,,,,,,317.07881540001836,,,,,,,,,,,,,,,,,,,,,,317.0740711999824,317.07881540001836,318.07671529997606,318.07671529997606,318.0935760999564,320.0798649999779,320.0798649999779,320.06037469999865,,,,,,,,,,,,,,,,,,,,,,,,,,,,,,,,,,15,001,female,24,2024-11-22_16h43.14.290,solo project,2024.2.1post4,59.53830427115459,2024-11-22 16h43.29.085017 +0530,
,,9,9,0,,,,,,images/1250_death neutral_lum.jpg,neutral,death,neurotic,,,,,,,,,,,,,,,,,0,9,9,14,,,,,,,,,320.0798649999779,,,,,,,,,,,,,,,,,,,,,,320.0743170999922,320.0798649999779,321.07688379997853,321.07688379997853,321.09354909998365,323.0776668000035,323.0776668000035,323.0604761999566,,,,,,,,,,,,,,,,,,,,,,,,,,,,,,,,,,15,001,female,24,2024-11-22_16h43.14.290,solo project,2024.2.1post4,59.53830427115459,2024-11-22 16h43.29.085017 +0530,
,,10,10,0,,,,,,images/1041_food_neutral_lum.jpg,neutral,food,trumpet,,,,,,,,,,,,,,,,,0,10,10,27,,,,,,,,,323.0776668000035,,,,,,,,,,,,,,,,,,,,,,323.07390009996016,323.0776668000035,324.07652699993923,324.07652699993923,324.09349889995065,326.0807596000377,326.0807596000377,326.0603769000154,,,,,,,,,,,,,,,,,,,,,,,,,,,,,,,,,,15,001,female,24,2024-11-22_16h43.14.290,solo project,2024.2.1post4,59.53830427115459,2024-11-22 16h43.29.085017 +0530,
,,11,11,0,,,,,,images/1202_death_lum.jpg,disgust,death,lantern,,,,,,,,,,,,,,,,,0,11,11,8,,,,,,,,,326.0807596000377,,,,,,,,,,,,,,,,,,,,,,326.07573989999946,326.0807596000377,327.07632979995105,327.07632979995105,327.0934084999608,329.0798472999595,329.0798472999595,329.0602326999651,,,,,,,,,,,,,,,,,,,,,,,,,,,,,,,,,,15,001,female,24,2024-11-22_16h43.14.290,solo project,2024.2.1post4,59.53830427115459,2024-11-22 16h43.29.085017 +0530,
,,12,12,0,,,,,,images/1099_animals_neutral_lum.jpg,neutral,animal,coast,,,,,,,,,,,,,,,,,0,12,12,0,,,,,,,,,329.0798472999595,,,,,,,,,,,,,,,,,,,,,,329.07457459997386,329.0798472999595,330.07629570004065,330.07629570004065,330.0930392999435,332.0806959000183,332.0806959000183,332.06029839999974,,,,,,,,,,,,,,,,,,,,,,,,,,,,,,,,,,15,001,female,24,2024-11-22_16h43.14.290,solo project,2024.2.1post4,59.53830427115459,2024-11-22 16h43.29.085017 +0530,
,,13,13,0,,,,,,images/1253_hygiene_lum.jpg,disgust,hygeine,manner,,,,,,,,,,,,,,,,,0,13,13,11,,,,,,,,,332.0806959000183,,,,,,,,,,,,,,,,,,,,,,332.0753245999804,332.0806959000183,333.07649490004405,333.07649490004405,333.092983599985,335.0786908000009,335.0786908000009,335.060527499998,,,,,,,,,,,,,,,,,,,,,,,,,,,,,,,,,,15,001,female,24,2024-11-22_16h43.14.290,solo project,2024.2.1post4,59.53830427115459,2024-11-22 16h43.29.085017 +0530,
,,14,14,0,,,,,,images/1149_body products neutral_lum.jpg,neutral,body product,skeptical,,,,,,,,,,,,,,,,,0,14,14,24,,,,,,,,,335.0786908000009,,,,,,,,,,,,,,,,,,,,,,335.07515209994745,335.0786908000009,336.076671399991,336.076671399991,336.0928999999305,338.077610700042,338.077610700042,338.06009549996816,,,,,,,,,,,,,,,,,,,,,,,,,,,,,,,,,,15,001,female,24,2024-11-22_16h43.14.290,solo project,2024.2.1post4,59.53830427115459,2024-11-22 16h43.29.085017 +0530,
,,15,15,0,,,,,,images/1093_animals_neutral_lum.jpg,neutral,animal,lighthouse,,,,,,,,,,,,,,,,,0,15,15,9,,,,,,,,,338.077610700042,,,,,,,,,,,,,,,,,,,,,,338.07428770000115,338.077610700042,339.0766264999984,339.0766264999984,339.0928215000313,341.07906280003954,341.07906280003954,341.0600484999595,,,,,,,,,,,,,,,,,,,,,,,,,,,,,,,,,,15,001,female,24,2024-11-22_16h43.14.290,solo project,2024.2.1post4,59.53830427115459,2024-11-22 16h43.29.085017 +0530,
,,16,16,0,,,,,,images/1200_injuries_infections neutral_lum.jpg,neutral,injury/infection,village,,,,,,,,,,,,,,,,,0,16,16,28,,,,,,,,,341.07906280003954,,,,,,,,,,,,,,,,,,,,,,341.0740633000387,341.07906280003954,342.0763093000278,342.0763093000278,342.09332039998844,344.07937429996673,344.07937429996673,344.06005410000216,,,,,,,,,,,,,,,,,,,,,,,,,,,,,,,,,,15,001,female,24,2024-11-22_16h43.14.290,solo project,2024.2.1post4,59.53830427115459,2024-11-22 16h43.29.085017 +0530,
,,17,17,0,,,,,,images/1001_food_lum.jpg,disgust,food,radiator,,,,,,,,,,,,,,,,,0,17,17,18,,,,,,,,,344.07937429996673,,,,,,,,,,,,,,,,,,,,,,344.07475289993454,344.07937429996673,345.075977499946,345.075977499946,345.09285929996986,347.0795180000132,347.0795180000132,347.060083999997,,,,,,,,,,,,,,,,,,,,,,,,,,,,,,,,,,15,001,female,24,2024-11-22_16h43.14.290,solo project,2024.2.1post4,59.53830427115459,2024-11-22 16h43.29.085017 +0530,
,,18,18,0,,,,,,images/1118_body products_lum.jpg,disgust,body product,reverent,,,,,,,,,,,,,,,,,0,18,18,22,,,,,,,,,347.0795180000132,,,,,,,,,,,,,,,,,,,,,,347.0746565000154,347.0795180000132,348.07639349997044,348.07639349997044,348.09274500003085,350.0804052000167,350.0804052000167,350.059877499938,,,,,,,,,,,,,,,,,,,,,,,,,,,,,,,,,,15,001,female,24,2024-11-22_16h43.14.290,solo project,2024.2.1post4,59.53830427115459,2024-11-22 16h43.29.085017 +0530,
,,19,19,0,,,,,,images/1104_body products_lum.jpg,disgust,body product,material,,,,,,,,,,,,,,,,,0,19,19,12,,,,,,,,,350.0804052000167,,,,,,,,,,,,,,,,,,,,,,350.07539350003935,350.0804052000167,351.07629749993794,351.07629749993794,351.0933150999481,353.0794508999679,353.0794508999679,353.0598821999738,,,,,,,,,,,,,,,,,,,,,,,,,,,,,,,,,,15,001,female,24,2024-11-22_16h43.14.290,solo project,2024.2.1post4,59.53830427115459,2024-11-22 16h43.29.085017 +0530,
,,20,20,0,,,,,,images/1165_injuries_infections_lum.jpg,disgust,injury/infection,glacier,,,,,,,,,,,,,,,,,0,20,20,4,,,,,,,,,353.0794508999679,,,,,,,,,,,,,,,,,,,,,,353.0743762999773,353.0794508999679,354.07594689994585,354.07594689994585,354.0927395999897,356.0791567999404,356.0791567999404,356.0599176000105,,,,,,,,,,,,,,,,,,,,,,,,,,,,,,,,,,15,001,female,24,2024-11-22_16h43.14.290,solo project,2024.2.1post4,59.53830427115459,2024-11-22 16h43.29.085017 +0530,
,,21,21,0,,,,,,images/1299_hygiene neutral_lum.jpg,neutral,hygeine,rancid,,,,,,,,,,,,,,,,,0,21,21,19,,,,,,,,,356.0791567999404,,,,,,,,,,,,,,,,,,,,,,356.0741444999585,356.0791567999404,357.0762030000333,357.0762030000333,357.09279589995276,359.07975149992853,359.07975149992853,359.05989809997845,,,,,,,,,,,,,,,,,,,,,,,,,,,,,,,,,,15,001,female,24,2024-11-22_16h43.14.290,solo project,2024.2.1post4,59.53830427115459,2024-11-22 16h43.29.085017 +0530,
,,22,22,0,,,,,,images/1107_body products_lum.jpg,disgust,body product,passage,,,,,,,,,,,,,,,,,0,22,22,16,,,,,,,,,359.07975149992853,,,,,,,,,,,,,,,,,,,,,,359.07417359994724,359.07975149992853,360.0758981000399,360.0758981000399,360.09247929998673,362.07943249994423,362.07943249994423,362.0598877000157,,,,,,,,,,,,,,,,,,,,,,,,,,,,,,,,,,15,001,female,24,2024-11-22_16h43.14.290,solo project,2024.2.1post4,59.53830427115459,2024-11-22 16h43.29.085017 +0530,
,,23,23,0,,,,,,images/1049_food_neutral_lum.jpg,neutral,food,privacy,,,,,,,,,,,,,,,,,0,23,23,17,,,,,,,,,362.07943249994423,,,,,,,,,,,,,,,,,,,,,,362.07431069994345,362.07943249994423,363.0759938999545,363.0759938999545,363.0926509000128,365.0776984000113,365.0776984000113,365.05973430001177,,,,,,,,,,,,,,,,,,,,,,,,,,,,,,,,,,15,001,female,24,2024-11-22_16h43.14.290,solo project,2024.2.1post4,59.53830427115459,2024-11-22 16h43.29.085017 +0530,
,,24,24,0,,,,,,images/1271_hygiene_lum.jpg,disgust,hygeine,limber,,,,,,,,,,,,,,,,,0,24,24,10,,,,,,,,,365.0776984000113,,,,,,,,,,,,,,,,,,,,,,365.0744408000028,365.0776984000113,366.0760302999988,366.0760302999988,366.0927672999678,368.0786644000327,368.0786644000327,368.060438000015,,,,,,,,,,,,,,,,,,,,,,,,,,,,,,,,,,15,001,female,24,2024-11-22_16h43.14.290,solo project,2024.2.1post4,59.53830427115459,2024-11-22 16h43.29.085017 +0530,
,,25,25,0,,,,,,images/1146_body products neutral_lum.jpg,neutral,body product,reptile,,,,,,,,,,,,,,,,,0,25,25,21,,,,,,,,,368.0786644000327,,,,,,,,,,,,,,,,,,,,,,368.07378860004246,368.0786644000327,369.0758472000016,369.0758472000016,369.0928884999594,371.07856649998575,371.07856649998575,371.05976460000966,,,,,,,,,,,,,,,,,,,,,,,,,,,,,,,,,,15,001,female,24,2024-11-22_16h43.14.290,solo project,2024.2.1post4,59.53830427115459,2024-11-22 16h43.29.085017 +0530,
,,26,26,0,,,,,,images/1054_animals_lum.jpg,disgust,animal,serious,,,,,,,,,,,,,,,,,0,26,26,23,,,,,,,,,371.07856649998575,,,,,,,,,,,,,,,,,,,,,,371.07398470002227,371.07856649998575,372.0762119999854,372.0762119999854,372.09259200003,374.0777347999392,374.0777347999392,374.0599353000289,,,,,,,,,,,,,,,,,,,,,,,,,,,,,,,,,,15,001,female,24,2024-11-22_16h43.14.290,solo project,2024.2.1post4,59.53830427115459,2024-11-22 16h43.29.085017 +0530,
,,27,27,0,,,,,,images/1247_death neutral_lum.jpg,neutral,death,wine,,,,,,,,,,,,,,,,,0,27,27,29,,,,,,,,,374.0777347999392,,,,,,,,,,,,,,,,,,,,,,374.07447989995126,374.0777347999392,375.07576939999126,375.07576939999126,375.09199849993456,377.07894349994604,377.07894349994604,377.0596116000088,,,,,,,,,,,,,,,,,,,,,,,,,,,,,,,,,,15,001,female,24,2024-11-22_16h43.14.290,solo project,2024.2.1post4,59.53830427115459,2024-11-22 16h43.29.085017 +0530,
,,28,28,0,,,,,,images/1032_food_lum.jpg,disgust,food,rattle,,,,,,,,,,,,,,,,,0,28,28,20,,,,,,,,,377.07894349994604,,,,,,,,,,,,,,,,,,,,,,377.07357470004354,377.07894349994604,378.075919099967,378.075919099967,378.09256589994766,380.0787290999433,380.0787290999433,380.05962079996243,,,,,,,,,,,,,,,,,,,,,,,,,,,,,,,,,,15,001,female,24,2024-11-22_16h43.14.290,solo project,2024.2.1post4,59.53830427115459,2024-11-22 16h43.29.085017 +0530,
,,29,29,0,,,,,,images/1013_food_lum.jpg,disgust,food,stiff,,,,,,,,,,,,,,,,,0,29,29,25,,,,,,,,,380.0787290999433,,,,,,,,,,,,,,,,,,,,,,380.0738500999287,380.0787290999433,381.0756170999957,381.0756170999957,381.0923060999485,383.0753831999609,383.0753831999609,383.05962339998223,,,,,,,,,,,,,,,,,,,,,,,,,,,,,,,,,,15,001,female,24,2024-11-22_16h43.14.290,solo project,2024.2.1post4,59.53830427115459,2024-11-22 16h43.29.085017 +0530,
,,,,,,,,,,,,,,,,,,,,,,,,,,,,,,,,,,,,,,,,,,,,,,,,,,,,,,,,,,,,,,,,,,,,,,,,383.05973899993114,2.0140093999216333,397.0930360000348,space,12.008330000098795,None,,,,,,,,,,,,,,,,,,,,,,,,,,,,15,001,female,24,2024-11-22_16h43.14.290,solo project,2024.2.1post4,59.53830427115459,2024-11-22 16h43.29.085017 +0530,
,,0,0,0,,,,,,,None,None,,storm,new,2.0,7.03311770001892,,,,,,,,,,,,,,,,,0,0,0,52,,,,,397.1828632999677,,,,,,,,,,,,,,,,,,,,,,,,,,,,,,,,,,,,397.17280729999766,397.1828632999677,397.1828632999677,404.221609500004,2.0,7.03311770001892,,,,,,,,,,,,,,,,,,,,,,15,001,female,24,2024-11-22_16h43.14.290,solo project,2024.2.1post4,59.53830427115459,2024-11-22 16h43.29.085017 +0530,
,,1,1,0,,,,,,,None,None,,highway,new,2.0,4.32741329993587,,,,,,,,,,,,,,,,,0,1,1,37,,,,,404.23737530002836,,,,,,,,,,,,,,,,,,,,,,,,,,,,,,,,,,,,404.22877109993715,404.23737530002836,404.23737530002836,408.5714928000234,2.0,4.32741329993587,,,,,,,,,,,,,,,,,,,,,,15,001,female,24,2024-11-22_16h43.14.290,solo project,2024.2.1post4,59.53830427115459,2024-11-22 16h43.29.085017 +0530,
,,2,2,0,,,,,,,neutral,food,,privacy,old,1.0,2.463209899957292,,,,,,,,,,,,,,,,,0,2,2,17,,,,,408.5874107000418,,,,,,,,,,,,,,,,,,,,,,,,,,,,,,,,,,,,408.57675360003486,408.5874107000418,408.5874107000418,411.05512169993017,1.0,2.463209899957292,,,,,,,,,,,,,,,,,,,,,,15,001,female,24,2024-11-22_16h43.14.290,solo project,2024.2.1post4,59.53830427115459,2024-11-22 16h43.29.085017 +0530,
,,3,3,0,,,,,,,disgust,food,,stiff,old,2.0,2.581262100022286,,,,,,,,,,,,,,,,,0,3,3,25,,,,,411.07070719997864,,,,,,,,,,,,,,,,,,,,,,,,,,,,,,,,,,,,411.0587089000037,411.07070719997864,411.07070719997864,413.65520799998194,2.0,2.581262100022286,,,,,,,,,,,,,,,,,,,,,,15,001,female,24,2024-11-22_16h43.14.290,solo project,2024.2.1post4,59.53830427115459,2024-11-22 16h43.29.085017 +0530,
,,4,4,0,,,,,,,None,None,,rough,new,2.0,2.6142492999788374,,,,,,,,,,,,,,,,,0,4,4,46,,,,,413.6705643000314,,,,,,,,,,,,,,,,,,,,,,,,,,,,,,,,,,,,413.6590128999669,413.6705643000314,413.6705643000314,416.2884034999879,2.0,2.6142492999788374,,,,,,,,,,,,,,,,,,,,,,15,001,female,24,2024-11-22_16h43.14.290,solo project,2024.2.1post4,59.53830427115459,2024-11-22 16h43.29.085017 +0530,
,,5,5,0,,,,,,,disgust,animal,,journal,old,1.0,1.8791520000668243,,,,,,,,,,,,,,,,,0,5,5,7,,,,,416.30388220003806,,,,,,,,,,,,,,,,,,,,,,,,,,,,,,,,,,,,416.2934801999945,416.30388220003806,416.30388220003806,418.1881513999542,1.0,1.8791520000668243,,,,,,,,,,,,,,,,,,,,,,15,001,female,24,2024-11-22_16h43.14.290,solo project,2024.2.1post4,59.53830427115459,2024-11-22 16h43.29.085017 +0530,
,,6,6,0,,,,,,,None,None,,paint,new,1.0,1.5320931000169367,,,,,,,,,,,,,,,,,0,6,6,43,,,,,418.2037423000438,,,,,,,,,,,,,,,,,,,,,,,,,,,,,,,,,,,,418.19044749997556,418.2037423000438,418.2037423000438,419.738009099965,1.0,1.5320931000169367,,,,,,,,,,,,,,,,,,,,,,15,001,female,24,2024-11-22_16h43.14.290,solo project,2024.2.1post4,59.53830427115459,2024-11-22 16h43.29.085017 +0530,
,,7,7,0,,,,,,,disgust,death,,lantern,old,2.0,2.847545300028287,,,,,,,,,,,,,,,,,0,7,7,8,,,,,419.753571899957,,,,,,,,,,,,,,,,,,,,,,,,,,,,,,,,,,,,419.74165520002134,419.753571899957,419.753571899957,422.60499539994635,2.0,2.847545300028287,,,,,,,,,,,,,,,,,,,,,,15,001,female,24,2024-11-22_16h43.14.290,solo project,2024.2.1post4,59.53830427115459,2024-11-22 16h43.29.085017 +0530,
,,8,8,0,,,,,,,disgust,body product,,material,old,1.0,2.5640697999624535,,,,,,,,,,,,,,,,,0,8,8,12,,,,,422.6206031999318,,,,,,,,,,,,,,,,,,,,,,,,,,,,,,,,,,,,422.60791260004044,422.6206031999318,422.6206031999318,425.18799999996554,1.0,2.5640697999624535,,,,,,,,,,,,,,,,,,,,,,15,001,female,24,2024-11-22_16h43.14.290,solo project,2024.2.1post4,59.53830427115459,2024-11-22 16h43.29.085017 +0530,
,,9,9,0,,,,,,,neutral,hygeine,,rancid,old,2.0,2.5140393000328913,,,,,,,,,,,,,,,,,0,9,9,19,,,,,425.2036116999807,,,,,,,,,,,,,,,,,,,,,,,,,,,,,,,,,,,,425.1919548000442,425.2036116999807,425.2036116999807,427.72136830003,2.0,2.5140393000328913,,,,,,,,,,,,,,,,,,,,,,15,001,female,24,2024-11-22_16h43.14.290,solo project,2024.2.1post4,59.53830427115459,2024-11-22 16h43.29.085017 +0530,
,,10,10,0,,,,,,,None,None,,contents,new,2.0,1.1155657999916002,,,,,,,,,,,,,,,,,0,10,10,32,,,,,427.7371065999614,,,,,,,,,,,,,,,,,,,,,,,,,,,,,,,,,,,,427.723538500024,427.7371065999614,427.7371065999614,428.8543629000196,2.0,1.1155657999916002,,,,,,,,,,,,,,,,,,,,,,15,001,female,24,2024-11-22_16h43.14.290,solo project,2024.2.1post4,59.53830427115459,2024-11-22 16h43.29.085017 +0530,
,,11,11,0,,,,,,,None,None,,skyscraper,new,2.0,1.0640020000282675,,,,,,,,,,,,,,,,,0,11,11,51,,,,,428.87038520001806,,,,,,,,,,,,,,,,,,,,,,,,,,,,,,,,,,,,428.8584556999849,428.87038520001806,428.87038520001806,429.93835259997286,2.0,1.0640020000282675,,,,,,,,,,,,,,,,,,,,,,15,001,female,24,2024-11-22_16h43.14.290,solo project,2024.2.1post4,59.53830427115459,2024-11-22 16h43.29.085017 +0530,
,,12,12,0,,,,,,,None,None,,industry,new,2.0,0.9644698000047356,,,,,,,,,,,,,,,,,0,12,12,38,,,,,429.95403889997397,,,,,,,,,,,,,,,,,,,,,,,,,,,,,,,,,,,,429.94081419997383,429.95403889997397,429.95403889997397,430.921302099945,2.0,0.9644698000047356,,,,,,,,,,,,,,,,,,,,,,15,001,female,24,2024-11-22_16h43.14.290,solo project,2024.2.1post4,59.53830427115459,2024-11-22 16h43.29.085017 +0530,
,,13,13,0,,,,,,,neutral,animal,,lighthouse,old,2.0,1.6816093999659643,,,,,,,,,,,,,,,,,0,13,13,9,,,,,430.9373095999472,,,,,,,,,,,,,,,,,,,,,,,,,,,,,,,,,,,,430.9238234999357,430.9373095999472,430.9373095999472,432.62157900002785,2.0,1.6816093999659643,,,,,,,,,,,,,,,,,,,,,,15,001,female,24,2024-11-22_16h43.14.290,solo project,2024.2.1post4,59.53830427115459,2024-11-22 16h43.29.085017 +0530,
,,14,14,0,,,,,,,None,None,,whistle,new,2.0,2.8483507999917492,,,,,,,,,,,,,,,,,0,14,14,59,,,,,432.63676569995005,,,,,,,,,,,,,,,,,,,,,,,,,,,,,,,,,,,,432.6237904999871,432.63676569995005,432.63676569995005,435.4883671000134,2.0,2.8483507999917492,,,,,,,,,,,,,,,,,,,,,,15,001,female,24,2024-11-22_16h43.14.290,solo project,2024.2.1post4,59.53830427115459,2024-11-22 16h43.29.085017 +0530,
,,15,15,0,,,,,,,disgust,food,,rattle,old,1.0,1.6638242999324575,,,,,,,,,,,,,,,,,0,15,15,20,,,,,435.5037797000259,,,,,,,,,,,,,,,,,,,,,,,,,,,,,,,,,,,,435.49118689994793,435.5037797000259,435.5037797000259,437.171653999947,1.0,1.6638242999324575,,,,,,,,,,,,,,,,,,,,,,15,001,female,24,2024-11-22_16h43.14.290,solo project,2024.2.1post4,59.53830427115459,2024-11-22 16h43.29.085017 +0530,
,,16,16,0,,,,,,,None,None,,shadow,new,2.0,2.231035199947655,,,,,,,,,,,,,,,,,0,16,16,50,,,,,437.1870344999479,,,,,,,,,,,,,,,,,,,,,,,,,,,,,,,,,,,,437.1746002000291,437.1870344999479,437.1870344999479,439.4213721000124,2.0,2.231035199947655,,,,,,,,,,,,,,,,,,,,,,15,001,female,24,2024-11-22_16h43.14.290,solo project,2024.2.1post4,59.53830427115459,2024-11-22 16h43.29.085017 +0530,
,,17,17,0,,,,,,,None,None,,medicine,new,2.0,0.9320602000225335,,,,,,,,,,,,,,,,,0,17,17,42,,,,,439.4370544999838,,,,,,,,,,,,,,,,,,,,,,,,,,,,,,,,,,,,439.4235775000416,439.4370544999838,439.4370544999838,440.3714870000258,2.0,0.9320602000225335,,,,,,,,,,,,,,,,,,,,,,15,001,female,24,2024-11-22_16h43.14.290,solo project,2024.2.1post4,59.53830427115459,2024-11-22 16h43.29.085017 +0530,
,,18,18,0,,,,,,,None,None,,poetry,new,1.0,1.998112800065428,,,,,,,,,,,,,,,,,0,18,18,44,,,,,440.3870930999983,,,,,,,,,,,,,,,,,,,,,,,,,,,,,,,,,,,,440.3736517999787,440.3870930999983,440.3870930999983,442.3876221999526,1.0,1.998112800065428,,,,,,,,,,,,,,,,,,,,,,15,001,female,24,2024-11-22_16h43.14.290,solo project,2024.2.1post4,59.53830427115459,2024-11-22 16h43.29.085017 +0530,
,,19,19,0,,,,,,,None,None,,scissors,new,2.0,2.048270900035277,,,,,,,,,,,,,,,,,0,19,19,48,,,,,442.4036334999837,,,,,,,,,,,,,,,,,,,,,,,,,,,,,,,,,,,,442.38992190000135,442.4036334999837,442.4036334999837,444.45478200004436,2.0,2.048270900035277,,,,,,,,,,,,,,,,,,,,,,15,001,female,24,2024-11-22_16h43.14.290,solo project,2024.2.1post4,59.53830427115459,2024-11-22 16h43.29.085017 +0530,
,,20,20,0,,,,,,,disgust,animal,,serious,old,1.0,2.5818116000154987,,,,,,,,,,,,,,,,,0,20,20,23,,,,,444.4702420999529,,,,,,,,,,,,,,,,,,,,,,,,,,,,,,,,,,,,444.4570381999947,444.4702420999529,444.4702420999529,447.0544235999696,1.0,2.5818116000154987,,,,,,,,,,,,,,,,,,,,,,15,001,female,24,2024-11-22_16h43.14.290,solo project,2024.2.1post4,59.53830427115459,2024-11-22 16h43.29.085017 +0530,
,,21,21,0,,,,,,,neutral,animal,,nursery,old,1.0,2.0486300999764353,,,,,,,,,,,,,,,,,0,21,21,15,,,,,447.07042749994434,,,,,,,,,,,,,,,,,,,,,,,,,,,,,,,,,,,,447.05668209993746,447.07042749994434,447.07042749994434,449.1215378999477,1.0,2.0486300999764353,,,,,,,,,,,,,,,,,,,,,,15,001,female,24,2024-11-22_16h43.14.290,solo project,2024.2.1post4,59.53830427115459,2024-11-22 16h43.29.085017 +0530,
,,22,22,0,,,,,,,neutral,food,,trumpet,old,2.0,2.4650917999679223,,,,,,,,,,,,,,,,,0,22,22,27,,,,,449.1369779999368,,,,,,,,,,,,,,,,,,,,,,,,,,,,,,,,,,,,449.12405189999845,449.1369779999368,449.1369779999368,451.6046985000139,2.0,2.4650917999679223,,,,,,,,,,,,,,,,,,,,,,15,001,female,24,2024-11-22_16h43.14.290,solo project,2024.2.1post4,59.53830427115459,2024-11-22 16h43.29.085017 +0530,
,,23,23,0,,,,,,,None,None,,salute,new,2.0,0.8986655999906361,,,,,,,,,,,,,,,,,0,23,23,47,,,,,451.6201037999708,,,,,,,,,,,,,,,,,,,,,,,,,,,,,,,,,,,,451.60689029993955,451.6201037999708,451.6201037999708,452.52074760000687,2.0,0.8986655999906361,,,,,,,,,,,,,,,,,,,,,,15,001,female,24,2024-11-22_16h43.14.290,solo project,2024.2.1post4,59.53830427115459,2024-11-22 16h43.29.085017 +0530,
,,24,24,0,,,,,,,disgust,injury/infection,,elevator,old,2.0,2.1494046000298113,,,,,,,,,,,,,,,,,0,24,24,2,,,,,452.5372457000194,,,,,,,,,,,,,,,,,,,,,,,,,,,,,,,,,,,,452.52291529998183,452.5372457000194,452.5372457000194,454.68789029994514,2.0,2.1494046000298113,,,,,,,,,,,,,,,,,,,,,,15,001,female,24,2024-11-22_16h43.14.290,solo project,2024.2.1post4,59.53830427115459,2024-11-22 16h43.29.085017 +0530,
,,25,25,0,,,,,,,None,None,,concentrate,new,1.0,2.3647576000075787,,,,,,,,,,,,,,,,,0,25,25,31,,,,,454.70343819994014,,,,,,,,,,,,,,,,,,,,,,,,,,,,,,,,,,,,454.69036859995686,454.70343819994014,454.70343819994014,457.07149959995877,1.0,2.3647576000075787,,,,,,,,,,,,,,,,,,,,,,15,001,female,24,2024-11-22_16h43.14.290,solo project,2024.2.1post4,59.53830427115459,2024-11-22 16h43.29.085017 +0530,
,,26,26,0,,,,,,,disgust,body product,,reverent,old,2.0,1.731658799923025,,,,,,,,,,,,,,,,,0,26,26,22,,,,,457.086984799942,,,,,,,,,,,,,,,,,,,,,,,,,,,,,,,,,,,,457.0740241999738,457.086984799942,457.086984799942,458.8207425000146,2.0,1.731658799923025,,,,,,,,,,,,,,,,,,,,,,15,001,female,24,2024-11-22_16h43.14.290,solo project,2024.2.1post4,59.53830427115459,2024-11-22 16h43.29.085017 +0530,
,,27,27,0,,,,,,,None,None,,sentiment,new,2.0,0.9660422999877483,,,,,,,,,,,,,,,,,0,27,27,49,,,,,458.83665039995685,,,,,,,,,,,,,,,,,,,,,,,,,,,,,,,,,,,,458.82312339998316,458.83665039995685,458.83665039995685,459.8043216000078,2.0,0.9660422999877483,,,,,,,,,,,,,,,,,,,,,,15,001,female,24,2024-11-22_16h43.14.290,solo project,2024.2.1post4,59.53830427115459,2024-11-22 16h43.29.085017 +0530,
,,28,28,0,,,,,,,None,None,,lawn,new,2.0,0.9990844000130892,,,,,,,,,,,,,,,,,0,28,28,39,,,,,459.8199706999585,,,,,,,,,,,,,,,,,,,,,,,,,,,,,,,,,,,,459.80619569995906,459.8199706999585,459.8199706999585,460.8208070000401,2.0,0.9990844000130892,,,,,,,,,,,,,,,,,,,,,,15,001,female,24,2024-11-22_16h43.14.290,solo project,2024.2.1post4,59.53830427115459,2024-11-22 16h43.29.085017 +0530,
,,29,29,0,,,,,,,neutral,animal,,coast,old,2.0,1.1323960999725387,,,,,,,,,,,,,,,,,0,29,29,0,,,,,460.8371886999812,,,,,,,,,,,,,,,,,,,,,,,,,,,,,,,,,,,,460.8228322999785,460.8371886999812,460.8371886999812,461.970676500001,2.0,1.1323960999725387,,,,,,,,,,,,,,,,,,,,,,15,001,female,24,2024-11-22_16h43.14.290,solo project,2024.2.1post4,59.53830427115459,2024-11-22 16h43.29.085017 +0530,
,,30,30,0,,,,,,,None,None,,detail,new,2.0,0.9662551999790594,,,,,,,,,,,,,,,,,0,30,30,33,,,,,461.9867549999617,,,,,,,,,,,,,,,,,,,,,,,,,,,,,,,,,,,,461.9728498000186,461.9867549999617,461.9867549999617,462.9554770999821,2.0,0.9662551999790594,,,,,,,,,,,,,,,,,,,,,,15,001,female,24,2024-11-22_16h43.14.290,solo project,2024.2.1post4,59.53830427115459,2024-11-22 16h43.29.085017 +0530,
,,31,31,0,,,,,,,neutral,death,,wine,old,1.0,2.1809982999693602,,,,,,,,,,,,,,,,,0,31,31,29,,,,,462.969853800023,,,,,,,,,,,,,,,,,,,,,,,,,,,,,,,,,,,,462.9578524000244,462.969853800023,462.969853800023,465.15408360003494,1.0,2.1809982999693602,,,,,,,,,,,,,,,,,,,,,,15,001,female,24,2024-11-22_16h43.14.290,solo project,2024.2.1post4,59.53830427115459,2024-11-22 16h43.29.085017 +0530,
,,32,32,0,,,,,,,None,None,,watch,new,2.0,1.9158539000200108,,,,,,,,,,,,,,,,,0,32,32,58,,,,,465.1700080999872,,,,,,,,,,,,,,,,,,,,,,,,,,,,,,,,,,,,465.1561700999737,465.1700080999872,465.1700080999872,467.08749800000805,2.0,1.9158539000200108,,,,,,,,,,,,,,,,,,,,,,15,001,female,24,2024-11-22_16h43.14.290,solo project,2024.2.1post4,59.53830427115459,2024-11-22 16h43.29.085017 +0530,
,,33,33,0,,,,,,,disgust,death,,mischief,old,1.0,2.549231700017117,,,,,,,,,,,,,,,,,0,33,33,13,,,,,467.10298169997986,,,,,,,,,,,,,,,,,,,,,,,,,,,,,,,,,,,,467.0899177000392,467.10298169997986,467.10298169997986,469.65450740000233,1.0,2.549231700017117,,,,,,,,,,,,,,,,,,,,,,15,001,female,24,2024-11-22_16h43.14.290,solo project,2024.2.1post4,59.53830427115459,2024-11-22 16h43.29.085017 +0530,
,,34,34,0,,,,,,,None,None,,truck,new,2.0,1.7483561999397352,,,,,,,,,,,,,,,,,0,34,34,56,,,,,469.66987600002903,,,,,,,,,,,,,,,,,,,,,,,,,,,,,,,,,,,,469.65650059992913,469.66987600002903,469.66987600002903,471.4207652999321,2.0,1.7483561999397352,,,,,,,,,,,,,,,,,,,,,,15,001,female,24,2024-11-22_16h43.14.290,solo project,2024.2.1post4,59.53830427115459,2024-11-22 16h43.29.085017 +0530,
,,35,35,0,,,,,,,None,None,,tease,new,2.0,0.8148970000911504,,,,,,,,,,,,,,,,,0,35,35,54,,,,,471.43654180003796,,,,,,,,,,,,,,,,,,,,,,,,,,,,,,,,,,,,471.4234744999558,471.43654180003796,471.43654180003796,472.25450040004216,2.0,0.8148970000911504,,,,,,,,,,,,,,,,,,,,,,15,001,female,24,2024-11-22_16h43.14.290,solo project,2024.2.1post4,59.53830427115459,2024-11-22 16h43.29.085017 +0530,
,,36,36,0,,,,,,,disgust,food,,radiator,old,2.0,1.0646619000472128,,,,,,,,,,,,,,,,,0,36,36,18,,,,,472.27028299996164,,,,,,,,,,,,,,,,,,,,,,,,,,,,,,,,,,,,472.25690859998576,472.27028299996164,472.27028299996164,473.33773399994243,2.0,1.0646619000472128,,,,,,,,,,,,,,,,,,,,,,15,001,female,24,2024-11-22_16h43.14.290,solo project,2024.2.1post4,59.53830427115459,2024-11-22 16h43.29.085017 +0530,
,,37,37,0,,,,,,,disgust,hygeine,,manner,old,2.0,0.7647538000019267,,,,,,,,,,,,,,,,,0,37,37,11,,,,,473.35341899993364,,,,,,,,,,,,,,,,,,,,,,,,,,,,,,,,,,,,473.3399057999486,473.35341899993364,473.35341899993364,474.12151920003816,2.0,0.7647538000019267,,,,,,,,,,,,,,,,,,,,,,15,001,female,24,2024-11-22_16h43.14.290,solo project,2024.2.1post4,59.53830427115459,2024-11-22 16h43.29.085017 +0530,
,,38,38,0,,,,,,,disgust,injury/infection,,glacier,old,1.0,2.1801310000009835,,,,,,,,,,,,,,,,,0,38,38,4,,,,,474.1367610000307,,,,,,,,,,,,,,,,,,,,,,,,,,,,,,,,,,,,474.12533750000875,474.1367610000307,474.1367610000307,476.3209163999418,1.0,2.1801310000009835,,,,,,,,,,,,,,,,,,,,,,15,001,female,24,2024-11-22_16h43.14.290,solo project,2024.2.1post4,59.53830427115459,2024-11-22 16h43.29.085017 +0530,
,,39,39,0,,,,,,,None,None,,lightbulb,new,2.0,2.6137952000135556,,,,,,,,,,,,,,,,,0,39,39,40,,,,,476.33656039997004,,,,,,,,,,,,,,,,,,,,,,,,,,,,,,,,,,,,476.32499170000665,476.33656039997004,476.33656039997004,478.9541048000101,2.0,2.6137952000135556,,,,,,,,,,,,,,,,,,,,,,15,001,female,24,2024-11-22_16h43.14.290,solo project,2024.2.1post4,59.53830427115459,2024-11-22 16h43.29.085017 +0530,
,,40,40,0,,,,,,,None,None,,trunk,new,2.0,0.8325585999991745,,,,,,,,,,,,,,,,,0,40,40,57,,,,,478.9700252999319,,,,,,,,,,,,,,,,,,,,,,,,,,,,,,,,,,,,478.95620519993827,478.9700252999319,478.9700252999319,479.8041471999604,2.0,0.8325585999991745,,,,,,,,,,,,,,,,,,,,,,15,001,female,24,2024-11-22_16h43.14.290,solo project,2024.2.1post4,59.53830427115459,2024-11-22 16h43.29.085017 +0530,
,,41,41,0,,,,,,,neutral,body product,,reptile,old,2.0,2.149493800010532,,,,,,,,,,,,,,,,,0,41,41,21,,,,,479.81962470000144,,,,,,,,,,,,,,,,,,,,,,,,,,,,,,,,,,,,479.8063997999998,479.81962470000144,479.81962470000144,481.9708551999647,2.0,2.149493800010532,,,,,,,,,,,,,,,,,,,,,,15,001,female,24,2024-11-22_16h43.14.290,solo project,2024.2.1post4,59.53830427115459,2024-11-22 16h43.29.085017 +0530,
,,42,42,0,,,,,,,neutral,injury/infection,,stove,old,2.0,2.7653639999916777,,,,,,,,,,,,,,,,,0,42,42,26,,,,,481.9863606999861,,,,,,,,,,,,,,,,,,,,,,,,,,,,,,,,,,,,481.97302629996557,481.9863606999861,481.9863606999861,484.754119399935,2.0,2.7653639999916777,,,,,,,,,,,,,,,,,,,,,,15,001,female,24,2024-11-22_16h43.14.290,solo project,2024.2.1post4,59.53830427115459,2024-11-22 16h43.29.085017 +0530,
,,43,43,0,,,,,,,None,None,,teacher,new,2.0,1.848327099927701,,,,,,,,,,,,,,,,,0,43,43,53,,,,,484.7696111999685,,,,,,,,,,,,,,,,,,,,,,,,,,,,,,,,,,,,484.7565073999576,484.7696111999685,484.7696111999685,486.62083379994147,2.0,1.848327099927701,,,,,,,,,,,,,,,,,,,,,,15,001,female,24,2024-11-22_16h43.14.290,solo project,2024.2.1post4,59.53830427115459,2024-11-22 16h43.29.085017 +0530,
,,44,44,0,,,,,,,disgust,hygeine,,limber,old,1.0,2.0156890999060124,,,,,,,,,,,,,,,,,0,44,44,10,,,,,486.6366289999569,,,,,,,,,,,,,,,,,,,,,,,,,,,,,,,,,,,,486.62301780004054,486.6366289999569,486.6366289999569,488.6538606999675,1.0,2.0156890999060124,,,,,,,,,,,,,,,,,,,,,,15,001,female,24,2024-11-22_16h43.14.290,solo project,2024.2.1post4,59.53830427115459,2024-11-22 16h43.29.085017 +0530,
,,45,45,0,,,,,,,None,None,,hand,new,2.0,2.0488964000251144,,,,,,,,,,,,,,,,,0,45,45,35,,,,,488.66959469998255,,,,,,,,,,,,,,,,,,,,,,,,,,,,,,,,,,,,488.65582300000824,488.66959469998255,488.66959469998255,490.72079349996056,2.0,2.0488964000251144,,,,,,,,,,,,,,,,,,,,,,15,001,female,24,2024-11-22_16h43.14.290,solo project,2024.2.1post4,59.53830427115459,2024-11-22 16h43.29.085017 +0530,
,,46,46,0,,,,,,,None,None,,clock,new,2.0,1.7979868999682367,,,,,,,,,,,,,,,,,0,46,46,30,,,,,490.73603509995155,,,,,,,,,,,,,,,,,,,,,,,,,,,,,,,,,,,,490.72348529996816,490.73603509995155,490.73603509995155,492.5373132999521,2.0,1.7979868999682367,,,,,,,,,,,,,,,,,,,,,,15,001,female,24,2024-11-22_16h43.14.290,solo project,2024.2.1post4,59.53830427115459,2024-11-22 16h43.29.085017 +0530,
,,47,47,0,,,,,,,disgust,body product,,passage,old,1.0,4.081629000022076,,,,,,,,,,,,,,,,,0,47,47,16,,,,,492.55326129996683,,,,,,,,,,,,,,,,,,,,,,,,,,,,,,,,,,,,492.54019950004295,492.55326129996683,492.55326129996683,496.6372387999436,1.0,4.081629000022076,,,,,,,,,,,,,,,,,,,,,,15,001,female,24,2024-11-22_16h43.14.290,solo project,2024.2.1post4,59.53830427115459,2024-11-22 16h43.29.085017 +0530,
,,48,48,0,,,,,,,neutral,hygeine,,hard,old,2.0,3.998456500004977,,,,,,,,,,,,,,,,,0,48,48,5,,,,,496.65261530003045,,,,,,,,,,,,,,,,,,,,,,,,,,,,,,,,,,,,496.63940009998623,496.65261530003045,496.65261530003045,500.6537270999979,2.0,3.998456500004977,,,,,,,,,,,,,,,,,,,,,,15,001,female,24,2024-11-22_16h43.14.290,solo project,2024.2.1post4,59.53830427115459,2024-11-22 16h43.29.085017 +0530,
,,49,49,0,,,,,,,neutral,injury/infection,,village,old,2.0,1.881951400078833,,,,,,,,,,,,,,,,,0,49,49,28,,,,,500.6696799999336,,,,,,,,,,,,,,,,,,,,,,,,,,,,,,,,,,,,500.6563107999973,500.6696799999336,500.6696799999336,502.5536632000003,2.0,1.881951400078833,,,,,,,,,,,,,,,,,,,,,,15,001,female,24,2024-11-22_16h43.14.290,solo project,2024.2.1post4,59.53830427115459,2024-11-22 16h43.29.085017 +0530,
,,50,50,0,,,,,,,neutral,death,,neurotic,old,1.0,1.731771600083448,,,,,,,,,,,,,,,,,0,50,50,14,,,,,502.5696084999945,,,,,,,,,,,,,,,,,,,,,,,,,,,,,,,,,,,,502.5562866999535,502.5696084999945,502.5696084999945,504.3036411999492,1.0,1.731771600083448,,,,,,,,,,,,,,,,,,,,,,15,001,female,24,2024-11-22_16h43.14.290,solo project,2024.2.1post4,59.53830427115459,2024-11-22 16h43.29.085017 +0530,
,,51,51,0,,,,,,,None,None,,theory,new,2.0,2.548797699972056,,,,,,,,,,,,,,,,,0,51,51,55,,,,,504.3191497999942,,,,,,,,,,,,,,,,,,,,,,,,,,,,,,,,,,,,504.30595429998357,504.3191497999942,504.3191497999942,506.87097199994605,2.0,2.548797699972056,,,,,,,,,,,,,,,,,,,,,,15,001,female,24,2024-11-22_16h43.14.290,solo project,2024.2.1post4,59.53830427115459,2024-11-22 16h43.29.085017 +0530,
,,52,52,0,,,,,,,neutral,food,,custom,old,2.0,1.7477993000065908,,,,,,,,,,,,,,,,,0,52,52,1,,,,,506.8857040000148,,,,,,,,,,,,,,,,,,,,,,,,,,,,,,,,,,,,506.8736753000412,506.8857040000148,506.8857040000148,508.6370515000308,2.0,1.7477993000065908,,,,,,,,,,,,,,,,,,,,,,15,001,female,24,2024-11-22_16h43.14.290,solo project,2024.2.1post4,59.53830427115459,2024-11-22 16h43.29.085017 +0530,
,,53,53,0,,,,,,,None,None,,market,new,2.0,0.7147714999737218,,,,,,,,,,,,,,,,,0,53,53,41,,,,,508.652927899966,,,,,,,,,,,,,,,,,,,,,,,,,,,,,,,,,,,,508.6394665000262,508.652927899966,508.652927899966,509.3704149000114,2.0,0.7147714999737218,,,,,,,,,,,,,,,,,,,,,,15,001,female,24,2024-11-22_16h43.14.290,solo project,2024.2.1post4,59.53830427115459,2024-11-22 16h43.29.085017 +0530,
,,54,54,0,,,,,,,None,None,,repentant,new,1.0,2.981251999968663,,,,,,,,,,,,,,,,,0,54,54,45,,,,,509.3859672000399,,,,,,,,,,,,,,,,,,,,,,,,,,,,,,,,,,,,509.3729508999968,509.3859672000399,509.3859672000399,512.371110899956,1.0,2.981251999968663,,,,,,,,,,,,,,,,,,,,,,15,001,female,24,2024-11-22_16h43.14.290,solo project,2024.2.1post4,59.53830427115459,2024-11-22 16h43.29.085017 +0530,
,,55,55,0,,,,,,,None,None,,fabric,new,2.0,1.9643601999850944,,,,,,,,,,,,,,,,,0,55,55,34,,,,,512.3860744000413,,,,,,,,,,,,,,,,,,,,,,,,,,,,,,,,,,,,512.3736105000135,512.3860744000413,512.3860744000413,514.3536638999358,2.0,1.9643601999850944,,,,,,,,,,,,,,,,,,,,,,15,001,female,24,2024-11-22_16h43.14.290,solo project,2024.2.1post4,59.53830427115459,2024-11-22 16h43.29.085017 +0530,
,,56,56,0,,,,,,,neutral,body product,,skeptical,old,1.0,2.014446599991061,,,,,,,,,,,,,,,,,0,56,56,24,,,,,514.3689939000178,,,,,,,,,,,,,,,,,,,,,,,,,,,,,,,,,,,,514.3563200000208,514.3689939000178,514.3689939000178,516.386892199982,1.0,2.014446599991061,,,,,,,,,,,,,,,,,,,,,,15,001,female,24,2024-11-22_16h43.14.290,solo project,2024.2.1post4,59.53830427115459,2024-11-22 16h43.29.085017 +0530,
,,57,57,0,,,,,,,None,None,,hawk,new,2.0,1.965240600053221,,,,,,,,,,,,,,,,,0,57,57,36,,,,,516.4025850000326,,,,,,,,,,,,,,,,,,,,,,,,,,,,,,,,,,,,516.389047899982,516.4025850000326,516.4025850000326,518.3704783000285,2.0,1.965240600053221,,,,,,,,,,,,,,,,,,,,,,15,001,female,24,2024-11-22_16h43.14.290,solo project,2024.2.1post4,59.53830427115459,2024-11-22 16h43.29.085017 +0530,
,,58,58,0,,,,,,,neutral,body product,,invest,old,2.0,0.9479313000338152,,,,,,,,,,,,,,,,,0,58,58,6,,,,,518.3861746999901,,,,,,,,,,,,,,,,,,,,,,,,,,,,,,,,,,,,518.3729477999732,518.3861746999901,518.3861746999901,519.3366470999317,2.0,0.9479313000338152,,,,,,,,,,,,,,,,,,,,,,15,001,female,24,2024-11-22_16h43.14.290,solo project,2024.2.1post4,59.53830427115459,2024-11-22 16h43.29.085017 +0530,
,,59,59,0,,,,,,,disgust,animal,,ennui,old,1.0,2.165703799924813,,,,,,,,,,,,,,,,,0,59,59,3,,,,,519.3525306000374,,,,,,,,,,,,,,,,,,,,,,,,,,,,,,,,,,,,519.3387129999464,519.3525306000374,519.3525306000374,521.5201968000038,1.0,2.165703799924813,,,,,,,,,,,,,,,,,,,,,,15,001,female,24,2024-11-22_16h43.14.290,solo project,2024.2.1post4,59.53830427115459,2024-11-22 16h43.29.085017 +0530,
,,,,,,,,,,,,,,,,,,,,,,,,,,,,,,,,,,,,,,,,,,,,,,,,,,,,,,,,,,,,,,,,,,,,,,,,,,,,,,,,,,,,521.52075279993,526.37215499999,1,[4.835593999945559],[4.83560029999353],,,,,,,,,,,,,,,,,15,001,female,24,2024-11-22_16h43.14.290,solo project,2024.2.1post4,59.53830427115459,2024-11-22 16h43.29.085017 +0530,
,,,,,,,,,,,,,,,,,,,,,,,,,,,,,,,,,,,,,,,,,,,,,,,,,,,,,,,,,,,,,,,,,,,,,,,,,,,,,,,,,,,,,,,,,526.3722969000228,538.4529637999367,space,12.068495100014843,None,,,,,,,,,,,,15,001,female,24,2024-11-22_16h43.14.290,solo project,2024.2.1post4,59.53830427115459,2024-11-22 16h43.29.085017 +0530,
,,,,,,,,,,,,,,,,,,,,,,,,,,,,,,,,,,,,,,,,,,,,,,,,,,,,,,,,,,,,,,,,,,,,,,,,,,,,,,,,,,,,,,,,,,,,,,538.4530157999834,540.420192199992,space,1.9585225000046194,None,,,,,,,15,001,female,24,2024-11-22_16h43.14.290,solo project,2024.2.1post4,59.53830427115459,2024-11-22 16h43.29.085017 +0530,
,,0,0,0,,,,,,,,,,,,,,1,Telephoning in public,0.0,0.0,,,,,,,,,,,,,,,,,0,0,0,0,540.4516693999758,,,,,,,,,,,,,,,,,,,,,,,,,,,,,,,,,,,,,,,,,,,,,,,,,,,,,,,,,540.4316706999671,540.4516693999758,540.4516693999758,554.0882098999573,0.0,0.0,15,001,female,24,2024-11-22_16h43.14.290,solo project,2024.2.1post4,59.53830427115459,2024-11-22 16h43.29.085017 +0530,
,,1,1,0,,,,,,,,,,,,,,2,Participating in small groups,1.0,1.0,,,,,,,,,,,,,,,,,0,1,1,1,554.1059247000376,,,,,,,,,,,,,,,,,,,,,,,,,,,,,,,,,,,,,,,,,,,,,,,,,,,,,,,,,554.0922206999967,554.1059247000376,554.1059247000376,560.590134399943,1.0,1.0,15,001,female,24,2024-11-22_16h43.14.290,solo project,2024.2.1post4,59.53830427115459,2024-11-22 16h43.29.085017 +0530,
,,2,2,0,,,,,,,,,,,,,,3,Eating in public places,0.0,0.0,,,,,,,,,,,,,,,,,0,2,2,2,560.6076962000225,,,,,,,,,,,,,,,,,,,,,,,,,,,,,,,,,,,,,,,,,,,,,,,,,,,,,,,,,560.593750400003,560.6076962000225,560.6076962000225,568.0728014999768,0.0,0.0,15,001,female,24,2024-11-22_16h43.14.290,solo project,2024.2.1post4,59.53830427115459,2024-11-22 16h43.29.085017 +0530,
,,3,3,0,,,,,,,,,,,,,,4,Drinking with others in public places,2.0,2.0,,,,,,,,,,,,,,,,,0,3,3,3,568.0915480999975,,,,,,,,,,,,,,,,,,,,,,,,,,,,,,,,,,,,,,,,,,,,,,,,,,,,,,,,,568.077020799974,568.0915480999975,568.0915480999975,577.5131785999984,2.0,2.0,15,001,female,24,2024-11-22_16h43.14.290,solo project,2024.2.1post4,59.53830427115459,2024-11-22 16h43.29.085017 +0530,
,,4,4,0,,,,,,,,,,,,,,5,Talking to people in authority,2.0,1.0,,,,,,,,,,,,,,,,,0,4,4,4,577.5300907000201,,,,,,,,,,,,,,,,,,,,,,,,,,,,,,,,,,,,,,,,,,,,,,,,,,,,,,,,,577.5163021000335,577.5300907000201,577.5300907000201,591.228753500036,2.0,1.0,15,001,female,24,2024-11-22_16h43.14.290,solo project,2024.2.1post4,59.53830427115459,2024-11-22 16h43.29.085017 +0530,
,,5,5,0,,,,,,,,,,,,,,6,"Acting, performing, or giving a talk in front of an audience",3.0,3.0,,,,,,,,,,,,,,,,,0,5,5,5,591.2487683999352,,,,,,,,,,,,,,,,,,,,,,,,,,,,,,,,,,,,,,,,,,,,,,,,,,,,,,,,,591.2330552999629,591.2487683999352,591.2487683999352,599.0953492999543,3.0,3.0,15,001,female,24,2024-11-22_16h43.14.290,solo project,2024.2.1post4,59.53830427115459,2024-11-22 16h43.29.085017 +0530,
,,6,6,0,,,,,,,,,,,,,,7,Going to a party,1.0,2.0,,,,,,,,,,,,,,,,,0,6,6,6,599.113638699986,,,,,,,,,,,,,,,,,,,,,,,,,,,,,,,,,,,,,,,,,,,,,,,,,,,,,,,,,599.0995006000157,599.113638699986,599.113638699986,606.3453027999494,1.0,2.0,15,001,female,24,2024-11-22_16h43.14.290,solo project,2024.2.1post4,59.53830427115459,2024-11-22 16h43.29.085017 +0530,
,,7,7,0,,,,,,,,,,,,,,8,Working while being observed,2.0,0.0,,,,,,,,,,,,,,,,,0,7,7,7,606.3638038999634,,,,,,,,,,,,,,,,,,,,,,,,,,,,,,,,,,,,,,,,,,,,,,,,,,,,,,,,,606.3487942999927,606.3638038999634,606.3638038999634,612.4289363999851,2.0,0.0,15,001,female,24,2024-11-22_16h43.14.290,solo project,2024.2.1post4,59.53830427115459,2024-11-22 16h43.29.085017 +0530,
,,8,8,0,,,,,,,,,,,,,,9,Writing while being observed,2.0,0.0,,,,,,,,,,,,,,,,,0,8,8,8,612.4460686999373,,,,,,,,,,,,,,,,,,,,,,,,,,,,,,,,,,,,,,,,,,,,,,,,,,,,,,,,,612.4320248999866,612.4460686999373,612.4460686999373,617.5454856000142,2.0,0.0,15,001,female,24,2024-11-22_16h43.14.290,solo project,2024.2.1post4,59.53830427115459,2024-11-22 16h43.29.085017 +0530,
,,9,9,0,,,,,,,,,,,,,,10,Calling someone you don't know very well,0.0,0.0,,,,,,,,,,,,,,,,,0,9,9,9,617.5647277999669,,,,,,,,,,,,,,,,,,,,,,,,,,,,,,,,,,,,,,,,,,,,,,,,,,,,,,,,,617.5502118000295,617.5647277999669,617.5647277999669,624.4448507999768,0.0,0.0,15,001,female,24,2024-11-22_16h43.14.290,solo project,2024.2.1post4,59.53830427115459,2024-11-22 16h43.29.085017 +0530,
,,10,10,0,,,,,,,,,,,,,,11,Talking with people you don't know very well,0.0,0.0,,,,,,,,,,,,,,,,,0,10,10,10,624.4624197999947,,,,,,,,,,,,,,,,,,,,,,,,,,,,,,,,,,,,,,,,,,,,,,,,,,,,,,,,,624.4486054000445,624.4624197999947,624.4624197999947,629.0948434999445,0.0,0.0,15,001,female,24,2024-11-22_16h43.14.290,solo project,2024.2.1post4,59.53830427115459,2024-11-22 16h43.29.085017 +0530,
,,11,11,0,,,,,,,,,,,,,,12,Meeting strangers,0.0,0.0,,,,,,,,,,,,,,,,,0,11,11,11,629.1130650000414,,,,,,,,,,,,,,,,,,,,,,,,,,,,,,,,,,,,,,,,,,,,,,,,,,,,,,,,,629.0990321999416,629.1130650000414,629.1130650000414,632.0616507999366,0.0,0.0,15,001,female,24,2024-11-22_16h43.14.290,solo project,2024.2.1post4,59.53830427115459,2024-11-22 16h43.29.085017 +0530,
,,12,12,0,,,,,,,,,,,,,,13,Urinating in a public bathroom,2.0,3.0,,,,,,,,,,,,,,,,,0,12,12,12,632.0797514000442,,,,,,,,,,,,,,,,,,,,,,,,,,,,,,,,,,,,,,,,,,,,,,,,,,,,,,,,,632.0656543000368,632.0797514000442,632.0797514000442,636.9287804999622,2.0,3.0,15,001,female,24,2024-11-22_16h43.14.290,solo project,2024.2.1post4,59.53830427115459,2024-11-22 16h43.29.085017 +0530,
,,13,13,0,,,,,,,,,,,,,,14,Entering a room when others are already seated,0.0,0.0,,,,,,,,,,,,,,,,,0,13,13,13,636.9468547999859,,,,,,,,,,,,,,,,,,,,,,,,,,,,,,,,,,,,,,,,,,,,,,,,,,,,,,,,,636.932563600014,636.9468547999859,636.9468547999859,642.8815929000266,0.0,0.0,15,001,female,24,2024-11-22_16h43.14.290,solo project,2024.2.1post4,59.53830427115459,2024-11-22 16h43.29.085017 +0530,
,,14,14,0,,,,,,,,,,,,,,15,Being the center of attention,2.0,0.0,,,,,,,,,,,,,,,,,0,14,14,14,642.8999049999984,,,,,,,,,,,,,,,,,,,,,,,,,,,,,,,,,,,,,,,,,,,,,,,,,,,,,,,,,642.8855551999295,642.8999049999984,642.8999049999984,649.1814235999482,2.0,0.0,15,001,female,24,2024-11-22_16h43.14.290,solo project,2024.2.1post4,59.53830427115459,2024-11-22 16h43.29.085017 +0530,
,,15,15,0,,,,,,,,,,,,,,16,Speaking up at a meeting,2.0,0.0,,,,,,,,,,,,,,,,,0,15,15,15,649.1996567000169,,,,,,,,,,,,,,,,,,,,,,,,,,,,,,,,,,,,,,,,,,,,,,,,,,,,,,,,,649.1851786000188,649.1996567000169,649.1996567000169,654.4671829999425,2.0,0.0,15,001,female,24,2024-11-22_16h43.14.290,solo project,2024.2.1post4,59.53830427115459,2024-11-22 16h43.29.085017 +0530,
,,16,16,0,,,,,,,,,,,,,,17,Taking a test,0.0,0.0,,,,,,,,,,,,,,,,,0,16,16,16,654.4853558000177,,,,,,,,,,,,,,,,,,,,,,,,,,,,,,,,,,,,,,,,,,,,,,,,,,,,,,,,,654.4702509000199,654.4853558000177,654.4853558000177,659.0978709999472,0.0,0.0,15,001,female,24,2024-11-22_16h43.14.290,solo project,2024.2.1post4,59.53830427115459,2024-11-22 16h43.29.085017 +0530,
,,17,17,0,,,,,,,,,,,,,,18,Expressing a disagreement or disapproval to people you don’t know very well,1.0,0.0,,,,,,,,,,,,,,,,,0,17,17,17,659.1182748000138,,,,,,,,,,,,,,,,,,,,,,,,,,,,,,,,,,,,,,,,,,,,,,,,,,,,,,,,,659.1032319000224,659.1182748000138,659.1182748000138,665.4645811000373,1.0,0.0,15,001,female,24,2024-11-22_16h43.14.290,solo project,2024.2.1post4,59.53830427115459,2024-11-22 16h43.29.085017 +0530,
,,18,18,0,,,,,,,,,,,,,,19,Looking at people you don't know very well in the eyes,2.0,1.0,,,,,,,,,,,,,,,,,0,18,18,18,665.4836440000217,,,,,,,,,,,,,,,,,,,,,,,,,,,,,,,,,,,,,,,,,,,,,,,,,,,,,,,,,665.4694151999429,665.4836440000217,665.4836440000217,673.5477968000341,2.0,1.0,15,001,female,24,2024-11-22_16h43.14.290,solo project,2024.2.1post4,59.53830427115459,2024-11-22 16h43.29.085017 +0530,
,,19,19,0,,,,,,,,,,,,,,20,Giving a report to a group,0.0,0.0,,,,,,,,,,,,,,,,,0,19,19,19,673.5653333000373,,,,,,,,,,,,,,,,,,,,,,,,,,,,,,,,,,,,,,,,,,,,,,,,,,,,,,,,,673.5508412999334,673.5653333000373,673.5653333000373,684.314499799977,0.0,0.0,15,001,female,24,2024-11-22_16h43.14.290,solo project,2024.2.1post4,59.53830427115459,2024-11-22 16h43.29.085017 +0530,
,,20,20,0,,,,,,,,,,,,,,21,Trying to pick up someone,0.0,2.0,,,,,,,,,,,,,,,,,0,20,20,20,684.3325180000393,,,,,,,,,,,,,,,,,,,,,,,,,,,,,,,,,,,,,,,,,,,,,,,,,,,,,,,,,684.3173493000213,684.3325180000393,684.3325180000393,695.0478499999736,0.0,2.0,15,001,female,24,2024-11-22_16h43.14.290,solo project,2024.2.1post4,59.53830427115459,2024-11-22 16h43.29.085017 +0530,
,,21,21,0,,,,,,,,,,,,,,22,Returning goods to a store,1.0,2.0,,,,,,,,,,,,,,,,,0,21,21,21,695.0666067999555,,,,,,,,,,,,,,,,,,,,,,,,,,,,,,,,,,,,,,,,,,,,,,,,,,,,,,,,,695.05196479999,695.0666067999555,695.0666067999555,699.9806653000414,1.0,2.0,15,001,female,24,2024-11-22_16h43.14.290,solo project,2024.2.1post4,59.53830427115459,2024-11-22 16h43.29.085017 +0530,
,,22,22,0,,,,,,,,,,,,,,23,Giving a party,2.0,3.0,,,,,,,,,,,,,,,,,0,22,22,22,699.9976303000003,,,,,,,,,,,,,,,,,,,,,,,,,,,,,,,,,,,,,,,,,,,,,,,,,,,,,,,,,699.9833891999442,699.9976303000003,699.9976303000003,705.581016400014,2.0,3.0,15,001,female,24,2024-11-22_16h43.14.290,solo project,2024.2.1post4,59.53830427115459,2024-11-22 16h43.29.085017 +0530,
,,23,23,0,,,,,,,,,,,,,,24,Resisting a high pressure salesperson,2.0,2.0,,,,,,,,,,,,,,,,,0,23,23,23,705.5993191000307,,,,,,,,,,,,,,,,,,,,,,,,,,,,,,,,,,,,,,,,,,,,,,,,,,,,,,,,,705.5849344999297,705.5993191000307,705.5993191000307,710.6677168000024,2.0,2.0,15,001,female,24,2024-11-22_16h43.14.290,solo project,2024.2.1post4,59.53830427115459,2024-11-22 16h43.29.085017 +0530,
