﻿no_per,dsr_per,thisN,thisTrialN,thisRepN,slider.response,slider.rt,no_exp,dsr_exp,slider_2.response,imagefile,type,subtype,study_word,test_word,old_new,slider_3.response,slider_3.rt,lsas_no,lsas_situation,slider_4.response,slider_5.response,trials.thisRepN,trials.thisTrialN,trials.thisN,trials.thisIndex,trials_2.thisRepN,trials_2.thisTrialN,trials_2.thisN,trials_2.thisIndex,trials_3.thisRepN,trials_3.thisTrialN,trials_3.thisN,trials_3.thisIndex,trials_4.thisRepN,trials_4.thisTrialN,trials_4.thisN,trials_4.thisIndex,trials_5.thisRepN,trials_5.thisTrialN,trials_5.thisN,trials_5.thisIndex,thisRow.t,notes,consent.started,consent.stopped,button.numClicks,button.timesOn,button.timesOff,dsr_personal.started,text.started,question.started,slider.started,dsr_personal.stopped,trials.slider.response,trials.slider.rt,dsr_experience.started,dsr_experience.stopped,trials_2.slider_2.response,instr.started,instr.stopped,key_resp.keys,key_resp.rt,key_resp.duration,encoding.started,fixation.started,study_image.started,studyword.started,fixation.stopped,encoding.stopped,study_image.stopped,studyword.stopped,test_instruction.started,key_resp_2.started,test_instruction.stopped,key_resp_2.keys,key_resp_2.rt,key_resp_2.duration,testing.started,t_word.started,slider_3.started,testing.stopped,trials_4.slider_3.response,trials_4.slider_3.rt,end.started,end.stopped,button_2.numClicks,button_2.timesOn,button_2.timesOff,brk.started,brk.stopped,key_resp_3.keys,key_resp_3.rt,key_resp_3.duration,lsas_instr.started,lsas_instr.stopped,key_resp_4.keys,key_resp_4.rt,key_resp_4.duration,lsas.started,text_2.started,text_3.started,lsas.stopped,trials_5.slider_4.response,trials_5.slider_5.response,participant,session,sex,age,date,expName,psychopyVersion,frameRate,expStart,
,,,,,,,,,,,,,,,,,,,,,,,,,,,,,,,,,,,,,,,,,,,,0.009074299945496023,22.261176600004546,1,[22.234260999946855],[22.234279999975115],,,,,,,,,,,,,,,,,,,,,,,,,,,,,,,,,,,,,,,,,,,,,,,,,,,,,,,,,16,001,male,21,2024-11-22_17h35.22.254,solo project,2024.2.1post4,60.00686478171714,2024-11-22 17h35.36.648554 +0530,
1,"I might be willing to try eating monkey meat, under some circumstances.",0,0,0,0.0,142.2051922000246,,,,,,,,,,,,,,,,0,0,0,0,,,,,,,,,,,,,,,,,22.319996899925172,,,,,,,22.29301929997746,22.319996899925172,22.319996899925172,22.319996899925172,164.5137727999827,0.0,142.2051922000246,,,,,,,,,,,,,,,,,,,,,,,,,,,,,,,,,,,,,,,,,,,,,,,,,,16,001,male,21,2024-11-22_17h35.22.254,solo project,2024.2.1post4,60.00686478171714,2024-11-22 17h35.36.648554 +0530,
2,It would bother me to be in a science class and to see a human preserved in a jar.,1,1,0,1.0,7.404712700052187,,,,,,,,,,,,,,,,0,1,1,1,,,,,,,,,,,,,,,,,164.54230569989886,,,,,,,164.5289948999416,164.54230569989886,164.54230569989886,164.54230569989886,171.9492279998958,1.0,7.404712700052187,,,,,,,,,,,,,,,,,,,,,,,,,,,,,,,,,,,,,,,,,,,,,,,,,,16,001,male,21,2024-11-22_17h35.22.254,solo project,2024.2.1post4,60.00686478171714,2024-11-22 17h35.36.648554 +0530,
3,It bothers me to hear someone clear a throat full of mucous.,2,2,0,1.0,3.3697268000105396,,,,,,,,,,,,,,,,0,2,2,2,,,,,,,,,,,,,,,,,171.97085149993654,,,,,,,171.95501429995056,171.97085149993654,171.97085149993654,171.97085149993654,175.339994299924,1.0,3.3697268000105396,,,,,,,,,,,,,,,,,,,,,,,,,,,,,,,,,,,,,,,,,,,,,,,,,,16,001,male,21,2024-11-22_17h35.22.254,solo project,2024.2.1post4,60.00686478171714,2024-11-22 17h35.36.648554 +0530,
4,I never let any part of my body touch the toilet seat in public restrooms.,3,3,0,4.0,3.2378432999830693,,,,,,,,,,,,,,,,0,3,3,3,,,,,,,,,,,,,,,,,175.36254030000418,,,,,,,175.34555440000258,175.36254030000418,175.36254030000418,175.36254030000418,178.5991309999954,4.0,3.2378432999830693,,,,,,,,,,,,,,,,,,,,,,,,,,,,,,,,,,,,,,,,,,,,,,,,,,16,001,male,21,2024-11-22_17h35.22.254,solo project,2024.2.1post4,60.00686478171714,2024-11-22 17h35.36.648554 +0530,
5,I would go out of my way to avoid walking through a graveyard.,4,4,0,0.0,2.4481021999381483,,,,,,,,,,,,,,,,0,4,4,4,,,,,,,,,,,,,,,,,178.61799389997032,,,,,,,178.60337429994252,178.61799389997032,178.61799389997032,178.61799389997032,181.06760169996414,0.0,2.4481021999381483,,,,,,,,,,,,,,,,,,,,,,,,,,,,,,,,,,,,,,,,,,,,,,,,,,16,001,male,21,2024-11-22_17h35.22.254,solo project,2024.2.1post4,60.00686478171714,2024-11-22 17h35.36.648554 +0530,
6,Seeing a cockroach in someone else's house doesn't bother me.,5,5,0,4.0,5.957043900038116,,,,,,,,,,,,,,,,0,5,5,5,,,,,,,,,,,,,,,,,181.09197319997475,,,,,,,181.0763125999365,181.09197319997475,181.09197319997475,181.09197319997475,187.04858339997008,4.0,5.957043900038116,,,,,,,,,,,,,,,,,,,,,,,,,,,,,,,,,,,,,,,,,,,,,,,,,,16,001,male,21,2024-11-22_17h35.22.254,solo project,2024.2.1post4,60.00686478171714,2024-11-22 17h35.36.648554 +0530,
7,It would bother me tremendously to touch a dead body.,6,6,0,3.0,24.138226500013843,,,,,,,,,,,,,,,,0,6,6,6,,,,,,,,,,,,,,,,,187.06443899997976,,,,,,,187.0521055998979,187.06443899997976,187.06443899997976,187.06443899997976,211.20735519996379,3.0,24.138226500013843,,,,,,,,,,,,,,,,,,,,,,,,,,,,,,,,,,,,,,,,,,,,,,,,,,16,001,male,21,2024-11-22_17h35.22.254,solo project,2024.2.1post4,60.00686478171714,2024-11-22 17h35.36.648554 +0530,
8,"If I see someone vomit, it makes me sick to my stomach.",7,7,0,3.0,4.587375800008886,,,,,,,,,,,,,,,,0,7,7,7,,,,,,,,,,,,,,,,,211.22757220000494,,,,,,,211.21226309996564,211.22757220000494,211.22757220000494,211.22757220000494,215.81663359992672,3.0,4.587375800008886,,,,,,,,,,,,,,,,,,,,,,,,,,,,,,,,,,,,,,,,,,,,,,,,,,16,001,male,21,2024-11-22_17h35.22.254,solo project,2024.2.1post4,60.00686478171714,2024-11-22 17h35.36.648554 +0530,
9,I probably would not go to my favorite restaurant if I found out that the cook had a cold.,8,8,0,1.0,15.945317600038834,,,,,,,,,,,,,,,,0,8,8,8,,,,,,,,,,,,,,,,,215.8425597999012,,,,,,,215.82272549998015,215.8425597999012,215.8425597999012,215.8425597999012,231.78331759991124,1.0,15.945317600038834,,,,,,,,,,,,,,,,,,,,,,,,,,,,,,,,,,,,,,,,,,,,,,,,,,16,001,male,21,2024-11-22_17h35.22.254,solo project,2024.2.1post4,60.00686478171714,2024-11-22 17h35.36.648554 +0530,
10,It would not upset me at all to watch a person with a glass eye take the eye out of the socket.,9,9,0,1.0,22.886211900040507,,,,,,,,,,,,,,,,0,9,9,9,,,,,,,,,,,,,,,,,231.80792999989353,,,,,,,231.7894673999399,231.80792999989353,231.80792999989353,231.80792999989353,254.69145919999573,1.0,22.886211900040507,,,,,,,,,,,,,,,,,,,,,,,,,,,,,,,,,,,,,,,,,,,,,,,,,,16,001,male,21,2024-11-22_17h35.22.254,solo project,2024.2.1post4,60.00686478171714,2024-11-22 17h35.36.648554 +0530,
11,It would bother me to see a rat run across my path in a park.,10,10,0,0.0,7.2768188000191,,,,,,,,,,,,,,,,0,10,10,10,,,,,,,,,,,,,,,,,254.71330369997304,,,,,,,254.69710479991045,254.71330369997304,254.71330369997304,254.71330369997304,261.98894889990333,0.0,7.2768188000191,,,,,,,,,,,,,,,,,,,,,,,,,,,,,,,,,,,,,,,,,,,,,,,,,,16,001,male,21,2024-11-22_17h35.22.254,solo project,2024.2.1post4,60.00686478171714,2024-11-22 17h35.36.648554 +0530,
12,I would rather eat a piece of fruit than a piece of paper.,11,11,0,4.0,3.9680406000697985,,,,,,,,,,,,,,,,0,11,11,11,,,,,,,,,,,,,,,,,262.0087057999335,,,,,,,261.99361209990457,262.0087057999335,262.0087057999335,262.0087057999335,265.9775606999174,4.0,3.9680406000697985,,,,,,,,,,,,,,,,,,,,,,,,,,,,,,,,,,,,,,,,,,,,,,,,,,16,001,male,21,2024-11-22_17h35.22.254,solo project,2024.2.1post4,60.00686478171714,2024-11-22 17h35.36.648554 +0530,
13,"Even if I was hungry, I would not drink a bowl of my favorite soup if It had been stirred by a used but thoroughly washed flyswatter.",12,12,0,0.0,16.990533799980767,,,,,,,,,,,,,,,,0,12,12,12,,,,,,,,,,,,,,,,,266.005714799976,,,,,,,265.9876834999304,266.005714799976,266.005714799976,266.005714799976,282.9951296999352,0.0,16.990533799980767,,,,,,,,,,,,,,,,,,,,,,,,,,,,,,,,,,,,,,,,,,,,,,,,,,16,001,male,21,2024-11-22_17h35.22.254,solo project,2024.2.1post4,60.00686478171714,2024-11-22 17h35.36.648554 +0530,
14,It would bother me to sleep in a nice hotel room if I knew that a man had died of a heart attack in that room the night before.,13,13,0,0.0,4.048780299955979,,,,,,,,,,,,,,,,0,13,13,13,,,,,,,,,,,,,,,,,283.01586109993514,,,,,,,283.00185619993135,283.01586109993514,283.01586109993514,283.01586109993514,287.0684629000025,0.0,4.048780299955979,,,,,,,,,,,,,,,,,,,,,,,,,,,,,,,,,,,,,,,,,,,,,,,,,,16,001,male,21,2024-11-22_17h35.22.254,solo project,2024.2.1post4,60.00686478171714,2024-11-22 17h35.36.648554 +0530,
,,0,0,0,,,15,You see maggots on a piece of meat in an outdoor or garbage pail.,1.0,,,,,,,,,,,,,,,,,0,0,0,0,,,,,,,,,,,,,287.1032808999298,,,,,,,,,,,,,,287.08387009997386,292.74388849991374,1.0,,,,,,,,,,,,,,,,,,,,,,,,,,,,,,,,,,,,,,,,,,,,,,,16,001,male,21,2024-11-22_17h35.22.254,solo project,2024.2.1post4,60.00686478171714,2024-11-22 17h35.36.648554 +0530,
,,1,1,0,,,16,You see person eating apple with a knife and fork.,0.0,,,,,,,,,,,,,,,,,0,1,1,1,,,,,,,,,,,,,292.76456739997957,,,,,,,,,,,,,,292.748573299963,311.2404537999537,0.0,,,,,,,,,,,,,,,,,,,,,,,,,,,,,,,,,,,,,,,,,,,,,,,16,001,male,21,2024-11-22_17h35.22.254,solo project,2024.2.1post4,60.00686478171714,2024-11-22 17h35.36.648554 +0530,
,,2,2,0,,,17,"While you are walking through a tunner under a railroad track, you smell urine.",3.0,,,,,,,,,,,,,,,,,0,2,2,2,,,,,,,,,,,,,311.2681271999609,,,,,,,,,,,,,,311.25404939998407,316.84464529994875,3.0,,,,,,,,,,,,,,,,,,,,,,,,,,,,,,,,,,,,,,,,,,,,,,,16,001,male,21,2024-11-22_17h35.22.254,solo project,2024.2.1post4,60.00686478171714,2024-11-22 17h35.36.648554 +0530,
,,3,3,0,,,18,"You take a sip of soda, an then realize that you drank from the glass that an acquaintance of yours had been drinking from.",0.0,,,,,,,,,,,,,,,,,0,3,3,3,,,,,,,,,,,,,316.87937489990145,,,,,,,,,,,,,,316.86340269993525,328.9115496999584,0.0,,,,,,,,,,,,,,,,,,,,,,,,,,,,,,,,,,,,,,,,,,,,,,,16,001,male,21,2024-11-22_17h35.22.254,solo project,2024.2.1post4,60.00686478171714,2024-11-22 17h35.36.648554 +0530,
,,4,4,0,,,19,"Your friend's pet cat dies, and you have to pick up the dead body with your bare hands.",1.0,,,,,,,,,,,,,,,,,0,4,4,4,,,,,,,,,,,,,328.9317067998927,,,,,,,,,,,,,,328.9173244999256,332.0283783999039,1.0,,,,,,,,,,,,,,,,,,,,,,,,,,,,,,,,,,,,,,,,,,,,,,,16,001,male,21,2024-11-22_17h35.22.254,solo project,2024.2.1post4,60.00686478171714,2024-11-22 17h35.36.648554 +0530,
,,5,5,0,,,20,You see someone put ketchup on vanilla ice cream and eat it.,3.0,,,,,,,,,,,,,,,,,0,5,5,5,,,,,,,,,,,,,332.04810689995065,,,,,,,,,,,,,,332.03322290000506,340.5622091999976,3.0,,,,,,,,,,,,,,,,,,,,,,,,,,,,,,,,,,,,,,,,,,,,,,,16,001,male,21,2024-11-22_17h35.22.254,solo project,2024.2.1post4,60.00686478171714,2024-11-22 17h35.36.648554 +0530,
,,6,6,0,,,21,You see a man with his intestines exposed after an accident.,3.0,,,,,,,,,,,,,,,,,0,6,6,6,,,,,,,,,,,,,340.58330689999275,,,,,,,,,,,,,,340.56870019994676,343.60953139991034,3.0,,,,,,,,,,,,,,,,,,,,,,,,,,,,,,,,,,,,,,,,,,,,,,,16,001,male,21,2024-11-22_17h35.22.254,solo project,2024.2.1post4,60.00686478171714,2024-11-22 17h35.36.648554 +0530,
,,7,7,0,,,22,You discover that a friend of yours changes underwear only once a week.,4.0,,,,,,,,,,,,,,,,,0,7,7,7,,,,,,,,,,,,,343.6300539999502,,,,,,,,,,,,,,343.6150350999087,347.7405320999678,4.0,,,,,,,,,,,,,,,,,,,,,,,,,,,,,,,,,,,,,,,,,,,,,,,16,001,male,21,2024-11-22_17h35.22.254,solo project,2024.2.1post4,60.00686478171714,2024-11-22 17h35.36.648554 +0530,
,,8,8,0,,,23,A friend offers you a piece of chocolate shaped like dog-doo.,0.0,,,,,,,,,,,,,,,,,0,8,8,8,,,,,,,,,,,,,347.76451619993895,,,,,,,,,,,,,,347.74778539990075,350.90936489996966,0.0,,,,,,,,,,,,,,,,,,,,,,,,,,,,,,,,,,,,,,,,,,,,,,,16,001,male,21,2024-11-22_17h35.22.254,solo project,2024.2.1post4,60.00686478171714,2024-11-22 17h35.36.648554 +0530,
,,9,9,0,,,24,You accidentally touch the ashes of a person who has been cremated.,0.0,,,,,,,,,,,,,,,,,0,9,9,9,,,,,,,,,,,,,350.9297564999433,,,,,,,,,,,,,,350.9148181999335,354.77222029992845,0.0,,,,,,,,,,,,,,,,,,,,,,,,,,,,,,,,,,,,,,,,,,,,,,,16,001,male,21,2024-11-22_17h35.22.254,solo project,2024.2.1post4,60.00686478171714,2024-11-22 17h35.36.648554 +0530,
,,10,10,0,,,25,You are about to drink a glass of milk when you smell that it is spoiled.,4.0,,,,,,,,,,,,,,,,,0,10,10,10,,,,,,,,,,,,,354.7944651999278,,,,,,,,,,,,,,354.77965039992705,359.3667722999817,4.0,,,,,,,,,,,,,,,,,,,,,,,,,,,,,,,,,,,,,,,,,,,,,,,16,001,male,21,2024-11-22_17h35.22.254,solo project,2024.2.1post4,60.00686478171714,2024-11-22 17h35.36.648554 +0530,
,,11,11,0,,,26,"As a part of a sex education class, you are required to inflate a new unlubricated condom using your mouth.",0.0,,,,,,,,,,,,,,,,,0,11,11,11,,,,,,,,,,,,,359.3892590999603,,,,,,,,,,,,,,359.37404439994134,364.89679679996334,0.0,,,,,,,,,,,,,,,,,,,,,,,,,,,,,,,,,,,,,,,,,,,,,,,16,001,male,21,2024-11-22_17h35.22.254,solo project,2024.2.1post4,60.00686478171714,2024-11-22 17h35.36.648554 +0530,
,,12,12,0,,,27,"You are walking barefoot on concrete, and you step on an earthworm.",1.0,,,,,,,,,,,,,,,,,0,12,12,12,,,,,,,,,,,,,364.9194910998922,,,,,,,,,,,,,,364.90229179989547,372.30162739998195,1.0,,,,,,,,,,,,,,,,,,,,,,,,,,,,,,,,,,,,,,,,,,,,,,,16,001,male,21,2024-11-22_17h35.22.254,solo project,2024.2.1post4,60.00686478171714,2024-11-22 17h35.36.648554 +0530,
,,,,,,,,,,,,,,,,,,,,,,,,,,,,,,,,,,,,,,,,,,,,,,,,,,,,,,,,,,,372.30174609995447,396.4457712000003,space,24.13134009996429,None,,,,,,,,,,,,,,,,,,,,,,,,,,,,,,,,,,,,,,,,,,16,001,male,21,2024-11-22_17h35.22.254,solo project,2024.2.1post4,60.00686478171714,2024-11-22 17h35.36.648554 +0530,
,,0,0,0,,,,,,images/1200_injuries_infections neutral_lum.jpg,neutral,injury/infection,village,,,,,,,,,,,,,,,,,0,0,0,28,,,,,,,,,396.502394799958,,,,,,,,,,,,,,,,,,,,,,396.49201499996707,396.502394799958,397.4591715999413,397.4591715999413,397.50817589997314,399.45785509992857,,,,,,,,,,,,,,,,,,,,,,,,,,,,,,,,,,,,16,001,male,21,2024-11-22_17h35.22.254,solo project,2024.2.1post4,60.00686478171714,2024-11-22 17h35.36.648554 +0530,
,,1,1,0,,,,,,images/1044_food_neutral_lum.jpg,neutral,food,custom,,,,,,,,,,,,,,,,,0,1,1,1,,,,,,,,,399.49065749999136,,,,,,,,,,,,,,,,,,,,,,399.48664589994587,399.49065749999136,400.46037689992227,400.46037689992227,400.4935736999614,402.4442094999831,402.4739039998967,402.4739039998967,,,,,,,,,,,,,,,,,,,,,,,,,,,,,,,,,,16,001,male,21,2024-11-22_17h35.22.254,solo project,2024.2.1post4,60.00686478171714,2024-11-22 17h35.36.648554 +0530,
,,2,2,0,,,,,,images/1165_injuries_infections_lum.jpg,disgust,injury/infection,glacier,,,,,,,,,,,,,,,,,0,2,2,4,,,,,,,,,402.4739039998967,,,,,,,,,,,,,,,,,,,,,,402.47017849993426,402.4739039998967,403.4604052999057,403.4604052999057,403.47633469989523,405.44416149996687,405.47473389992956,405.47473389992956,,,,,,,,,,,,,,,,,,,,,,,,,,,,,,,,,,16,001,male,21,2024-11-22_17h35.22.254,solo project,2024.2.1post4,60.00686478171714,2024-11-22 17h35.36.648554 +0530,
,,3,3,0,,,,,,images/1253_hygiene_lum.jpg,disgust,hygeine,manner,,,,,,,,,,,,,,,,,0,3,3,11,,,,,,,,,405.47473389992956,,,,,,,,,,,,,,,,,,,,,,405.47101839992683,405.47473389992956,406.46124419989064,406.46124419989064,406.47763599990867,408.4449879999738,408.4725645999424,408.4725645999424,,,,,,,,,,,,,,,,,,,,,,,,,,,,,,,,,,16,001,male,21,2024-11-22_17h35.22.254,solo project,2024.2.1post4,60.00686478171714,2024-11-22 17h35.36.648554 +0530,
,,4,4,0,,,,,,images/1202_death_lum.jpg,disgust,death,lantern,,,,,,,,,,,,,,,,,0,4,4,8,,,,,,,,,408.4725645999424,,,,,,,,,,,,,,,,,,,,,,408.4671398999635,408.4725645999424,409.4608202999225,409.4608202999225,409.4788653999567,411.4448430999182,411.4732967999298,411.4732967999298,,,,,,,,,,,,,,,,,,,,,,,,,,,,,,,,,,16,001,male,21,2024-11-22_17h35.22.254,solo project,2024.2.1post4,60.00686478171714,2024-11-22 17h35.36.648554 +0530,
,,5,5,0,,,,,,images/1073_animals_lum.jpg,disgust,animal,journal,,,,,,,,,,,,,,,,,0,5,5,7,,,,,,,,,411.4732967999298,,,,,,,,,,,,,,,,,,,,,,411.4691222999245,411.4732967999298,412.4612605998991,412.4612605998991,412.47722010000143,414.4455815999536,414.484587599989,414.484587599989,,,,,,,,,,,,,,,,,,,,,,,,,,,,,,,,,,16,001,male,21,2024-11-22_17h35.22.254,solo project,2024.2.1post4,60.00686478171714,2024-11-22 17h35.36.648554 +0530,
,,6,6,0,,,,,,images/1104_body products_lum.jpg,disgust,body product,material,,,,,,,,,,,,,,,,,0,6,6,12,,,,,,,,,414.484587599989,,,,,,,,,,,,,,,,,,,,,,414.4774560999358,414.484587599989,415.450342600001,415.450342600001,415.49830259999726,417.44835419999436,,,,,,,,,,,,,,,,,,,,,,,,,,,,,,,,,,,,16,001,male,21,2024-11-22_17h35.22.254,solo project,2024.2.1post4,60.00686478171714,2024-11-22 17h35.36.648554 +0530,
,,7,7,0,,,,,,images/1054_animals_lum.jpg,disgust,animal,serious,,,,,,,,,,,,,,,,,0,7,7,23,,,,,,,,,417.47791389992926,,,,,,,,,,,,,,,,,,,,,,417.4719563999679,417.47791389992926,418.448696599924,418.448696599924,418.481381499907,420.43217529996764,420.4544744999148,420.4544744999148,,,,,,,,,,,,,,,,,,,,,,,,,,,,,,,,,,16,001,male,21,2024-11-22_17h35.22.254,solo project,2024.2.1post4,60.00686478171714,2024-11-22 17h35.36.648554 +0530,
,,8,8,0,,,,,,images/1153_injuries_infections_lum.jpg,disgust,injury/infection,elevator,,,,,,,,,,,,,,,,,0,8,8,2,,,,,,,,,420.4544744999148,,,,,,,,,,,,,,,,,,,,,,420.4493475999916,420.4544744999148,421.44825559994206,421.44825559994206,421.46501179994084,423.43288259999827,423.45562309992965,423.45562309992965,,,,,,,,,,,,,,,,,,,,,,,,,,,,,,,,,,16,001,male,21,2024-11-22_17h35.22.254,solo project,2024.2.1post4,60.00686478171714,2024-11-22 17h35.36.648554 +0530,
,,9,9,0,,,,,,images/1247_death neutral_lum.jpg,neutral,death,wine,,,,,,,,,,,,,,,,,0,9,9,29,,,,,,,,,423.45562309992965,,,,,,,,,,,,,,,,,,,,,,423.45180329994764,423.45562309992965,424.4484016998904,424.4484016998904,424.46501769998576,426.4318690999644,426.46260899992194,426.46260899992194,,,,,,,,,,,,,,,,,,,,,,,,,,,,,,,,,,16,001,male,21,2024-11-22_17h35.22.254,solo project,2024.2.1post4,60.00686478171714,2024-11-22 17h35.36.648554 +0530,
,,10,10,0,,,,,,images/1118_body products_lum.jpg,disgust,body product,reverent,,,,,,,,,,,,,,,,,0,10,10,22,,,,,,,,,426.46260899992194,,,,,,,,,,,,,,,,,,,,,,426.45687120000366,426.46260899992194,427.4487041999819,427.4487041999819,427.46511269989423,429.4324692999944,429.46088789997157,429.46088789997157,,,,,,,,,,,,,,,,,,,,,,,,,,,,,,,,,,16,001,male,21,2024-11-22_17h35.22.254,solo project,2024.2.1post4,60.00686478171714,2024-11-22 17h35.36.648554 +0530,
,,11,11,0,,,,,,images/1107_body products_lum.jpg,disgust,body product,passage,,,,,,,,,,,,,,,,,0,11,11,16,,,,,,,,,429.46088789997157,,,,,,,,,,,,,,,,,,,,,,429.4571952999104,429.46088789997157,430.44857409992255,430.44857409992255,430.4651707999874,432.43258219992276,432.4627419000026,432.4627419000026,,,,,,,,,,,,,,,,,,,,,,,,,,,,,,,,,,16,001,male,21,2024-11-22_17h35.22.254,solo project,2024.2.1post4,60.00686478171714,2024-11-22 17h35.36.648554 +0530,
,,12,12,0,,,,,,images/1143_body products neutral_lum.jpg,neutral,body product,invest,,,,,,,,,,,,,,,,,0,12,12,6,,,,,,,,,432.4627419000026,,,,,,,,,,,,,,,,,,,,,,432.45628309994936,432.4627419000026,433.4487953999778,433.4487953999778,433.46531449991744,435.43277859990485,435.46094589994755,435.46094589994755,,,,,,,,,,,,,,,,,,,,,,,,,,,,,,,,,,16,001,male,21,2024-11-22_17h35.22.254,solo project,2024.2.1post4,60.00686478171714,2024-11-22 17h35.36.648554 +0530,
,,13,13,0,,,,,,images/1149_body products neutral_lum.jpg,neutral,body product,skeptical,,,,,,,,,,,,,,,,,0,13,13,24,,,,,,,,,435.46094589994755,,,,,,,,,,,,,,,,,,,,,,435.4572766999481,435.46094589994755,436.44878039998,436.44878039998,436.46514549991116,438.43270329991356,438.4558694999432,438.4558694999432,,,,,,,,,,,,,,,,,,,,,,,,,,,,,,,,,,16,001,male,21,2024-11-22_17h35.22.254,solo project,2024.2.1post4,60.00686478171714,2024-11-22 17h35.36.648554 +0530,
,,14,14,0,,,,,,images/1001_food_lum.jpg,disgust,food,radiator,,,,,,,,,,,,,,,,,0,14,14,18,,,,,,,,,438.4558694999432,,,,,,,,,,,,,,,,,,,,,,438.45205839991104,438.4558694999432,439.4483838999877,439.4483838999877,439.4653086999897,441.4327419999754,441.46320119989105,441.46320119989105,,,,,,,,,,,,,,,,,,,,,,,,,,,,,,,,,,16,001,male,21,2024-11-22_17h35.22.254,solo project,2024.2.1post4,60.00686478171714,2024-11-22 17h35.36.648554 +0530,
,,15,15,0,,,,,,images/1250_death neutral_lum.jpg,neutral,death,neurotic,,,,,,,,,,,,,,,,,0,15,15,14,,,,,,,,,441.46320119989105,,,,,,,,,,,,,,,,,,,,,,441.45809219998773,441.46320119989105,442.44938799995,442.44938799995,442.4656483998988,444.43321980000474,444.46065509994514,444.46065509994514,,,,,,,,,,,,,,,,,,,,,,,,,,,,,,,,,,16,001,male,21,2024-11-22_17h35.22.254,solo project,2024.2.1post4,60.00686478171714,2024-11-22 17h35.36.648554 +0530,
,,16,16,0,,,,,,images/1093_animals_neutral_lum.jpg,neutral,animal,lighthouse,,,,,,,,,,,,,,,,,0,16,16,9,,,,,,,,,444.46065509994514,,,,,,,,,,,,,,,,,,,,,,444.45663519995287,444.46065509994514,445.44930419989396,445.44930419989396,445.4661944999825,447.43325129989535,447.4609143999405,447.4609143999405,,,,,,,,,,,,,,,,,,,,,,,,,,,,,,,,,,16,001,male,21,2024-11-22_17h35.22.254,solo project,2024.2.1post4,60.00686478171714,2024-11-22 17h35.36.648554 +0530,
,,17,17,0,,,,,,images/1146_body products neutral_lum.jpg,neutral,body product,reptile,,,,,,,,,,,,,,,,,0,17,17,21,,,,,,,,,447.4609143999405,,,,,,,,,,,,,,,,,,,,,,447.4552152999677,447.4609143999405,448.4496574999066,448.4496574999066,448.46547649998683,450.43329429998994,450.46158669993747,450.46158669993747,,,,,,,,,,,,,,,,,,,,,,,,,,,,,,,,,,16,001,male,21,2024-11-22_17h35.22.254,solo project,2024.2.1post4,60.00686478171714,2024-11-22 17h35.36.648554 +0530,
,,18,18,0,,,,,,images/1032_food_lum.jpg,disgust,food,rattle,,,,,,,,,,,,,,,,,0,18,18,20,,,,,,,,,450.46158669993747,,,,,,,,,,,,,,,,,,,,,,450.4561140999431,450.46158669993747,451.4491586999502,451.4491586999502,451.4669600999914,453.4334034998901,453.46452229993884,453.46452229993884,,,,,,,,,,,,,,,,,,,,,,,,,,,,,,,,,,16,001,male,21,2024-11-22_17h35.22.254,solo project,2024.2.1post4,60.00686478171714,2024-11-22 17h35.36.648554 +0530,
,,19,19,0,,,,,,images/1223_death_lum.jpg,disgust,death,mischief,,,,,,,,,,,,,,,,,0,19,19,13,,,,,,,,,453.46452229993884,,,,,,,,,,,,,,,,,,,,,,453.46039919997565,453.46452229993884,454.450614899979,454.450614899979,454.46770639996976,456.4343308999669,456.46208119997755,456.46208119997755,,,,,,,,,,,,,,,,,,,,,,,,,,,,,,,,,,16,001,male,21,2024-11-22_17h35.22.254,solo project,2024.2.1post4,60.00686478171714,2024-11-22 17h35.36.648554 +0530,
,,20,20,0,,,,,,images/1100_animals_neutral_lum.jpg,neutral,animal,nursery,,,,,,,,,,,,,,,,,0,20,20,15,,,,,,,,,456.46208119997755,,,,,,,,,,,,,,,,,,,,,,456.4579499999527,456.46208119997755,457.4506804998964,457.4506804998964,457.4673119999934,459.4346471999306,459.46336369996425,459.46336369996425,,,,,,,,,,,,,,,,,,,,,,,,,,,,,,,,,,16,001,male,21,2024-11-22_17h35.22.254,solo project,2024.2.1post4,60.00686478171714,2024-11-22 17h35.36.648554 +0530,
,,21,21,0,,,,,,images/1099_animals_neutral_lum.jpg,neutral,animal,coast,,,,,,,,,,,,,,,,,0,21,21,0,,,,,,,,,459.46336369996425,,,,,,,,,,,,,,,,,,,,,,459.4579083999852,459.46336369996425,460.45056969998404,460.45056969998404,460.4676016999874,462.4344741998939,462.46397379995324,462.46397379995324,,,,,,,,,,,,,,,,,,,,,,,,,,,,,,,,,,16,001,male,21,2024-11-22_17h35.22.254,solo project,2024.2.1post4,60.00686478171714,2024-11-22 17h35.36.648554 +0530,
,,22,22,0,,,,,,images/1062_animals_lum.jpg,disgust,animal,ennui,,,,,,,,,,,,,,,,,0,22,22,3,,,,,,,,,462.46397379995324,,,,,,,,,,,,,,,,,,,,,,462.458046499989,462.46397379995324,463.4503221999621,463.4503221999621,463.4668788999552,465.43421300000045,465.46359499997925,465.46359499997925,,,,,,,,,,,,,,,,,,,,,,,,,,,,,,,,,,16,001,male,21,2024-11-22_17h35.22.254,solo project,2024.2.1post4,60.00686478171714,2024-11-22 17h35.36.648554 +0530,
,,23,23,0,,,,,,images/1299_hygiene neutral_lum.jpg,neutral,hygeine,rancid,,,,,,,,,,,,,,,,,0,23,23,19,,,,,,,,,465.46359499997925,,,,,,,,,,,,,,,,,,,,,,465.4576280999463,465.46359499997925,466.4502329999814,466.4502329999814,466.4670263999142,468.4345522999065,468.4580725999549,468.4580725999549,,,,,,,,,,,,,,,,,,,,,,,,,,,,,,,,,,16,001,male,21,2024-11-22_17h35.22.254,solo project,2024.2.1post4,60.00686478171714,2024-11-22 17h35.36.648554 +0530,
,,24,24,0,,,,,,images/1291_hygiene neutral_lum.jpg,neutral,hygeine,hard,,,,,,,,,,,,,,,,,0,24,24,5,,,,,,,,,468.4580725999549,,,,,,,,,,,,,,,,,,,,,,468.452385499957,468.4580725999549,469.4504659998929,469.4504659998929,469.46736519993283,471.4344221999636,471.4625702999765,471.4625702999765,,,,,,,,,,,,,,,,,,,,,,,,,,,,,,,,,,16,001,male,21,2024-11-22_17h35.22.254,solo project,2024.2.1post4,60.00686478171714,2024-11-22 17h35.36.648554 +0530,
,,25,25,0,,,,,,images/1192_injuries_infections neutral_lum.jpg,neutral,injury/infection,stove,,,,,,,,,,,,,,,,,0,25,25,26,,,,,,,,,471.4625702999765,,,,,,,,,,,,,,,,,,,,,,471.4573398999637,471.4625702999765,472.4503738998901,472.4503738998901,472.46709950000513,474.4343732999405,474.46378929994535,474.46378929994535,,,,,,,,,,,,,,,,,,,,,,,,,,,,,,,,,,16,001,male,21,2024-11-22_17h35.22.254,solo project,2024.2.1post4,60.00686478171714,2024-11-22 17h35.36.648554 +0530,
,,26,26,0,,,,,,images/1049_food_neutral_lum.jpg,neutral,food,privacy,,,,,,,,,,,,,,,,,0,26,26,17,,,,,,,,,474.46378929994535,,,,,,,,,,,,,,,,,,,,,,474.4588254999835,474.46378929994535,475.45025269989856,475.45025269989856,475.46723909990396,477.43440029991325,477.4635943999747,477.4635943999747,,,,,,,,,,,,,,,,,,,,,,,,,,,,,,,,,,16,001,male,21,2024-11-22_17h35.22.254,solo project,2024.2.1post4,60.00686478171714,2024-11-22 17h35.36.648554 +0530,
,,27,27,0,,,,,,images/1041_food_neutral_lum.jpg,neutral,food,trumpet,,,,,,,,,,,,,,,,,0,27,27,27,,,,,,,,,477.4635943999747,,,,,,,,,,,,,,,,,,,,,,477.45758429996204,477.4635943999747,478.449933799915,478.449933799915,478.4668964999728,480.4342006999068,480.46340009989217,480.46340009989217,,,,,,,,,,,,,,,,,,,,,,,,,,,,,,,,,,16,001,male,21,2024-11-22_17h35.22.254,solo project,2024.2.1post4,60.00686478171714,2024-11-22 17h35.36.648554 +0530,
,,28,28,0,,,,,,images/1013_food_lum.jpg,disgust,food,stiff,,,,,,,,,,,,,,,,,0,28,28,25,,,,,,,,,480.46340009989217,,,,,,,,,,,,,,,,,,,,,,480.45768769993447,480.46340009989217,481.4502624999732,481.4502624999732,481.46680289995857,483.4337064999854,483.4578619999811,483.4578619999811,,,,,,,,,,,,,,,,,,,,,,,,,,,,,,,,,,16,001,male,21,2024-11-22_17h35.22.254,solo project,2024.2.1post4,60.00686478171714,2024-11-22 17h35.36.648554 +0530,
,,29,29,0,,,,,,images/1271_hygiene_lum.jpg,disgust,hygeine,limber,,,,,,,,,,,,,,,,,0,29,29,10,,,,,,,,,483.4578619999811,,,,,,,,,,,,,,,,,,,,,,483.45391629997175,483.4578619999811,484.45025889994577,484.45025889994577,484.467021199991,486.43429809994996,486.450265099993,486.450265099993,,,,,,,,,,,,,,,,,,,,,,,,,,,,,,,,,,16,001,male,21,2024-11-22_17h35.22.254,solo project,2024.2.1post4,60.00686478171714,2024-11-22 17h35.36.648554 +0530,
,,,,,,,,,,,,,,,,,,,,,,,,,,,,,,,,,,,,,,,,,,,,,,,,,,,,,,,,,,,,,,,,,,,,,,,,486.4344037999399,2.0041029000421986,495.7506333999336,space,7.295826199930161,None,,,,,,,,,,,,,,,,,,,,,,,,,,,,16,001,male,21,2024-11-22_17h35.22.254,solo project,2024.2.1post4,60.00686478171714,2024-11-22 17h35.36.648554 +0530,
,,0,0,0,,,,,,,disgust,injury/infection,,elevator,old,2.0,3.235298700048588,,,,,,,,,,,,,,,,,0,0,0,2,,,,,495.8048848999897,,,,,,,,,,,,,,,,,,,,,,,,,,,,,,,,,,,,495.78975419991184,495.8048848999897,495.8048848999897,499.04128999996465,2.0,3.235298700048588,,,,,,,,,,,,,,,,,,,,,,16,001,male,21,2024-11-22_17h35.22.254,solo project,2024.2.1post4,60.00686478171714,2024-11-22 17h35.36.648554 +0530,
,,1,1,0,,,,,,,None,None,,repentant,new,2.0,2.025030000018887,,,,,,,,,,,,,,,,,0,1,1,45,,,,,499.06009319995064,,,,,,,,,,,,,,,,,,,,,,,,,,,,,,,,,,,,499.0504117999226,499.06009319995064,499.06009319995064,501.09080499992706,2.0,2.025030000018887,,,,,,,,,,,,,,,,,,,,,,16,001,male,21,2024-11-22_17h35.22.254,solo project,2024.2.1post4,60.00686478171714,2024-11-22 17h35.36.648554 +0530,
,,2,2,0,,,,,,,disgust,injury/infection,,glacier,old,1.0,1.3932280000299215,,,,,,,,,,,,,,,,,0,2,2,4,,,,,501.1101216999814,,,,,,,,,,,,,,,,,,,,,,,,,,,,,,,,,,,,501.0990675999783,501.1101216999814,501.1101216999814,502.5076690999558,1.0,1.3932280000299215,,,,,,,,,,,,,,,,,,,,,,16,001,male,21,2024-11-22_17h35.22.254,solo project,2024.2.1post4,60.00686478171714,2024-11-22 17h35.36.648554 +0530,
,,3,3,0,,,,,,,None,None,,skyscraper,new,2.0,1.591568100033328,,,,,,,,,,,,,,,,,0,3,3,51,,,,,502.52645359991584,,,,,,,,,,,,,,,,,,,,,,,,,,,,,,,,,,,,502.5165289998986,502.52645359991584,502.52645359991584,504.1242695999099,2.0,1.591568100033328,,,,,,,,,,,,,,,,,,,,,,16,001,male,21,2024-11-22_17h35.22.254,solo project,2024.2.1post4,60.00686478171714,2024-11-22 17h35.36.648554 +0530,
,,4,4,0,,,,,,,None,None,,medicine,new,2.0,1.7033487999578938,,,,,,,,,,,,,,,,,0,4,4,42,,,,,504.1478713999968,,,,,,,,,,,,,,,,,,,,,,,,,,,,,,,,,,,,504.13837079994846,504.1478713999968,504.1478713999968,505.8579182999674,2.0,1.7033487999578938,,,,,,,,,,,,,,,,,,,,,,16,001,male,21,2024-11-22_17h35.22.254,solo project,2024.2.1post4,60.00686478171714,2024-11-22 17h35.36.648554 +0530,
,,5,5,0,,,,,,,None,None,,industry,new,2.0,1.178004699992016,,,,,,,,,,,,,,,,,0,5,5,38,,,,,505.87350259989034,,,,,,,,,,,,,,,,,,,,,,,,,,,,,,,,,,,,505.86387489992194,505.87350259989034,505.87350259989034,507.05756899993867,2.0,1.178004699992016,,,,,,,,,,,,,,,,,,,,,,16,001,male,21,2024-11-22_17h35.22.254,solo project,2024.2.1post4,60.00686478171714,2024-11-22 17h35.36.648554 +0530,
,,6,6,0,,,,,,,disgust,animal,,serious,old,2.0,0.8783326999982819,,,,,,,,,,,,,,,,,0,6,6,23,,,,,507.07441239990294,,,,,,,,,,,,,,,,,,,,,,,,,,,,,,,,,,,,507.06332749989815,507.07441239990294,507.07441239990294,507.95733979996294,2.0,0.8783326999982819,,,,,,,,,,,,,,,,,,,,,,16,001,male,21,2024-11-22_17h35.22.254,solo project,2024.2.1post4,60.00686478171714,2024-11-22 17h35.36.648554 +0530,
,,7,7,0,,,,,,,neutral,food,,privacy,old,1.0,1.2292126999236643,,,,,,,,,,,,,,,,,0,7,7,17,,,,,507.97358059999533,,,,,,,,,,,,,,,,,,,,,,,,,,,,,,,,,,,,507.9625557999825,507.97358059999533,507.97358059999533,509.20780699991155,1.0,1.2292126999236643,,,,,,,,,,,,,,,,,,,,,,16,001,male,21,2024-11-22_17h35.22.254,solo project,2024.2.1post4,60.00686478171714,2024-11-22 17h35.36.648554 +0530,
,,8,8,0,,,,,,,disgust,hygeine,,limber,old,1.0,1.227487500058487,,,,,,,,,,,,,,,,,0,8,8,10,,,,,509.22453029989265,,,,,,,,,,,,,,,,,,,,,,,,,,,,,,,,,,,,509.21417609998025,509.22453029989265,509.22453029989265,510.45731259998865,1.0,1.227487500058487,,,,,,,,,,,,,,,,,,,,,,16,001,male,21,2024-11-22_17h35.22.254,solo project,2024.2.1post4,60.00686478171714,2024-11-22 17h35.36.648554 +0530,
,,9,9,0,,,,,,,neutral,food,,trumpet,old,2.0,1.913696099887602,,,,,,,,,,,,,,,,,0,9,9,27,,,,,510.47269749990664,,,,,,,,,,,,,,,,,,,,,,,,,,,,,,,,,,,,510.4613917999668,510.47269749990664,510.47269749990664,512.3912068000063,2.0,1.913696099887602,,,,,,,,,,,,,,,,,,,,,,16,001,male,21,2024-11-22_17h35.22.254,solo project,2024.2.1post4,60.00686478171714,2024-11-22 17h35.36.648554 +0530,
,,10,10,0,,,,,,,neutral,body product,,invest,old,2.0,2.6974437999306247,,,,,,,,,,,,,,,,,0,10,10,6,,,,,512.4060837998986,,,,,,,,,,,,,,,,,,,,,,,,,,,,,,,,,,,,512.3945132999215,512.4060837998986,512.4060837998986,515.107156299986,2.0,2.6974437999306247,,,,,,,,,,,,,,,,,,,,,,16,001,male,21,2024-11-22_17h35.22.254,solo project,2024.2.1post4,60.00686478171714,2024-11-22 17h35.36.648554 +0530,
,,11,11,0,,,,,,,None,None,,rough,new,2.0,1.6786839999258518,,,,,,,,,,,,,,,,,0,11,11,46,,,,,515.1233411999419,,,,,,,,,,,,,,,,,,,,,,,,,,,,,,,,,,,,515.1133159999736,515.1233411999419,515.1233411999419,516.8075532999355,2.0,1.6786839999258518,,,,,,,,,,,,,,,,,,,,,,16,001,male,21,2024-11-22_17h35.22.254,solo project,2024.2.1post4,60.00686478171714,2024-11-22 17h35.36.648554 +0530,
,,12,12,0,,,,,,,disgust,food,,rattle,old,1.0,1.2304906999925151,,,,,,,,,,,,,,,,,0,12,12,20,,,,,516.8228301999625,,,,,,,,,,,,,,,,,,,,,,,,,,,,,,,,,,,,516.8109465999296,516.8228301999625,516.8228301999625,518.0576196999755,1.0,1.2304906999925151,,,,,,,,,,,,,,,,,,,,,,16,001,male,21,2024-11-22_17h35.22.254,solo project,2024.2.1post4,60.00686478171714,2024-11-22 17h35.36.648554 +0530,
,,13,13,0,,,,,,,neutral,death,,wine,old,2.0,1.677840800024569,,,,,,,,,,,,,,,,,0,13,13,29,,,,,518.0730038000038,,,,,,,,,,,,,,,,,,,,,,,,,,,,,,,,,,,,518.0636374999303,518.0730038000038,518.0730038000038,519.7573369999882,2.0,1.677840800024569,,,,,,,,,,,,,,,,,,,,,,16,001,male,21,2024-11-22_17h35.22.254,solo project,2024.2.1post4,60.00686478171714,2024-11-22 17h35.36.648554 +0530,
,,14,14,0,,,,,,,disgust,death,,lantern,old,1.0,1.3978540999814868,,,,,,,,,,,,,,,,,0,14,14,8,,,,,519.7728507999564,,,,,,,,,,,,,,,,,,,,,,,,,,,,,,,,,,,,519.7608213999774,519.7728507999564,519.7728507999564,521.1738616999937,1.0,1.3978540999814868,,,,,,,,,,,,,,,,,,,,,,16,001,male,21,2024-11-22_17h35.22.254,solo project,2024.2.1post4,60.00686478171714,2024-11-22 17h35.36.648554 +0530,
,,15,15,0,,,,,,,neutral,death,,neurotic,old,1.0,1.2634122000308707,,,,,,,,,,,,,,,,,0,15,15,14,,,,,521.1893825998995,,,,,,,,,,,,,,,,,,,,,,,,,,,,,,,,,,,,521.1781779999146,521.1893825998995,521.1893825998995,522.4570492999628,1.0,1.2634122000308707,,,,,,,,,,,,,,,,,,,,,,16,001,male,21,2024-11-22_17h35.22.254,solo project,2024.2.1post4,60.00686478171714,2024-11-22 17h35.36.648554 +0530,
,,16,16,0,,,,,,,neutral,food,,custom,old,1.0,1.3650251999497414,,,,,,,,,,,,,,,,,0,16,16,1,,,,,522.4725716999965,,,,,,,,,,,,,,,,,,,,,,,,,,,,,,,,,,,,522.4607180999592,522.4725716999965,522.4725716999965,523.8409435999347,1.0,1.3650251999497414,,,,,,,,,,,,,,,,,,,,,,16,001,male,21,2024-11-22_17h35.22.254,solo project,2024.2.1post4,60.00686478171714,2024-11-22 17h35.36.648554 +0530,
,,17,17,0,,,,,,,None,None,,tease,new,2.0,1.4980016000336036,,,,,,,,,,,,,,,,,0,17,17,54,,,,,523.8559019999811,,,,,,,,,,,,,,,,,,,,,,,,,,,,,,,,,,,,523.8441358999116,523.8559019999811,523.8559019999811,525.3574098999379,2.0,1.4980016000336036,,,,,,,,,,,,,,,,,,,,,,16,001,male,21,2024-11-22_17h35.22.254,solo project,2024.2.1post4,60.00686478171714,2024-11-22 17h35.36.648554 +0530,
,,18,18,0,,,,,,,None,None,,shadow,new,2.0,1.3142631999216974,,,,,,,,,,,,,,,,,0,18,18,50,,,,,525.3734279999044,,,,,,,,,,,,,,,,,,,,,,,,,,,,,,,,,,,,525.360957399942,525.3734279999044,525.3734279999044,526.690586199984,2.0,1.3142631999216974,,,,,,,,,,,,,,,,,,,,,,16,001,male,21,2024-11-22_17h35.22.254,solo project,2024.2.1post4,60.00686478171714,2024-11-22 17h35.36.648554 +0530,
,,19,19,0,,,,,,,None,None,,lawn,new,2.0,1.4145379000110552,,,,,,,,,,,,,,,,,0,19,19,39,,,,,526.7058068999322,,,,,,,,,,,,,,,,,,,,,,,,,,,,,,,,,,,,526.6935581999132,526.7058068999322,526.7058068999322,528.1237307999982,2.0,1.4145379000110552,,,,,,,,,,,,,,,,,,,,,,16,001,male,21,2024-11-22_17h35.22.254,solo project,2024.2.1post4,60.00686478171714,2024-11-22 17h35.36.648554 +0530,
,,20,20,0,,,,,,,None,None,,clock,new,2.0,1.2312350999563932,,,,,,,,,,,,,,,,,0,20,20,30,,,,,528.1391941999318,,,,,,,,,,,,,,,,,,,,,,,,,,,,,,,,,,,,528.1271125999046,528.1391941999318,528.1391941999318,529.3741723999847,2.0,1.2312350999563932,,,,,,,,,,,,,,,,,,,,,,16,001,male,21,2024-11-22_17h35.22.254,solo project,2024.2.1post4,60.00686478171714,2024-11-22 17h35.36.648554 +0530,
,,21,21,0,,,,,,,disgust,animal,,journal,old,1.0,1.144308099988848,,,,,,,,,,,,,,,,,0,21,21,7,,,,,529.3911406999687,,,,,,,,,,,,,,,,,,,,,,,,,,,,,,,,,,,,529.3803627999732,529.3911406999687,529.3911406999687,530.5408110999269,1.0,1.144308099988848,,,,,,,,,,,,,,,,,,,,,,16,001,male,21,2024-11-22_17h35.22.254,solo project,2024.2.1post4,60.00686478171714,2024-11-22 17h35.36.648554 +0530,
,,22,22,0,,,,,,,None,None,,hand,new,2.0,1.280514599988237,,,,,,,,,,,,,,,,,0,22,22,35,,,,,530.5556847999105,,,,,,,,,,,,,,,,,,,,,,,,,,,,,,,,,,,,530.5440697999438,530.5556847999105,530.5556847999105,531.8408665999305,2.0,1.280514599988237,,,,,,,,,,,,,,,,,,,,,,16,001,male,21,2024-11-22_17h35.22.254,solo project,2024.2.1post4,60.00686478171714,2024-11-22 17h35.36.648554 +0530,
,,23,23,0,,,,,,,disgust,body product,,material,old,1.0,1.2804607000434771,,,,,,,,,,,,,,,,,0,23,23,12,,,,,531.8557115999283,,,,,,,,,,,,,,,,,,,,,,,,,,,,,,,,,,,,531.8445761000039,531.8557115999283,531.8557115999283,533.1407045999076,1.0,1.2804607000434771,,,,,,,,,,,,,,,,,,,,,,16,001,male,21,2024-11-22_17h35.22.254,solo project,2024.2.1post4,60.00686478171714,2024-11-22 17h35.36.648554 +0530,
,,24,24,0,,,,,,,disgust,food,,radiator,old,2.0,1.4304782999679446,,,,,,,,,,,,,,,,,0,24,24,18,,,,,533.1557731999783,,,,,,,,,,,,,,,,,,,,,,,,,,,,,,,,,,,,533.1445598999271,533.1557731999783,533.1557731999783,534.5905409998959,2.0,1.4304782999679446,,,,,,,,,,,,,,,,,,,,,,16,001,male,21,2024-11-22_17h35.22.254,solo project,2024.2.1post4,60.00686478171714,2024-11-22 17h35.36.648554 +0530,
,,25,25,0,,,,,,,None,None,,teacher,new,2.0,1.4635478999698535,,,,,,,,,,,,,,,,,0,25,25,53,,,,,534.6057602999499,,,,,,,,,,,,,,,,,,,,,,,,,,,,,,,,,,,,534.5944057999877,534.6057602999499,534.6057602999499,536.0739798999857,2.0,1.4635478999698535,,,,,,,,,,,,,,,,,,,,,,16,001,male,21,2024-11-22_17h35.22.254,solo project,2024.2.1post4,60.00686478171714,2024-11-22 17h35.36.648554 +0530,
,,26,26,0,,,,,,,disgust,hygeine,,manner,old,1.0,3.8135807000799105,,,,,,,,,,,,,,,,,0,26,26,11,,,,,536.0890773999272,,,,,,,,,,,,,,,,,,,,,,,,,,,,,,,,,,,,536.0773821999319,536.0890773999272,536.0890773999272,539.9070760000031,1.0,3.8135807000799105,,,,,,,,,,,,,,,,,,,,,,16,001,male,21,2024-11-22_17h35.22.254,solo project,2024.2.1post4,60.00686478171714,2024-11-22 17h35.36.648554 +0530,
,,27,27,0,,,,,,,neutral,hygeine,,hard,old,1.0,1.3649316999362782,,,,,,,,,,,,,,,,,0,27,27,5,,,,,539.9223279999569,,,,,,,,,,,,,,,,,,,,,,,,,,,,,,,,,,,,539.9104942999547,539.9223279999569,539.9223279999569,541.290093199932,1.0,1.3649316999362782,,,,,,,,,,,,,,,,,,,,,,16,001,male,21,2024-11-22_17h35.22.254,solo project,2024.2.1post4,60.00686478171714,2024-11-22 17h35.36.648554 +0530,
,,28,28,0,,,,,,,None,None,,contents,new,2.0,1.164600900025107,,,,,,,,,,,,,,,,,0,28,28,32,,,,,541.3059432998998,,,,,,,,,,,,,,,,,,,,,,,,,,,,,,,,,,,,541.2940757999895,541.3059432998998,541.3059432998998,542.4735189999919,2.0,1.164600900025107,,,,,,,,,,,,,,,,,,,,,,16,001,male,21,2024-11-22_17h35.22.254,solo project,2024.2.1post4,60.00686478171714,2024-11-22 17h35.36.648554 +0530,
,,29,29,0,,,,,,,neutral,animal,,lighthouse,old,2.0,1.9131557999644428,,,,,,,,,,,,,,,,,0,29,29,9,,,,,542.4890309999464,,,,,,,,,,,,,,,,,,,,,,,,,,,,,,,,,,,,542.4783346999902,542.4890309999464,542.4890309999464,544.4071688998956,2.0,1.9131557999644428,,,,,,,,,,,,,,,,,,,,,,16,001,male,21,2024-11-22_17h35.22.254,solo project,2024.2.1post4,60.00686478171714,2024-11-22 17h35.36.648554 +0530,
,,30,30,0,,,,,,,None,None,,concentrate,new,2.0,1.9300039999652654,,,,,,,,,,,,,,,,,0,30,30,31,,,,,544.4226821999764,,,,,,,,,,,,,,,,,,,,,,,,,,,,,,,,,,,,544.4112367999041,544.4226821999764,544.4226821999764,546.3574103999417,2.0,1.9300039999652654,,,,,,,,,,,,,,,,,,,,,,16,001,male,21,2024-11-22_17h35.22.254,solo project,2024.2.1post4,60.00686478171714,2024-11-22 17h35.36.648554 +0530,
,,31,31,0,,,,,,,None,None,,paint,new,2.0,2.164102500071749,,,,,,,,,,,,,,,,,0,31,31,43,,,,,546.3723124999087,,,,,,,,,,,,,,,,,,,,,,,,,,,,,,,,,,,,546.3606277999934,546.3723124999087,546.3723124999087,548.5402675999794,2.0,2.164102500071749,,,,,,,,,,,,,,,,,,,,,,16,001,male,21,2024-11-22_17h35.22.254,solo project,2024.2.1post4,60.00686478171714,2024-11-22 17h35.36.648554 +0530,
,,32,32,0,,,,,,,None,None,,trunk,new,2.0,1.631078299949877,,,,,,,,,,,,,,,,,0,32,32,57,,,,,548.5555070999544,,,,,,,,,,,,,,,,,,,,,,,,,,,,,,,,,,,,548.5436841999181,548.5555070999544,548.5555070999544,550.1901780999033,2.0,1.631078299949877,,,,,,,,,,,,,,,,,,,,,,16,001,male,21,2024-11-22_17h35.22.254,solo project,2024.2.1post4,60.00686478171714,2024-11-22 17h35.36.648554 +0530,
,,33,33,0,,,,,,,disgust,animal,,ennui,old,1.0,1.0814676000736654,,,,,,,,,,,,,,,,,0,33,33,3,,,,,550.2057569999015,,,,,,,,,,,,,,,,,,,,,,,,,,,,,,,,,,,,550.1936938998988,550.2057569999015,550.2057569999015,551.2903650999069,1.0,1.0814676000736654,,,,,,,,,,,,,,,,,,,,,,16,001,male,21,2024-11-22_17h35.22.254,solo project,2024.2.1post4,60.00686478171714,2024-11-22 17h35.36.648554 +0530,
,,34,34,0,,,,,,,None,None,,detail,new,2.0,1.2476225999416783,,,,,,,,,,,,,,,,,0,34,34,33,,,,,551.3054401999107,,,,,,,,,,,,,,,,,,,,,,,,,,,,,,,,,,,,551.2938440999715,551.3054401999107,551.3054401999107,552.5566743999952,2.0,1.2476225999416783,,,,,,,,,,,,,,,,,,,,,,16,001,male,21,2024-11-22_17h35.22.254,solo project,2024.2.1post4,60.00686478171714,2024-11-22 17h35.36.648554 +0530,
,,35,35,0,,,,,,,None,None,,fabric,new,2.0,10.496146699995734,,,,,,,,,,,,,,,,,0,35,35,34,,,,,552.5737657999853,,,,,,,,,,,,,,,,,,,,,,,,,,,,,,,,,,,,552.5628250999143,552.5737657999853,552.5737657999853,563.0736355999252,2.0,10.496146699995734,,,,,,,,,,,,,,,,,,,,,,16,001,male,21,2024-11-22_17h35.22.254,solo project,2024.2.1post4,60.00686478171714,2024-11-22 17h35.36.648554 +0530,
,,36,36,0,,,,,,,neutral,animal,,coast,old,1.0,2.1302391999633983,,,,,,,,,,,,,,,,,0,36,36,0,,,,,563.088661299902,,,,,,,,,,,,,,,,,,,,,,,,,,,,,,,,,,,,563.0771668999223,563.088661299902,563.088661299902,565.2233371000038,1.0,2.1302391999633983,,,,,,,,,,,,,,,,,,,,,,16,001,male,21,2024-11-22_17h35.22.254,solo project,2024.2.1post4,60.00686478171714,2024-11-22 17h35.36.648554 +0530,
,,37,37,0,,,,,,,disgust,body product,,reverent,old,1.0,1.1475056000053883,,,,,,,,,,,,,,,,,0,37,37,22,,,,,565.2386322999373,,,,,,,,,,,,,,,,,,,,,,,,,,,,,,,,,,,,565.2268083998933,565.2386322999373,565.2386322999373,566.3901341999881,1.0,1.1475056000053883,,,,,,,,,,,,,,,,,,,,,,16,001,male,21,2024-11-22_17h35.22.254,solo project,2024.2.1post4,60.00686478171714,2024-11-22 17h35.36.648554 +0530,
,,38,38,0,,,,,,,None,None,,theory,new,2.0,1.3139522999990731,,,,,,,,,,,,,,,,,0,38,38,55,,,,,566.4051718999399,,,,,,,,,,,,,,,,,,,,,,,,,,,,,,,,,,,,566.3937005999032,566.4051718999399,566.4051718999399,567.7255831999937,2.0,1.3139522999990731,,,,,,,,,,,,,,,,,,,,,,16,001,male,21,2024-11-22_17h35.22.254,solo project,2024.2.1post4,60.00686478171714,2024-11-22 17h35.36.648554 +0530,
,,39,39,0,,,,,,,None,None,,highway,new,2.0,1.278656299924478,,,,,,,,,,,,,,,,,0,39,39,37,,,,,567.7404347999254,,,,,,,,,,,,,,,,,,,,,,,,,,,,,,,,,,,,567.7293833999429,567.7404347999254,567.7404347999254,569.0231631998904,2.0,1.278656299924478,,,,,,,,,,,,,,,,,,,,,,16,001,male,21,2024-11-22_17h35.22.254,solo project,2024.2.1post4,60.00686478171714,2024-11-22 17h35.36.648554 +0530,
,,40,40,0,,,,,,,None,None,,market,new,2.0,1.5472257999936119,,,,,,,,,,,,,,,,,0,40,40,41,,,,,569.0385110999923,,,,,,,,,,,,,,,,,,,,,,,,,,,,,,,,,,,,569.0270075999433,569.0385110999923,569.0385110999923,570.5903006999288,2.0,1.5472257999936119,,,,,,,,,,,,,,,,,,,,,,16,001,male,21,2024-11-22_17h35.22.254,solo project,2024.2.1post4,60.00686478171714,2024-11-22 17h35.36.648554 +0530,
,,41,41,0,,,,,,,None,None,,hawk,new,2.0,1.064170700032264,,,,,,,,,,,,,,,,,0,41,41,36,,,,,570.6053153999383,,,,,,,,,,,,,,,,,,,,,,,,,,,,,,,,,,,,570.5935719999252,570.6053153999383,570.6053153999383,571.673990399926,2.0,1.064170700032264,,,,,,,,,,,,,,,,,,,,,,16,001,male,21,2024-11-22_17h35.22.254,solo project,2024.2.1post4,60.00686478171714,2024-11-22 17h35.36.648554 +0530,
,,42,42,0,,,,,,,disgust,death,,mischief,old,1.0,1.6127828999888152,,,,,,,,,,,,,,,,,0,42,42,13,,,,,571.688734699972,,,,,,,,,,,,,,,,,,,,,,,,,,,,,,,,,,,,571.6786959999008,571.688734699972,571.688734699972,573.3065226000035,1.0,1.6127828999888152,,,,,,,,,,,,,,,,,,,,,,16,001,male,21,2024-11-22_17h35.22.254,solo project,2024.2.1post4,60.00686478171714,2024-11-22 17h35.36.648554 +0530,
,,43,43,0,,,,,,,neutral,injury/infection,,village,old,2.0,1.263711899984628,,,,,,,,,,,,,,,,,0,43,43,28,,,,,573.3222772999434,,,,,,,,,,,,,,,,,,,,,,,,,,,,,,,,,,,,573.3101612000028,573.3222772999434,573.3222772999434,574.5897618999006,2.0,1.263711899984628,,,,,,,,,,,,,,,,,,,,,,16,001,male,21,2024-11-22_17h35.22.254,solo project,2024.2.1post4,60.00686478171714,2024-11-22 17h35.36.648554 +0530,
,,44,44,0,,,,,,,neutral,injury/infection,,stove,old,2.0,2.464039899990894,,,,,,,,,,,,,,,,,0,44,44,26,,,,,574.6052547999425,,,,,,,,,,,,,,,,,,,,,,,,,,,,,,,,,,,,574.5929812999675,574.6052547999425,574.6052547999425,577.0727844999637,2.0,2.464039899990894,,,,,,,,,,,,,,,,,,,,,,16,001,male,21,2024-11-22_17h35.22.254,solo project,2024.2.1post4,60.00686478171714,2024-11-22 17h35.36.648554 +0530,
,,45,45,0,,,,,,,None,None,,whistle,new,2.0,0.9312536999350414,,,,,,,,,,,,,,,,,0,45,45,59,,,,,577.0883986999979,,,,,,,,,,,,,,,,,,,,,,,,,,,,,,,,,,,,577.0762831999455,577.0883986999979,577.0883986999979,578.0235052999342,2.0,0.9312536999350414,,,,,,,,,,,,,,,,,,,,,,16,001,male,21,2024-11-22_17h35.22.254,solo project,2024.2.1post4,60.00686478171714,2024-11-22 17h35.36.648554 +0530,
,,46,46,0,,,,,,,None,None,,storm,new,2.0,0.7811010000295937,,,,,,,,,,,,,,,,,0,46,46,52,,,,,578.0382718999172,,,,,,,,,,,,,,,,,,,,,,,,,,,,,,,,,,,,578.0266338998917,578.0382718999172,578.0382718999172,578.8232004999882,2.0,0.7811010000295937,,,,,,,,,,,,,,,,,,,,,,16,001,male,21,2024-11-22_17h35.22.254,solo project,2024.2.1post4,60.00686478171714,2024-11-22 17h35.36.648554 +0530,
,,47,47,0,,,,,,,None,None,,sentiment,new,2.0,0.8644472000887617,,,,,,,,,,,,,,,,,0,47,47,49,,,,,578.8384852999588,,,,,,,,,,,,,,,,,,,,,,,,,,,,,,,,,,,,578.8270088999998,578.8384852999588,578.8384852999588,579.7062795999227,2.0,0.8644472000887617,,,,,,,,,,,,,,,,,,,,,,16,001,male,21,2024-11-22_17h35.22.254,solo project,2024.2.1post4,60.00686478171714,2024-11-22 17h35.36.648554 +0530,
,,48,48,0,,,,,,,neutral,body product,,reptile,old,1.0,1.2813060999615118,,,,,,,,,,,,,,,,,0,48,48,21,,,,,579.7217747999821,,,,,,,,,,,,,,,,,,,,,,,,,,,,,,,,,,,,579.7097786999075,579.7217747999821,579.7217747999821,581.0067877999973,1.0,1.2813060999615118,,,,,,,,,,,,,,,,,,,,,,16,001,male,21,2024-11-22_17h35.22.254,solo project,2024.2.1post4,60.00686478171714,2024-11-22 17h35.36.648554 +0530,
,,49,49,0,,,,,,,None,None,,watch,new,2.0,1.0131878000684083,,,,,,,,,,,,,,,,,0,49,49,58,,,,,581.021768799983,,,,,,,,,,,,,,,,,,,,,,,,,,,,,,,,,,,,581.0109474000055,581.021768799983,581.021768799983,582.0400369999697,2.0,1.0131878000684083,,,,,,,,,,,,,,,,,,,,,,16,001,male,21,2024-11-22_17h35.22.254,solo project,2024.2.1post4,60.00686478171714,2024-11-22 17h35.36.648554 +0530,
,,50,50,0,,,,,,,None,None,,truck,new,2.0,0.7310845999745652,,,,,,,,,,,,,,,,,0,50,50,56,,,,,582.0549822999164,,,,,,,,,,,,,,,,,,,,,,,,,,,,,,,,,,,,582.0433809999377,582.0549822999164,582.0549822999164,582.789716099971,2.0,0.7310845999745652,,,,,,,,,,,,,,,,,,,,,,16,001,male,21,2024-11-22_17h35.22.254,solo project,2024.2.1post4,60.00686478171714,2024-11-22 17h35.36.648554 +0530,
,,51,51,0,,,,,,,None,None,,scissors,new,2.0,0.6814346000319347,,,,,,,,,,,,,,,,,0,51,51,48,,,,,582.8049794998951,,,,,,,,,,,,,,,,,,,,,,,,,,,,,,,,,,,,582.7930910999421,582.8049794998951,582.8049794998951,583.4898580999579,2.0,0.6814346000319347,,,,,,,,,,,,,,,,,,,,,,16,001,male,21,2024-11-22_17h35.22.254,solo project,2024.2.1post4,60.00686478171714,2024-11-22 17h35.36.648554 +0530,
,,52,52,0,,,,,,,neutral,hygeine,,rancid,old,1.0,1.9469532000366598,,,,,,,,,,,,,,,,,0,52,52,19,,,,,583.5050504999235,,,,,,,,,,,,,,,,,,,,,,,,,,,,,,,,,,,,583.4938540000003,583.5050504999235,583.5050504999235,585.4567520999117,1.0,1.9469532000366598,,,,,,,,,,,,,,,,,,,,,,16,001,male,21,2024-11-22_17h35.22.254,solo project,2024.2.1post4,60.00686478171714,2024-11-22 17h35.36.648554 +0530,
,,53,53,0,,,,,,,None,None,,poetry,new,2.0,1.180476599955,,,,,,,,,,,,,,,,,0,53,53,44,,,,,585.4717562999576,,,,,,,,,,,,,,,,,,,,,,,,,,,,,,,,,,,,585.4600573999342,585.4717562999576,585.4717562999576,586.6561070999596,2.0,1.180476599955,,,,,,,,,,,,,,,,,,,,,,16,001,male,21,2024-11-22_17h35.22.254,solo project,2024.2.1post4,60.00686478171714,2024-11-22 17h35.36.648554 +0530,
,,54,54,0,,,,,,,disgust,body product,,passage,old,2.0,0.9970235000364482,,,,,,,,,,,,,,,,,0,54,54,16,,,,,586.6716763000004,,,,,,,,,,,,,,,,,,,,,,,,,,,,,,,,,,,,586.659919400001,586.6716763000004,586.6716763000004,587.6729845999507,2.0,0.9970235000364482,,,,,,,,,,,,,,,,,,,,,,16,001,male,21,2024-11-22_17h35.22.254,solo project,2024.2.1post4,60.00686478171714,2024-11-22 17h35.36.648554 +0530,
,,55,55,0,,,,,,,neutral,body product,,skeptical,old,2.0,1.36419420002494,,,,,,,,,,,,,,,,,0,55,55,24,,,,,587.688238899922,,,,,,,,,,,,,,,,,,,,,,,,,,,,,,,,,,,,587.6766636999091,587.688238899922,587.688238899922,589.0563314999454,2.0,1.36419420002494,,,,,,,,,,,,,,,,,,,,,,16,001,male,21,2024-11-22_17h35.22.254,solo project,2024.2.1post4,60.00686478171714,2024-11-22 17h35.36.648554 +0530,
,,56,56,0,,,,,,,None,None,,salute,new,2.0,1.2478944000322372,,,,,,,,,,,,,,,,,0,56,56,47,,,,,589.0716627999209,,,,,,,,,,,,,,,,,,,,,,,,,,,,,,,,,,,,589.0598589999136,589.0716627999209,589.0716627999209,590.3230299999705,2.0,1.2478944000322372,,,,,,,,,,,,,,,,,,,,,,16,001,male,21,2024-11-22_17h35.22.254,solo project,2024.2.1post4,60.00686478171714,2024-11-22 17h35.36.648554 +0530,
,,57,57,0,,,,,,,neutral,animal,,nursery,old,2.0,1.0303754000924528,,,,,,,,,,,,,,,,,0,57,57,15,,,,,590.3384083999554,,,,,,,,,,,,,,,,,,,,,,,,,,,,,,,,,,,,590.3266724999994,590.3384083999554,590.3384083999554,591.3729353999952,2.0,1.0303754000924528,,,,,,,,,,,,,,,,,,,,,,16,001,male,21,2024-11-22_17h35.22.254,solo project,2024.2.1post4,60.00686478171714,2024-11-22 17h35.36.648554 +0530,
,,58,58,0,,,,,,,disgust,food,,stiff,old,1.0,1.264257499948144,,,,,,,,,,,,,,,,,0,58,58,25,,,,,591.3882339999545,,,,,,,,,,,,,,,,,,,,,,,,,,,,,,,,,,,,591.3762805999722,591.3882339999545,591.3882339999545,592.6564704999328,1.0,1.264257499948144,,,,,,,,,,,,,,,,,,,,,,16,001,male,21,2024-11-22_17h35.22.254,solo project,2024.2.1post4,60.00686478171714,2024-11-22 17h35.36.648554 +0530,
,,59,59,0,,,,,,,None,None,,lightbulb,new,2.0,4.81392099999357,,,,,,,,,,,,,,,,,0,59,59,40,,,,,592.6716749999905,,,,,,,,,,,,,,,,,,,,,,,,,,,,,,,,,,,,592.6603996999329,592.6716749999905,592.6716749999905,597.4896494999994,2.0,4.81392099999357,,,,,,,,,,,,,,,,,,,,,,16,001,male,21,2024-11-22_17h35.22.254,solo project,2024.2.1post4,60.00686478171714,2024-11-22 17h35.36.648554 +0530,
,,,,,,,,,,,,,,,,,,,,,,,,,,,,,,,,,,,,,,,,,,,,,,,,,,,,,,,,,,,,,,,,,,,,,,,,,,,,,,,,,,,,597.4902621998917,602.9900255999528,1,[5.484259399934672],[5.484268300002441],,,,,,,,,,,,,,,,,16,001,male,21,2024-11-22_17h35.22.254,solo project,2024.2.1post4,60.00686478171714,2024-11-22 17h35.36.648554 +0530,
,,,,,,,,,,,,,,,,,,,,,,,,,,,,,,,,,,,,,,,,,,,,,,,,,,,,,,,,,,,,,,,,,,,,,,,,,,,,,,,,,,,,,,,,,602.9901510999771,614.756387899979,space,11.762983900029212,None,,,,,,,,,,,,16,001,male,21,2024-11-22_17h35.22.254,solo project,2024.2.1post4,60.00686478171714,2024-11-22 17h35.36.648554 +0530,
,,,,,,,,,,,,,,,,,,,,,,,,,,,,,,,,,,,,,,,,,,,,,,,,,,,,,,,,,,,,,,,,,,,,,,,,,,,,,,,,,,,,,,,,,,,,,,614.7564501999877,649.6890709999716,space,34.92863840004429,None,,,,,,,16,001,male,21,2024-11-22_17h35.22.254,solo project,2024.2.1post4,60.00686478171714,2024-11-22 17h35.36.648554 +0530,
,,0,0,0,,,,,,,,,,,,,,1,Telephoning in public,0.0,0.0,,,,,,,,,,,,,,,,,0,0,0,0,649.7388219999848,,,,,,,,,,,,,,,,,,,,,,,,,,,,,,,,,,,,,,,,,,,,,,,,,,,,,,,,,649.70426639996,649.7388219999848,649.7388219999848,663.083225899958,0.0,0.0,16,001,male,21,2024-11-22_17h35.22.254,solo project,2024.2.1post4,60.00686478171714,2024-11-22 17h35.36.648554 +0530,
,,1,1,0,,,,,,,,,,,,,,2,Participating in small groups,1.0,1.0,,,,,,,,,,,,,,,,,0,1,1,1,663.105416999897,,,,,,,,,,,,,,,,,,,,,,,,,,,,,,,,,,,,,,,,,,,,,,,,,,,,,,,,,663.0882288999856,663.105416999897,663.105416999897,670.6212748999242,1.0,1.0,16,001,male,21,2024-11-22_17h35.22.254,solo project,2024.2.1post4,60.00686478171714,2024-11-22 17h35.36.648554 +0530,
,,2,2,0,,,,,,,,,,,,,,3,Eating in public places,1.0,1.0,,,,,,,,,,,,,,,,,0,2,2,2,670.6450957999332,,,,,,,,,,,,,,,,,,,,,,,,,,,,,,,,,,,,,,,,,,,,,,,,,,,,,,,,,670.6253474999685,670.6450957999332,670.6450957999332,678.7077661999501,1.0,1.0,16,001,male,21,2024-11-22_17h35.22.254,solo project,2024.2.1post4,60.00686478171714,2024-11-22 17h35.36.648554 +0530,
,,3,3,0,,,,,,,,,,,,,,4,Drinking with others in public places,2.0,3.0,,,,,,,,,,,,,,,,,0,3,3,3,678.731406899984,,,,,,,,,,,,,,,,,,,,,,,,,,,,,,,,,,,,,,,,,,,,,,,,,,,,,,,,,678.7134608000051,678.731406899984,678.731406899984,685.9449442999903,2.0,3.0,16,001,male,21,2024-11-22_17h35.22.254,solo project,2024.2.1post4,60.00686478171714,2024-11-22 17h35.36.648554 +0530,
,,4,4,0,,,,,,,,,,,,,,5,Talking to people in authority,3.0,2.0,,,,,,,,,,,,,,,,,0,4,4,4,685.9687069999054,,,,,,,,,,,,,,,,,,,,,,,,,,,,,,,,,,,,,,,,,,,,,,,,,,,,,,,,,685.9484930000035,685.9687069999054,685.9687069999054,690.0916895999108,3.0,2.0,16,001,male,21,2024-11-22_17h35.22.254,solo project,2024.2.1post4,60.00686478171714,2024-11-22 17h35.36.648554 +0530,
,,5,5,0,,,,,,,,,,,,,,6,"Acting, performing, or giving a talk in front of an audience",3.0,3.0,,,,,,,,,,,,,,,,,0,5,5,5,690.1143255999777,,,,,,,,,,,,,,,,,,,,,,,,,,,,,,,,,,,,,,,,,,,,,,,,,,,,,,,,,690.0965561999474,690.1143255999777,690.1143255999777,694.4917560999747,3.0,3.0,16,001,male,21,2024-11-22_17h35.22.254,solo project,2024.2.1post4,60.00686478171714,2024-11-22 17h35.36.648554 +0530,
,,6,6,0,,,,,,,,,,,,,,7,Going to a party,2.0,2.0,,,,,,,,,,,,,,,,,0,6,6,6,694.5206831999822,,,,,,,,,,,,,,,,,,,,,,,,,,,,,,,,,,,,,,,,,,,,,,,,,,,,,,,,,694.5040458999574,694.5206831999822,694.5206831999822,698.9328276999295,2.0,2.0,16,001,male,21,2024-11-22_17h35.22.254,solo project,2024.2.1post4,60.00686478171714,2024-11-22 17h35.36.648554 +0530,
,,7,7,0,,,,,,,,,,,,,,8,Working while being observed,3.0,3.0,,,,,,,,,,,,,,,,,0,7,7,7,698.9551880999934,,,,,,,,,,,,,,,,,,,,,,,,,,,,,,,,,,,,,,,,,,,,,,,,,,,,,,,,,698.9377931999043,698.9551880999934,698.9551880999934,702.1632869999157,3.0,3.0,16,001,male,21,2024-11-22_17h35.22.254,solo project,2024.2.1post4,60.00686478171714,2024-11-22 17h35.36.648554 +0530,
,,8,8,0,,,,,,,,,,,,,,9,Writing while being observed,2.0,1.0,,,,,,,,,,,,,,,,,0,8,8,8,702.187088000006,,,,,,,,,,,,,,,,,,,,,,,,,,,,,,,,,,,,,,,,,,,,,,,,,,,,,,,,,702.1666010000044,702.187088000006,702.187088000006,706.6939545999048,2.0,1.0,16,001,male,21,2024-11-22_17h35.22.254,solo project,2024.2.1post4,60.00686478171714,2024-11-22 17h35.36.648554 +0530,
,,9,9,0,,,,,,,,,,,,,,10,Calling someone you don't know very well,2.0,2.0,,,,,,,,,,,,,,,,,0,9,9,9,706.7196516999975,,,,,,,,,,,,,,,,,,,,,,,,,,,,,,,,,,,,,,,,,,,,,,,,,,,,,,,,,706.6997642999049,706.7196516999975,706.7196516999975,712.6270895999623,2.0,2.0,16,001,male,21,2024-11-22_17h35.22.254,solo project,2024.2.1post4,60.00686478171714,2024-11-22 17h35.36.648554 +0530,
,,10,10,0,,,,,,,,,,,,,,11,Talking with people you don't know very well,1.0,2.0,,,,,,,,,,,,,,,,,0,10,10,10,712.6501624999801,,,,,,,,,,,,,,,,,,,,,,,,,,,,,,,,,,,,,,,,,,,,,,,,,,,,,,,,,712.6310014999472,712.6501624999801,712.6501624999801,718.6148494998924,1.0,2.0,16,001,male,21,2024-11-22_17h35.22.254,solo project,2024.2.1post4,60.00686478171714,2024-11-22 17h35.36.648554 +0530,
,,11,11,0,,,,,,,,,,,,,,12,Meeting strangers,2.0,2.0,,,,,,,,,,,,,,,,,0,11,11,11,718.6377837999025,,,,,,,,,,,,,,,,,,,,,,,,,,,,,,,,,,,,,,,,,,,,,,,,,,,,,,,,,718.6203509999905,718.6377837999025,718.6377837999025,725.1312077000039,2.0,2.0,16,001,male,21,2024-11-22_17h35.22.254,solo project,2024.2.1post4,60.00686478171714,2024-11-22 17h35.36.648554 +0530,
,,12,12,0,,,,,,,,,,,,,,13,Urinating in a public bathroom,3.0,2.0,,,,,,,,,,,,,,,,,0,12,12,12,725.1525095999241,,,,,,,,,,,,,,,,,,,,,,,,,,,,,,,,,,,,,,,,,,,,,,,,,,,,,,,,,725.1362226000056,725.1525095999241,725.1525095999241,728.4413204999873,3.0,2.0,16,001,male,21,2024-11-22_17h35.22.254,solo project,2024.2.1post4,60.00686478171714,2024-11-22 17h35.36.648554 +0530,
,,13,13,0,,,,,,,,,,,,,,14,Entering a room when others are already seated,2.0,3.0,,,,,,,,,,,,,,,,,0,13,13,13,728.4618434999138,,,,,,,,,,,,,,,,,,,,,,,,,,,,,,,,,,,,,,,,,,,,,,,,,,,,,,,,,728.4451343999244,728.4618434999138,728.4618434999138,753.3418275999138,2.0,3.0,16,001,male,21,2024-11-22_17h35.22.254,solo project,2024.2.1post4,60.00686478171714,2024-11-22 17h35.36.648554 +0530,
,,14,14,0,,,,,,,,,,,,,,15,Being the center of attention,1.0,2.0,,,,,,,,,,,,,,,,,0,14,14,14,753.3652296999935,,,,,,,,,,,,,,,,,,,,,,,,,,,,,,,,,,,,,,,,,,,,,,,,,,,,,,,,,753.3471622999059,753.3652296999935,753.3652296999935,760.3128977000015,1.0,2.0,16,001,male,21,2024-11-22_17h35.22.254,solo project,2024.2.1post4,60.00686478171714,2024-11-22 17h35.36.648554 +0530,
,,15,15,0,,,,,,,,,,,,,,16,Speaking up at a meeting,3.0,3.0,,,,,,,,,,,,,,,,,0,15,15,15,760.3359632999636,,,,,,,,,,,,,,,,,,,,,,,,,,,,,,,,,,,,,,,,,,,,,,,,,,,,,,,,,760.3174404999008,760.3359632999636,760.3359632999636,764.1040605999297,3.0,3.0,16,001,male,21,2024-11-22_17h35.22.254,solo project,2024.2.1post4,60.00686478171714,2024-11-22 17h35.36.648554 +0530,
,,16,16,0,,,,,,,,,,,,,,17,Taking a test,3.0,2.0,,,,,,,,,,,,,,,,,0,16,16,16,764.1260517999763,,,,,,,,,,,,,,,,,,,,,,,,,,,,,,,,,,,,,,,,,,,,,,,,,,,,,,,,,764.1072745999554,764.1260517999763,764.1260517999763,767.7615736000007,3.0,2.0,16,001,male,21,2024-11-22_17h35.22.254,solo project,2024.2.1post4,60.00686478171714,2024-11-22 17h35.36.648554 +0530,
,,17,17,0,,,,,,,,,,,,,,18,Expressing a disagreement or disapproval to people you don’t know very well,3.0,3.0,,,,,,,,,,,,,,,,,0,17,17,17,767.7937083999859,,,,,,,,,,,,,,,,,,,,,,,,,,,,,,,,,,,,,,,,,,,,,,,,,,,,,,,,,767.7749542999081,767.7937083999859,767.7937083999859,773.6190427999245,3.0,3.0,16,001,male,21,2024-11-22_17h35.22.254,solo project,2024.2.1post4,60.00686478171714,2024-11-22 17h35.36.648554 +0530,
,,18,18,0,,,,,,,,,,,,,,19,Looking at people you don't know very well in the eyes,1.0,1.0,,,,,,,,,,,,,,,,,0,18,18,18,773.6426186999306,,,,,,,,,,,,,,,,,,,,,,,,,,,,,,,,,,,,,,,,,,,,,,,,,,,,,,,,,773.6249998999992,773.6426186999306,773.6426186999306,781.5589781999588,1.0,1.0,16,001,male,21,2024-11-22_17h35.22.254,solo project,2024.2.1post4,60.00686478171714,2024-11-22 17h35.36.648554 +0530,
,,19,19,0,,,,,,,,,,,,,,20,Giving a report to a group,1.0,2.0,,,,,,,,,,,,,,,,,0,19,19,19,781.581938099931,,,,,,,,,,,,,,,,,,,,,,,,,,,,,,,,,,,,,,,,,,,,,,,,,,,,,,,,,781.5624358999776,781.581938099931,781.581938099931,787.7948983999668,1.0,2.0,16,001,male,21,2024-11-22_17h35.22.254,solo project,2024.2.1post4,60.00686478171714,2024-11-22 17h35.36.648554 +0530,
,,20,20,0,,,,,,,,,,,,,,21,Trying to pick up someone,1.0,1.0,,,,,,,,,,,,,,,,,0,20,20,20,787.8153409999795,,,,,,,,,,,,,,,,,,,,,,,,,,,,,,,,,,,,,,,,,,,,,,,,,,,,,,,,,787.7981673999457,787.8153409999795,787.8153409999795,798.8296056999825,1.0,1.0,16,001,male,21,2024-11-22_17h35.22.254,solo project,2024.2.1post4,60.00686478171714,2024-11-22 17h35.36.648554 +0530,
,,21,21,0,,,,,,,,,,,,,,22,Returning goods to a store,0.0,0.0,,,,,,,,,,,,,,,,,0,21,21,21,798.8532921998994,,,,,,,,,,,,,,,,,,,,,,,,,,,,,,,,,,,,,,,,,,,,,,,,,,,,,,,,,798.8345987999346,798.8532921998994,798.8532921998994,803.7522056999151,0.0,0.0,16,001,male,21,2024-11-22_17h35.22.254,solo project,2024.2.1post4,60.00686478171714,2024-11-22 17h35.36.648554 +0530,
,,22,22,0,,,,,,,,,,,,,,23,Giving a party,1.0,1.0,,,,,,,,,,,,,,,,,0,22,22,22,803.7728966999566,,,,,,,,,,,,,,,,,,,,,,,,,,,,,,,,,,,,,,,,,,,,,,,,,,,,,,,,,803.7555415999377,803.7728966999566,803.7728966999566,809.9267290999414,1.0,1.0,16,001,male,21,2024-11-22_17h35.22.254,solo project,2024.2.1post4,60.00686478171714,2024-11-22 17h35.36.648554 +0530,
,,23,23,0,,,,,,,,,,,,,,24,Resisting a high pressure salesperson,2.0,2.0,,,,,,,,,,,,,,,,,0,23,23,23,809.9492478999309,,,,,,,,,,,,,,,,,,,,,,,,,,,,,,,,,,,,,,,,,,,,,,,,,,,,,,,,,809.9307898998959,809.9492478999309,809.9492478999309,822.8373029999202,2.0,2.0,16,001,male,21,2024-11-22_17h35.22.254,solo project,2024.2.1post4,60.00686478171714,2024-11-22 17h35.36.648554 +0530,
