﻿no_per,dsr_per,thisN,thisTrialN,thisRepN,slider.response,slider.rt,no_exp,dsr_exp,slider_2.response,imagefile,type,subtype,study_word,test_word,old_new,slider_3.response,slider_3.rt,trials.thisRepN,trials.thisTrialN,trials.thisN,trials.thisIndex,trials_2.thisRepN,trials_2.thisTrialN,trials_2.thisN,trials_2.thisIndex,trials_3.thisRepN,trials_3.thisTrialN,trials_3.thisN,trials_3.thisIndex,trials_4.thisRepN,trials_4.thisTrialN,trials_4.thisN,trials_4.thisIndex,thisRow.t,notes,consent.started,consent.stopped,button.numClicks,button.timesOn,button.timesOff,dsr_personal.started,text.started,question.started,slider.started,dsr_personal.stopped,trials.slider.response,trials.slider.rt,dsr_experience.started,dsr_experience.stopped,trials_2.slider_2.response,instr.started,instr.stopped,key_resp.keys,key_resp.rt,key_resp.duration,encoding.started,fixation.started,study_image.started,studyword.started,fixation.stopped,study_image.stopped,studyword.stopped,encoding.stopped,test_instruction.started,key_resp_2.started,test_instruction.stopped,key_resp_2.keys,key_resp_2.rt,key_resp_2.duration,testing.started,t_word.started,slider_3.started,testing.stopped,trials_4.slider_3.response,trials_4.slider_3.rt,end.started,participant,session,sex,age,date,expName,psychopyVersion,frameRate,expStart,
,,,,,,,,,,,,,,,,,,,,,,,,,,,,,,,,,,,,0.015109900035895407,12.892751900013536,1,[12.869361100019887],[12.869379400042817],,,,,,,,,,,,,,,,,,,,,,,,,,,,,,,,,,,,,17,001,male,21,2024-11-22_19h15.01.555,solo project,2024.2.1post4,59.9540152412196,2024-11-22 19h27.36.386706 +0530,
1,"I might be willing to try eating monkey meat, under some circumstances.",0,0,0,3.0,28.973600199911743,,,,,,,,,,,,0,0,0,0,,,,,,,,,,,,,12.943135399953462,,,,,,,12.919673399999738,12.943135399953462,12.943135399953462,12.943135399953462,41.90914659993723,3.0,28.973600199911743,,,,,,,,,,,,,,,,,,,,,,,,,,,,,,17,001,male,21,2024-11-22_19h15.01.555,solo project,2024.2.1post4,59.9540152412196,2024-11-22 19h27.36.386706 +0530,
2,It would bother me to be in a science class and to see a human preserved in a jar.,1,1,0,1.0,12.10345850000158,,,,,,,,,,,,0,1,1,1,,,,,,,,,,,,,41.93433990003541,,,,,,,41.92253820004407,41.93433990003541,41.93433990003541,41.93433990003541,54.042425899999216,1.0,12.10345850000158,,,,,,,,,,,,,,,,,,,,,,,,,,,,,,17,001,male,21,2024-11-22_19h15.01.555,solo project,2024.2.1post4,59.9540152412196,2024-11-22 19h27.36.386706 +0530,
3,It bothers me to hear someone clear a throat full of mucous.,2,2,0,1.0,4.412399500026368,,,,,,,,,,,,0,2,2,2,,,,,,,,,,,,,54.05838539998513,,,,,,,54.04717299994081,54.05838539998513,54.05838539998513,54.05838539998513,58.47561640001368,1.0,4.412399500026368,,,,,,,,,,,,,,,,,,,,,,,,,,,,,,17,001,male,21,2024-11-22_19h15.01.555,solo project,2024.2.1post4,59.9540152412196,2024-11-22 19h27.36.386706 +0530,
4,I never let any part of my body touch the toilet seat in public restrooms.,3,3,0,3.0,4.996266999980435,,,,,,,,,,,,0,3,3,3,,,,,,,,,,,,,58.49180790001992,,,,,,,58.480151399970055,58.49180790001992,58.49180790001992,58.49180790001992,63.492266300017945,3.0,4.996266999980435,,,,,,,,,,,,,,,,,,,,,,,,,,,,,,17,001,male,21,2024-11-22_19h15.01.555,solo project,2024.2.1post4,59.9540152412196,2024-11-22 19h27.36.386706 +0530,
5,I would go out of my way to avoid walking through a graveyard.,4,4,0,3.0,4.879486500052735,,,,,,,,,,,,0,4,4,4,,,,,,,,,,,,,63.50764550000895,,,,,,,63.4960891000228,63.50764550000895,63.50764550000895,63.50764550000895,68.39152269996703,3.0,4.879486500052735,,,,,,,,,,,,,,,,,,,,,,,,,,,,,,17,001,male,21,2024-11-22_19h15.01.555,solo project,2024.2.1post4,59.9540152412196,2024-11-22 19h27.36.386706 +0530,
6,Seeing a cockroach in someone else's house doesn't bother me.,5,5,0,3.0,5.694654699997045,,,,,,,,,,,,0,5,5,5,,,,,,,,,,,,,68.40971070004161,,,,,,,68.39822239999194,68.40971070004161,68.40971070004161,68.40971070004161,74.1085551000433,3.0,5.694654699997045,,,,,,,,,,,,,,,,,,,,,,,,,,,,,,17,001,male,21,2024-11-22_19h15.01.555,solo project,2024.2.1post4,59.9540152412196,2024-11-22 19h27.36.386706 +0530,
7,It would bother me tremendously to touch a dead body.,6,6,0,3.0,5.40682629996445,,,,,,,,,,,,0,6,6,6,,,,,,,,,,,,,74.13083679997362,,,,,,,74.11314469994977,74.13083679997362,74.13083679997362,74.13083679997362,79.53840520000085,3.0,5.40682629996445,,,,,,,,,,,,,,,,,,,,,,,,,,,,,,17,001,male,21,2024-11-22_19h15.01.555,solo project,2024.2.1post4,59.9540152412196,2024-11-22 19h27.36.386706 +0530,
8,"If I see someone vomit, it makes me sick to my stomach.",7,7,0,3.0,4.519589100033045,,,,,,,,,,,,0,7,7,7,,,,,,,,,,,,,79.55868240003474,,,,,,,79.54341479996219,79.55868240003474,79.55868240003474,79.55868240003474,84.07827679999173,3.0,4.519589100033045,,,,,,,,,,,,,,,,,,,,,,,,,,,,,,17,001,male,21,2024-11-22_19h15.01.555,solo project,2024.2.1post4,59.9540152412196,2024-11-22 19h27.36.386706 +0530,
9,I probably would not go to my favorite restaurant if I found out that the cook had a cold.,8,8,0,1.0,6.9456822000211105,,,,,,,,,,,,0,8,8,8,,,,,,,,,,,,,84.09783740004059,,,,,,,84.08357000001706,84.09783740004059,84.09783740004059,84.09783740004059,91.04536570003256,1.0,6.9456822000211105,,,,,,,,,,,,,,,,,,,,,,,,,,,,,,17,001,male,21,2024-11-22_19h15.01.555,solo project,2024.2.1post4,59.9540152412196,2024-11-22 19h27.36.386706 +0530,
10,It would not upset me at all to watch a person with a glass eye take the eye out of the socket.,9,9,0,3.0,11.411026299931109,,,,,,,,,,,,0,9,9,9,,,,,,,,,,,,,91.06505620002281,,,,,,,91.05089439998847,91.06505620002281,91.06505620002281,91.06505620002281,102.47792460001074,3.0,11.411026299931109,,,,,,,,,,,,,,,,,,,,,,,,,,,,,,17,001,male,21,2024-11-22_19h15.01.555,solo project,2024.2.1post4,59.9540152412196,2024-11-22 19h27.36.386706 +0530,
11,It would bother me to see a rat run across my path in a park.,10,10,0,3.0,9.21218749997206,,,,,,,,,,,,0,10,10,10,,,,,,,,,,,,,102.49693679995835,,,,,,,102.4829493999714,102.49693679995835,102.49693679995835,102.49693679995835,111.71422640001401,3.0,9.21218749997206,,,,,,,,,,,,,,,,,,,,,,,,,,,,,,17,001,male,21,2024-11-22_19h15.01.555,solo project,2024.2.1post4,59.9540152412196,2024-11-22 19h27.36.386706 +0530,
12,I would rather eat a piece of fruit than a piece of paper.,11,11,0,4.0,5.210482699912973,,,,,,,,,,,,0,11,11,11,,,,,,,,,,,,,111.73188959993422,,,,,,,111.7182578999782,111.73188959993422,111.73188959993422,111.73188959993422,116.94443779997528,4.0,5.210482699912973,,,,,,,,,,,,,,,,,,,,,,,,,,,,,,17,001,male,21,2024-11-22_19h15.01.555,solo project,2024.2.1post4,59.9540152412196,2024-11-22 19h27.36.386706 +0530,
13,"Even if I was hungry, I would not drink a bowl of my favorite soup if It had been stirred by a used but thoroughly washed flyswatter.",12,12,0,1.0,11.049293600022793,,,,,,,,,,,,0,12,12,12,,,,,,,,,,,,,116.9674270999385,,,,,,,116.95333399996161,116.9674270999385,116.9674270999385,116.9674270999385,128.01804400002584,1.0,11.049293600022793,,,,,,,,,,,,,,,,,,,,,,,,,,,,,,17,001,male,21,2024-11-22_19h15.01.555,solo project,2024.2.1post4,59.9540152412196,2024-11-22 19h27.36.386706 +0530,
14,It would bother me to sleep in a nice hotel room if I knew that a man had died of a heart attack in that room the night before.,13,13,0,1.0,7.721168200019747,,,,,,,,,,,,0,13,13,13,,,,,,,,,,,,,128.0435205999529,,,,,,,128.02609209995717,128.0435205999529,128.0435205999529,128.0435205999529,135.76311089994851,1.0,7.721168200019747,,,,,,,,,,,,,,,,,,,,,,,,,,,,,,17,001,male,21,2024-11-22_19h15.01.555,solo project,2024.2.1post4,59.9540152412196,2024-11-22 19h27.36.386706 +0530,
,,0,0,0,,,15,You see maggots on a piece of meat in an outdoor or garbage pail.,2.0,,,,,,,,,,,,,0,0,0,0,,,,,,,,,135.80239239998627,,,,,,,,,,,,,,135.7842220000457,141.46744199993555,2.0,,,,,,,,,,,,,,,,,,,,,,,,,,,17,001,male,21,2024-11-22_19h15.01.555,solo project,2024.2.1post4,59.9540152412196,2024-11-22 19h27.36.386706 +0530,
,,1,1,0,,,16,You see person eating apple with a knife and fork.,0.0,,,,,,,,,,,,,0,1,1,1,,,,,,,,,141.48844899993856,,,,,,,,,,,,,,141.47272469999734,145.91786529996898,0.0,,,,,,,,,,,,,,,,,,,,,,,,,,,17,001,male,21,2024-11-22_19h15.01.555,solo project,2024.2.1post4,59.9540152412196,2024-11-22 19h27.36.386706 +0530,
,,2,2,0,,,17,"While you are walking through a tunner under a railroad track, you smell urine.",2.0,,,,,,,,,,,,,0,2,2,2,,,,,,,,,145.94829730002675,,,,,,,,,,,,,,145.93276699993294,151.66814189997967,2.0,,,,,,,,,,,,,,,,,,,,,,,,,,,17,001,male,21,2024-11-22_19h15.01.555,solo project,2024.2.1post4,59.9540152412196,2024-11-22 19h27.36.386706 +0530,
,,3,3,0,,,18,"You take a sip of soda, an then realize that you drank from the glass that an acquaintance of yours had been drinking from.",0.0,,,,,,,,,,,,,0,3,3,3,,,,,,,,,151.69816170004196,,,,,,,,,,,,,,151.68354550004005,171.6781110999873,0.0,,,,,,,,,,,,,,,,,,,,,,,,,,,17,001,male,21,2024-11-22_19h15.01.555,solo project,2024.2.1post4,59.9540152412196,2024-11-22 19h27.36.386706 +0530,
,,4,4,0,,,19,"Your friend's pet cat dies, and you have to pick up the dead body with your bare hands.",1.0,,,,,,,,,,,,,0,4,4,4,,,,,,,,,171.69915939995553,,,,,,,,,,,,,,171.6842195999343,177.90818609995767,1.0,,,,,,,,,,,,,,,,,,,,,,,,,,,17,001,male,21,2024-11-22_19h15.01.555,solo project,2024.2.1post4,59.9540152412196,2024-11-22 19h27.36.386706 +0530,
,,5,5,0,,,20,You see someone put ketchup on vanilla ice cream and eat it.,3.0,,,,,,,,,,,,,0,5,5,5,,,,,,,,,177.9299544999376,,,,,,,,,,,,,,177.91339610004798,183.9774325999897,3.0,,,,,,,,,,,,,,,,,,,,,,,,,,,17,001,male,21,2024-11-22_19h15.01.555,solo project,2024.2.1post4,59.9540152412196,2024-11-22 19h27.36.386706 +0530,
,,6,6,0,,,21,You see a man with his intestines exposed after an accident.,3.0,,,,,,,,,,,,,0,6,6,6,,,,,,,,,184.00012350000907,,,,,,,,,,,,,,183.98314399993978,188.2440723000327,3.0,,,,,,,,,,,,,,,,,,,,,,,,,,,17,001,male,21,2024-11-22_19h15.01.555,solo project,2024.2.1post4,59.9540152412196,2024-11-22 19h27.36.386706 +0530,
,,7,7,0,,,22,You discover that a friend of yours changes underwear only once a week.,3.0,,,,,,,,,,,,,0,7,7,7,,,,,,,,,188.26462100003846,,,,,,,,,,,,,,188.24940450000577,192.6085996000329,3.0,,,,,,,,,,,,,,,,,,,,,,,,,,,17,001,male,21,2024-11-22_19h15.01.555,solo project,2024.2.1post4,59.9540152412196,2024-11-22 19h27.36.386706 +0530,
,,8,8,0,,,23,A friend offers you a piece of chocolate shaped like dog-doo.,3.0,,,,,,,,,,,,,0,8,8,8,,,,,,,,,192.62979349994566,,,,,,,,,,,,,,192.61535850004293,196.27532829996198,3.0,,,,,,,,,,,,,,,,,,,,,,,,,,,17,001,male,21,2024-11-22_19h15.01.555,solo project,2024.2.1post4,59.9540152412196,2024-11-22 19h27.36.386706 +0530,
,,9,9,0,,,24,You accidentally touch the ashes of a person who has been cremated.,3.0,,,,,,,,,,,,,0,9,9,9,,,,,,,,,196.2962484000018,,,,,,,,,,,,,,196.2809112999821,199.54825510003138,3.0,,,,,,,,,,,,,,,,,,,,,,,,,,,17,001,male,21,2024-11-22_19h15.01.555,solo project,2024.2.1post4,59.9540152412196,2024-11-22 19h27.36.386706 +0530,
,,10,10,0,,,25,You are about to drink a glass of milk when you smell that it is spoiled.,3.0,,,,,,,,,,,,,0,10,10,10,,,,,,,,,199.57026219996624,,,,,,,,,,,,,,199.5548175999429,207.84054530004505,3.0,,,,,,,,,,,,,,,,,,,,,,,,,,,17,001,male,21,2024-11-22_19h15.01.555,solo project,2024.2.1post4,59.9540152412196,2024-11-22 19h27.36.386706 +0530,
,,11,11,0,,,26,"As a part of a sex education class, you are required to inflate a new unlubricated condom using your mouth.",0.0,,,,,,,,,,,,,0,11,11,11,,,,,,,,,207.8653570000315,,,,,,,,,,,,,,207.84912929998245,213.21869300003164,0.0,,,,,,,,,,,,,,,,,,,,,,,,,,,17,001,male,21,2024-11-22_19h15.01.555,solo project,2024.2.1post4,59.9540152412196,2024-11-22 19h27.36.386706 +0530,
,,12,12,0,,,27,"You are walking barefoot on concrete, and you step on an earthworm.",1.0,,,,,,,,,,,,,0,12,12,12,,,,,,,,,213.23868650000077,,,,,,,,,,,,,,213.2243138999911,219.50247319997288,1.0,,,,,,,,,,,,,,,,,,,,,,,,,,,17,001,male,21,2024-11-22_19h15.01.555,solo project,2024.2.1post4,59.9540152412196,2024-11-22 19h27.36.386706 +0530,
,,,,,,,,,,,,,,,,,,,,,,,,,,,,,,,,,,,,,,,,,,,,,,,,,,,219.5025830999948,233.4034445999423,space,13.877634300035425,None,,,,,,,,,,,,,,,,,,,,,,17,001,male,21,2024-11-22_19h15.01.555,solo project,2024.2.1post4,59.9540152412196,2024-11-22 19h27.36.386706 +0530,
,,0,0,0,,,,,,images/1104_body products_lum.jpg,disgust,body product,material,,,,,,,,,,,,,0,0,0,12,,,,,233.4596202999819,,,,,,,,,,,,,,,,,,,,,,233.4503163000336,233.4596202999819,234.41295679996256,234.41295679996256,234.46209769998677,236.4263335999567,236.4263335999567,236.39623409998603,,,,,,,,,,,,,,17,001,male,21,2024-11-22_19h15.01.555,solo project,2024.2.1post4,59.9540152412196,2024-11-22 19h27.36.386706 +0530,
,,1,1,0,,,,,,images/1093_animals_neutral_lum.jpg,neutral,animal,lighthouse,,,,,,,,,,,,,0,1,1,9,,,,,236.4263335999567,,,,,,,,,,,,,,,,,,,,,,236.4225163999945,236.4263335999567,237.41268619999755,237.41268619999755,237.42917330004275,239.42705269996077,239.42705269996077,239.39649019995704,,,,,,,,,,,,,,17,001,male,21,2024-11-22_19h15.01.555,solo project,2024.2.1post4,59.9540152412196,2024-11-22 19h27.36.386706 +0530,
,,2,2,0,,,,,,images/1044_food_neutral_lum.jpg,neutral,food,custom,,,,,,,,,,,,,0,2,2,1,,,,,239.42705269996077,,,,,,,,,,,,,,,,,,,,,,239.4231064999476,239.42705269996077,240.41334179998375,240.41334179998375,240.42997369996738,242.42654969997238,242.42654969997238,242.39705969998613,,,,,,,,,,,,,,17,001,male,21,2024-11-22_19h15.01.555,solo project,2024.2.1post4,59.9540152412196,2024-11-22 19h27.36.386706 +0530,
,,3,3,0,,,,,,images/1073_animals_lum.jpg,disgust,animal,journal,,,,,,,,,,,,,0,3,3,7,,,,,242.42654969997238,,,,,,,,,,,,,,,,,,,,,,242.42266809998546,242.42654969997238,243.4129187000217,243.4129187000217,243.429791499977,245.42746329994407,245.42746329994407,245.39705599995796,,,,,,,,,,,,,,17,001,male,21,2024-11-22_19h15.01.555,solo project,2024.2.1post4,59.9540152412196,2024-11-22 19h27.36.386706 +0530,
,,4,4,0,,,,,,images/1013_food_lum.jpg,disgust,food,stiff,,,,,,,,,,,,,0,4,4,25,,,,,245.42746329994407,,,,,,,,,,,,,,,,,,,,,,245.4234469999792,245.42746329994407,246.4136590999551,246.4136590999551,246.43049179995432,248.42670990002807,248.42670990002807,248.39748839999083,,,,,,,,,,,,,,17,001,male,21,2024-11-22_19h15.01.555,solo project,2024.2.1post4,59.9540152412196,2024-11-22 19h27.36.386706 +0530,
,,5,5,0,,,,,,images/1146_body products neutral_lum.jpg,neutral,body product,reptile,,,,,,,,,,,,,0,5,5,21,,,,,248.42670990002807,,,,,,,,,,,,,,,,,,,,,,248.4228006999474,248.42670990002807,249.41398840001784,249.41398840001784,249.430076599936,251.42874270002358,251.42874270002358,251.397465200047,,,,,,,,,,,,,,17,001,male,21,2024-11-22_19h15.01.555,solo project,2024.2.1post4,59.9540152412196,2024-11-22 19h27.36.386706 +0530,
,,6,6,0,,,,,,images/1001_food_lum.jpg,disgust,food,radiator,,,,,,,,,,,,,0,6,6,18,,,,,251.42874270002358,,,,,,,,,,,,,,,,,,,,,,251.42484590003733,251.42874270002358,252.41460240003653,252.41460240003653,252.43134240002837,254.42961420002393,254.42961420002393,254.3990273999516,,,,,,,,,,,,,,17,001,male,21,2024-11-22_19h15.01.555,solo project,2024.2.1post4,59.9540152412196,2024-11-22 19h27.36.386706 +0530,
,,7,7,0,,,,,,images/1223_death_lum.jpg,disgust,death,mischief,,,,,,,,,,,,,0,7,7,13,,,,,254.42961420002393,,,,,,,,,,,,,,,,,,,,,,254.42416789999697,254.42961420002393,255.41571480000857,255.41571480000857,255.43222149997018,257.4284716999391,257.4284716999391,257.39963709993754,,,,,,,,,,,,,,17,001,male,21,2024-11-22_19h15.01.555,solo project,2024.2.1post4,59.9540152412196,2024-11-22 19h27.36.386706 +0530,
,,8,8,0,,,,,,images/1107_body products_lum.jpg,disgust,body product,passage,,,,,,,,,,,,,0,8,8,16,,,,,257.4284716999391,,,,,,,,,,,,,,,,,,,,,,257.42316020000726,257.4284716999391,258.41547839995474,258.41547839995474,258.43212839995977,260.4278046999825,260.4278046999825,260.399322799989,,,,,,,,,,,,,,17,001,male,21,2024-11-22_19h15.01.555,solo project,2024.2.1post4,59.9540152412196,2024-11-22 19h27.36.386706 +0530,
,,9,9,0,,,,,,images/1153_injuries_infections_lum.jpg,disgust,injury/infection,elevator,,,,,,,,,,,,,0,9,9,2,,,,,260.4278046999825,,,,,,,,,,,,,,,,,,,,,,260.4239835999906,260.4278046999825,261.41547300003003,261.41547300003003,261.432199300034,263.4319034999935,263.4319034999935,263.3995683999965,,,,,,,,,,,,,,17,001,male,21,2024-11-22_19h15.01.555,solo project,2024.2.1post4,59.9540152412196,2024-11-22 19h27.36.386706 +0530,
,,10,10,0,,,,,,images/1250_death neutral_lum.jpg,neutral,death,neurotic,,,,,,,,,,,,,0,10,10,14,,,,,263.4319034999935,,,,,,,,,,,,,,,,,,,,,,263.4259954999434,263.4319034999935,264.4176639999496,264.4176639999496,264.4340100999689,266.43141459999606,266.43141459999606,266.4012400000356,,,,,,,,,,,,,,17,001,male,21,2024-11-22_19h15.01.555,solo project,2024.2.1post4,59.9540152412196,2024-11-22 19h27.36.386706 +0530,
,,11,11,0,,,,,,images/1118_body products_lum.jpg,disgust,body product,reverent,,,,,,,,,,,,,0,11,11,22,,,,,266.43141459999606,,,,,,,,,,,,,,,,,,,,,,266.4264727999689,266.43141459999606,267.41742579999845,267.41742579999845,267.4338871999644,269.4316784000257,269.4316784000257,269.40153100003954,,,,,,,,,,,,,,17,001,male,21,2024-11-22_19h15.01.555,solo project,2024.2.1post4,59.9540152412196,2024-11-22 19h27.36.386706 +0530,
,,12,12,0,,,,,,images/1041_food_neutral_lum.jpg,neutral,food,trumpet,,,,,,,,,,,,,0,12,12,27,,,,,269.4316784000257,,,,,,,,,,,,,,,,,,,,,,269.4264078999404,269.4316784000257,270.41784729994833,270.41784729994833,270.4341913999524,272.4309538999805,272.4309538999805,272.4018256999552,,,,,,,,,,,,,,17,001,male,21,2024-11-22_19h15.01.555,solo project,2024.2.1post4,59.9540152412196,2024-11-22 19h27.36.386706 +0530,
,,13,13,0,,,,,,images/1247_death neutral_lum.jpg,neutral,death,wine,,,,,,,,,,,,,0,13,13,29,,,,,272.4309538999805,,,,,,,,,,,,,,,,,,,,,,272.4272486999398,272.4309538999805,273.41801719996147,273.41801719996147,273.4342346000485,275.4325055000372,275.4325055000372,275.4016341000097,,,,,,,,,,,,,,17,001,male,21,2024-11-22_19h15.01.555,solo project,2024.2.1post4,59.9540152412196,2024-11-22 19h27.36.386706 +0530,
,,14,14,0,,,,,,images/1143_body products neutral_lum.jpg,neutral,body product,invest,,,,,,,,,,,,,0,14,14,6,,,,,275.4325055000372,,,,,,,,,,,,,,,,,,,,,,275.42683879996184,275.4325055000372,276.4184176999843,276.4184176999843,276.43581940000877,278.43214940000325,278.43214940000325,278.40276119997725,,,,,,,,,,,,,,17,001,male,21,2024-11-22_19h15.01.555,solo project,2024.2.1post4,59.9540152412196,2024-11-22 19h27.36.386706 +0530,
,,15,15,0,,,,,,images/1299_hygiene neutral_lum.jpg,neutral,hygeine,rancid,,,,,,,,,,,,,0,15,15,19,,,,,278.43214940000325,,,,,,,,,,,,,,,,,,,,,,278.427125499933,278.43214940000325,279.4183498999337,279.4183498999337,279.4350148999365,281.43205259996466,281.43205259996466,281.4022152000107,,,,,,,,,,,,,,17,001,male,21,2024-11-22_19h15.01.555,solo project,2024.2.1post4,59.9540152412196,2024-11-22 19h27.36.386706 +0530,
,,16,16,0,,,,,,images/1032_food_lum.jpg,disgust,food,rattle,,,,,,,,,,,,,0,16,16,20,,,,,281.43205259996466,,,,,,,,,,,,,,,,,,,,,,281.42690219997894,281.43205259996466,282.41827799996827,282.41827799996827,282.43515859998297,284.43365599995013,284.43365599995013,284.4023107000394,,,,,,,,,,,,,,17,001,male,21,2024-11-22_19h15.01.555,solo project,2024.2.1post4,59.9540152412196,2024-11-22 19h27.36.386706 +0530,
,,17,17,0,,,,,,images/1253_hygiene_lum.jpg,disgust,hygeine,manner,,,,,,,,,,,,,0,17,17,11,,,,,284.43365599995013,,,,,,,,,,,,,,,,,,,,,,284.4279779000208,284.43365599995013,285.4196476000361,285.4196476000361,285.4365049999906,287.4353361999383,287.4353361999383,287.40339610003866,,,,,,,,,,,,,,17,001,male,21,2024-11-22_19h15.01.555,solo project,2024.2.1post4,59.9540152412196,2024-11-22 19h27.36.386706 +0530,
,,18,18,0,,,,,,images/1054_animals_lum.jpg,disgust,animal,serious,,,,,,,,,,,,,0,18,18,23,,,,,287.4353361999383,,,,,,,,,,,,,,,,,,,,,,287.43017740000505,287.4353361999383,288.40453479997814,288.40453479997814,288.43770040001255,290.42021669994574,290.42021669994574,290.38918559998274,,,,,,,,,,,,,,17,001,male,21,2024-11-22_19h15.01.555,solo project,2024.2.1post4,59.9540152412196,2024-11-22 19h27.36.386706 +0530,
,,19,19,0,,,,,,images/1291_hygiene neutral_lum.jpg,neutral,hygeine,hard,,,,,,,,,,,,,0,19,19,5,,,,,290.42021669994574,,,,,,,,,,,,,,,,,,,,,,290.4150380999781,290.42021669994574,291.40640279999934,291.40640279999934,291.42239650001284,293.419837799971,293.419837799971,293.3898883999791,,,,,,,,,,,,,,17,001,male,21,2024-11-22_19h15.01.555,solo project,2024.2.1post4,59.9540152412196,2024-11-22 19h27.36.386706 +0530,
,,20,20,0,,,,,,images/1149_body products neutral_lum.jpg,neutral,body product,skeptical,,,,,,,,,,,,,0,20,20,24,,,,,293.419837799971,,,,,,,,,,,,,,,,,,,,,,293.4160434999503,293.419837799971,294.4061612000223,294.4061612000223,294.4232350999955,296.4199501000112,296.4199501000112,296.38978299999144,,,,,,,,,,,,,,17,001,male,21,2024-11-22_19h15.01.555,solo project,2024.2.1post4,59.9540152412196,2024-11-22 19h27.36.386706 +0530,
,,21,21,0,,,,,,images/1049_food_neutral_lum.jpg,neutral,food,privacy,,,,,,,,,,,,,0,21,21,17,,,,,296.4199501000112,,,,,,,,,,,,,,,,,,,,,,296.4162030000007,296.4199501000112,297.4064023999963,297.4064023999963,297.4230690000113,299.42167279997375,299.42167279997375,299.39017599995714,,,,,,,,,,,,,,17,001,male,21,2024-11-22_19h15.01.555,solo project,2024.2.1post4,59.9540152412196,2024-11-22 19h27.36.386706 +0530,
,,22,22,0,,,,,,images/1100_animals_neutral_lum.jpg,neutral,animal,nursery,,,,,,,,,,,,,0,22,22,15,,,,,299.42167279997375,,,,,,,,,,,,,,,,,,,,,,299.4160290999571,299.42167279997375,300.407568500028,300.407568500028,300.42406580003444,302.42218100000173,302.42218100000173,302.3916031999979,,,,,,,,,,,,,,17,001,male,21,2024-11-22_19h15.01.555,solo project,2024.2.1post4,59.9540152412196,2024-11-22 19h27.36.386706 +0530,
,,23,23,0,,,,,,images/1099_animals_neutral_lum.jpg,neutral,animal,coast,,,,,,,,,,,,,0,23,23,0,,,,,302.42218100000173,,,,,,,,,,,,,,,,,,,,,,302.41640929994173,302.42218100000173,303.4080751000438,303.4080751000438,303.42451589996926,305.42440320004243,305.42440320004243,305.3917908000294,,,,,,,,,,,,,,17,001,male,21,2024-11-22_19h15.01.555,solo project,2024.2.1post4,59.9540152412196,2024-11-22 19h27.36.386706 +0530,
,,24,24,0,,,,,,images/1202_death_lum.jpg,disgust,death,lantern,,,,,,,,,,,,,0,24,24,8,,,,,305.42440320004243,,,,,,,,,,,,,,,,,,,,,,305.4190286999801,305.42440320004243,306.41074269998353,306.41074269998353,306.42710059997626,308.42407559999265,308.42407559999265,308.3942356000189,,,,,,,,,,,,,,17,001,male,21,2024-11-22_19h15.01.555,solo project,2024.2.1post4,59.9540152412196,2024-11-22 19h27.36.386706 +0530,
,,25,25,0,,,,,,images/1192_injuries_infections neutral_lum.jpg,neutral,injury/infection,stove,,,,,,,,,,,,,0,25,25,26,,,,,308.42407559999265,,,,,,,,,,,,,,,,,,,,,,308.4186876999447,308.42407559999265,309.41012789995875,309.41012789995875,309.4269293999532,311.4174328999361,311.4174328999361,311.3936425000429,,,,,,,,,,,,,,17,001,male,21,2024-11-22_19h15.01.555,solo project,2024.2.1post4,59.9540152412196,2024-11-22 19h27.36.386706 +0530,
,,26,26,0,,,,,,images/1165_injuries_infections_lum.jpg,disgust,injury/infection,glacier,,,,,,,,,,,,,0,26,26,4,,,,,311.4174328999361,,,,,,,,,,,,,,,,,,,,,,311.41233640001155,311.4174328999361,312.4105169000104,312.4105169000104,312.42690479999874,314.4232233000221,314.4232233000221,314.39419070002623,,,,,,,,,,,,,,17,001,male,21,2024-11-22_19h15.01.555,solo project,2024.2.1post4,59.9540152412196,2024-11-22 19h27.36.386706 +0530,
,,27,27,0,,,,,,images/1200_injuries_infections neutral_lum.jpg,neutral,injury/infection,village,,,,,,,,,,,,,0,27,27,28,,,,,314.4232233000221,,,,,,,,,,,,,,,,,,,,,,314.4180211999919,314.4232233000221,315.41026120004244,315.41026120004244,315.42704680003226,317.42498729994986,317.42498729994986,317.39400590001605,,,,,,,,,,,,,,17,001,male,21,2024-11-22_19h15.01.555,solo project,2024.2.1post4,59.9540152412196,2024-11-22 19h27.36.386706 +0530,
,,28,28,0,,,,,,images/1062_animals_lum.jpg,disgust,animal,ennui,,,,,,,,,,,,,0,28,28,3,,,,,317.42498729994986,,,,,,,,,,,,,,,,,,,,,,317.4192179000238,317.42498729994986,318.41103920002934,318.41103920002934,318.42775130004156,320.42456329998095,320.42456329998095,320.3950154000195,,,,,,,,,,,,,,17,001,male,21,2024-11-22_19h15.01.555,solo project,2024.2.1post4,59.9540152412196,2024-11-22 19h27.36.386706 +0530,
,,29,29,0,,,,,,images/1271_hygiene_lum.jpg,disgust,hygeine,limber,,,,,,,,,,,,,0,29,29,10,,,,,320.42456329998095,,,,,,,,,,,,,,,,,,,,,,320.4206757999491,320.42456329998095,321.4107316000154,321.4107316000154,321.42724939994514,323.41076130000874,323.41076130000874,323.3950451000128,,,,,,,,,,,,,,17,001,male,21,2024-11-22_19h15.01.555,solo project,2024.2.1post4,59.9540152412196,2024-11-22 19h27.36.386706 +0530,
,,,,,,,,,,,,,,,,,,,,,,,,,,,,,,,,,,,,,,,,,,,,,,,,,,,,,,,,,,,,,,,,323.3951566000469,2.0075036000926048,356.52789599995594,space,31.10431960003916,None,,,,,,,,17,001,male,21,2024-11-22_19h15.01.555,solo project,2024.2.1post4,59.9540152412196,2024-11-22 19h27.36.386706 +0530,
,,0,0,0,,,,,,,None,None,,tease,new,2.0,6.209432799951173,,,,,,,,,,,,,0,0,0,54,356.57284189993516,,,,,,,,,,,,,,,,,,,,,,,,,,,,,,,,,,,,356.5578267000383,356.57284189993516,356.57284189993516,362.78170910000335,2.0,6.209432799951173,,17,001,male,21,2024-11-22_19h15.01.555,solo project,2024.2.1post4,59.9540152412196,2024-11-22 19h27.36.386706 +0530,
,,1,1,0,,,,,,,None,None,,shadow,new,2.0,1.2239133999682963,,,,,,,,,,,,,0,1,1,50,362.80294199998025,,,,,,,,,,,,,,,,,,,,,,,,,,,,,,,,,,,,362.7918880999787,362.80294199998025,362.80294199998025,364.0319053999847,2.0,1.2239133999682963,,17,001,male,21,2024-11-22_19h15.01.555,solo project,2024.2.1post4,59.9540152412196,2024-11-22 19h27.36.386706 +0530,
,,2,2,0,,,,,,,None,None,,truck,new,2.0,1.159796699997969,,,,,,,,,,,,,0,2,2,56,364.0506510999985,,,,,,,,,,,,,,,,,,,,,,,,,,,,,,,,,,,,364.0401099999435,364.0506510999985,364.0506510999985,365.214879999985,2.0,1.159796699997969,,17,001,male,21,2024-11-22_19h15.01.555,solo project,2024.2.1post4,59.9540152412196,2024-11-22 19h27.36.386706 +0530,
,,3,3,0,,,,,,,neutral,food,,custom,old,1.0,2.572579199913889,,,,,,,,,,,,,0,3,3,1,365.23865159996785,,,,,,,,,,,,,,,,,,,,,,,,,,,,,,,,,,,,365.22721489996184,365.23865159996785,365.23865159996785,367.8148788999533,1.0,2.572579199913889,,17,001,male,21,2024-11-22_19h15.01.555,solo project,2024.2.1post4,59.9540152412196,2024-11-22 19h27.36.386706 +0530,
,,4,4,0,,,,,,,None,None,,hand,new,2.0,2.808457800070755,,,,,,,,,,,,,0,4,4,35,367.8312104999786,,,,,,,,,,,,,,,,,,,,,,,,,,,,,,,,,,,,367.82038219994865,367.8312104999786,367.8312104999786,370.6443958999589,2.0,2.808457800070755,,17,001,male,21,2024-11-22_19h15.01.555,solo project,2024.2.1post4,59.9540152412196,2024-11-22 19h27.36.386706 +0530,
,,5,5,0,,,,,,,None,None,,poetry,new,2.0,1.2598372000502422,,,,,,,,,,,,,0,5,5,44,370.662372999941,,,,,,,,,,,,,,,,,,,,,,,,,,,,,,,,,,,,370.65169420000166,370.662372999941,370.662372999941,371.9277593999868,2.0,1.2598372000502422,,17,001,male,21,2024-11-22_19h15.01.555,solo project,2024.2.1post4,59.9540152412196,2024-11-22 19h27.36.386706 +0530,
,,6,6,0,,,,,,,None,None,,clock,new,2.0,1.5281749001005664,,,,,,,,,,,,,0,6,6,30,371.9446093000006,,,,,,,,,,,,,,,,,,,,,,,,,,,,,,,,,,,,371.9334382000379,371.9446093000006,371.9446093000006,373.47790900000837,2.0,1.5281749001005664,,17,001,male,21,2024-11-22_19h15.01.555,solo project,2024.2.1post4,59.9540152412196,2024-11-22 19h27.36.386706 +0530,
,,7,7,0,,,,,,,neutral,animal,,coast,old,1.0,3.547625699895434,,,,,,,,,,,,,0,7,7,0,373.49264479998965,,,,,,,,,,,,,,,,,,,,,,,,,,,,,,,,,,,,373.4811505000107,373.49264479998965,373.49264479998965,377.0442424999783,1.0,3.547625699895434,,17,001,male,21,2024-11-22_19h15.01.555,solo project,2024.2.1post4,59.9540152412196,2024-11-22 19h27.36.386706 +0530,
,,8,8,0,,,,,,,neutral,death,,neurotic,old,1.0,1.428161900024861,,,,,,,,,,,,,0,8,8,14,377.06066550000105,,,,,,,,,,,,,,,,,,,,,,,,,,,,,,,,,,,,377.0501889999723,377.06066550000105,377.06066550000105,378.49447809997946,1.0,1.428161900024861,,17,001,male,21,2024-11-22_19h15.01.555,solo project,2024.2.1post4,59.9540152412196,2024-11-22 19h27.36.386706 +0530,
,,9,9,0,,,,,,,disgust,animal,,ennui,old,1.0,1.197271000011824,,,,,,,,,,,,,0,9,9,3,378.50930519995745,,,,,,,,,,,,,,,,,,,,,,,,,,,,,,,,,,,,378.49830860004295,378.50930519995745,378.50930519995745,379.7109104000265,1.0,1.197271000011824,,17,001,male,21,2024-11-22_19h15.01.555,solo project,2024.2.1post4,59.9540152412196,2024-11-22 19h27.36.386706 +0530,
,,10,10,0,,,,,,,neutral,hygeine,,hard,old,1.0,1.2640828000148758,,,,,,,,,,,,,0,10,10,5,379.72618070000317,,,,,,,,,,,,,,,,,,,,,,,,,,,,,,,,,,,,379.7143527000444,379.72618070000317,379.72618070000317,380.99420129996724,1.0,1.2640828000148758,,17,001,male,21,2024-11-22_19h15.01.555,solo project,2024.2.1post4,59.9540152412196,2024-11-22 19h27.36.386706 +0530,
,,11,11,0,,,,,,,neutral,body product,,invest,old,1.0,1.1780319000827149,,,,,,,,,,,,,0,11,11,6,381.01133629994,,,,,,,,,,,,,,,,,,,,,,,,,,,,,,,,,,,,381.00031629996374,381.01133629994,381.01133629994,382.19394599995576,1.0,1.1780319000827149,,17,001,male,21,2024-11-22_19h15.01.555,solo project,2024.2.1post4,59.9540152412196,2024-11-22 19h27.36.386706 +0530,
,,12,12,0,,,,,,,None,None,,lightbulb,new,2.0,2.6267555999802426,,,,,,,,,,,,,0,12,12,40,382.2130920999916,,,,,,,,,,,,,,,,,,,,,,,,,,,,,,,,,,,,382.2014569999883,382.2130920999916,382.2130920999916,384.8442611999344,2.0,2.6267555999802426,,17,001,male,21,2024-11-22_19h15.01.555,solo project,2024.2.1post4,59.9540152412196,2024-11-22 19h27.36.386706 +0530,
,,13,13,0,,,,,,,None,None,,salute,new,2.0,2.647538400022313,,,,,,,,,,,,,0,13,13,47,384.8596549000358,,,,,,,,,,,,,,,,,,,,,,,,,,,,,,,,,,,,384.84750679996796,384.8596549000358,384.8596549000358,387.51133520004805,2.0,2.647538400022313,,17,001,male,21,2024-11-22_19h15.01.555,solo project,2024.2.1post4,59.9540152412196,2024-11-22 19h27.36.386706 +0530,
,,14,14,0,,,,,,,disgust,injury/infection,,glacier,old,1.0,2.580615399987437,,,,,,,,,,,,,0,14,14,4,387.52639440004714,,,,,,,,,,,,,,,,,,,,,,,,,,,,,,,,,,,,387.51518089999445,387.52639440004714,387.52639440004714,390.1108401999809,1.0,2.580615399987437,,17,001,male,21,2024-11-22_19h15.01.555,solo project,2024.2.1post4,59.9540152412196,2024-11-22 19h27.36.386706 +0530,
,,15,15,0,,,,,,,None,None,,concentrate,new,2.0,3.179600500036031,,,,,,,,,,,,,0,15,15,31,390.1257272999501,,,,,,,,,,,,,,,,,,,,,,,,,,,,,,,,,,,,390.1153137999354,390.1257272999501,390.1257272999501,393.31064739997964,2.0,3.179600500036031,,17,001,male,21,2024-11-22_19h15.01.555,solo project,2024.2.1post4,59.9540152412196,2024-11-22 19h27.36.386706 +0530,
,,16,16,0,,,,,,,None,None,,fabric,new,2.0,1.3786653999704868,,,,,,,,,,,,,0,16,16,34,393.3269011999946,,,,,,,,,,,,,,,,,,,,,,,,,,,,,,,,,,,,393.3167362000095,393.3269011999946,393.3269011999946,394.71167630003765,2.0,1.3786653999704868,,17,001,male,21,2024-11-22_19h15.01.555,solo project,2024.2.1post4,59.9540152412196,2024-11-22 19h27.36.386706 +0530,
,,17,17,0,,,,,,,neutral,animal,,lighthouse,old,1.0,2.4279668999370188,,,,,,,,,,,,,0,17,17,9,394.7277936999453,,,,,,,,,,,,,,,,,,,,,,,,,,,,,,,,,,,,394.7168692999985,394.7277936999453,394.7277936999453,397.16053979995195,1.0,2.4279668999370188,,17,001,male,21,2024-11-22_19h15.01.555,solo project,2024.2.1post4,59.9540152412196,2024-11-22 19h27.36.386706 +0530,
,,18,18,0,,,,,,,None,None,,storm,new,2.0,3.448103200062178,,,,,,,,,,,,,0,18,18,52,397.17614949995186,,,,,,,,,,,,,,,,,,,,,,,,,,,,,,,,,,,,397.1638824000256,397.17614949995186,397.17614949995186,400.62763320002705,2.0,3.448103200062178,,17,001,male,21,2024-11-22_19h15.01.555,solo project,2024.2.1post4,59.9540152412196,2024-11-22 19h27.36.386706 +0530,
,,19,19,0,,,,,,,disgust,death,,mischief,old,1.0,2.4635914999525994,,,,,,,,,,,,,0,19,19,13,400.6422287999885,,,,,,,,,,,,,,,,,,,,,,,,,,,,,,,,,,,,400.6314621999627,400.6422287999885,400.6422287999885,403.1105572000379,1.0,2.4635914999525994,,17,001,male,21,2024-11-22_19h15.01.555,solo project,2024.2.1post4,59.9540152412196,2024-11-22 19h27.36.386706 +0530,
,,20,20,0,,,,,,,disgust,food,,radiator,old,1.0,2.3636471000500023,,,,,,,,,,,,,0,20,20,18,403.12548389995936,,,,,,,,,,,,,,,,,,,,,,,,,,,,,,,,,,,,403.1144915999612,403.12548389995936,403.12548389995936,405.4935913999798,1.0,2.3636471000500023,,17,001,male,21,2024-11-22_19h15.01.555,solo project,2024.2.1post4,59.9540152412196,2024-11-22 19h27.36.386706 +0530,
,,21,21,0,,,,,,,None,None,,scissors,new,2.0,2.6641413999022916,,,,,,,,,,,,,0,21,21,48,405.5089150000131,,,,,,,,,,,,,,,,,,,,,,,,,,,,,,,,,,,,405.49724830000196,405.5089150000131,405.5089150000131,408.17678390000947,2.0,2.6641413999022916,,17,001,male,21,2024-11-22_19h15.01.555,solo project,2024.2.1post4,59.9540152412196,2024-11-22 19h27.36.386706 +0530,
,,22,22,0,,,,,,,None,None,,trunk,new,2.0,2.1809901000233367,,,,,,,,,,,,,0,22,22,57,408.1923164000036,,,,,,,,,,,,,,,,,,,,,,,,,,,,,,,,,,,,408.18021979997866,408.1923164000036,408.1923164000036,410.37694500002544,2.0,2.1809901000233367,,17,001,male,21,2024-11-22_19h15.01.555,solo project,2024.2.1post4,59.9540152412196,2024-11-22 19h27.36.386706 +0530,
,,23,23,0,,,,,,,disgust,injury/infection,,elevator,old,1.0,2.6137976999161765,,,,,,,,,,,,,0,23,23,2,410.3920150999911,,,,,,,,,,,,,,,,,,,,,,,,,,,,,,,,,,,,410.3809367000358,410.3920150999911,410.3920150999911,413.01034239993896,1.0,2.6137976999161765,,17,001,male,21,2024-11-22_19h15.01.555,solo project,2024.2.1post4,59.9540152412196,2024-11-22 19h27.36.386706 +0530,
,,24,24,0,,,,,,,None,None,,teacher,new,2.0,2.4629137000301853,,,,,,,,,,,,,0,24,24,53,413.0259955000365,,,,,,,,,,,,,,,,,,,,,,,,,,,,,,,,,,,,413.01519689999986,413.0259955000365,413.0259955000365,415.4940116000362,2.0,2.4629137000301853,,17,001,male,21,2024-11-22_19h15.01.555,solo project,2024.2.1post4,59.9540152412196,2024-11-22 19h27.36.386706 +0530,
,,25,25,0,,,,,,,None,None,,sentiment,new,2.0,2.3972753999987617,,,,,,,,,,,,,0,25,25,49,415.51052739995066,,,,,,,,,,,,,,,,,,,,,,,,,,,,,,,,,,,,415.49796419998165,415.51052739995066,415.51052739995066,417.91016209998634,2.0,2.3972753999987617,,17,001,male,21,2024-11-22_19h15.01.555,solo project,2024.2.1post4,59.9540152412196,2024-11-22 19h27.36.386706 +0530,
,,26,26,0,,,,,,,disgust,body product,,material,old,1.0,2.9308061999036,,,,,,,,,,,,,0,26,26,12,417.9254121000413,,,,,,,,,,,,,,,,,,,,,,,,,,,,,,,,,,,,417.9140163999982,417.9254121000413,417.9254121000413,420.86010189994704,1.0,2.9308061999036,,17,001,male,21,2024-11-22_19h15.01.555,solo project,2024.2.1post4,59.9540152412196,2024-11-22 19h27.36.386706 +0530,
,,27,27,0,,,,,,,disgust,food,,stiff,old,1.0,1.4479142000200227,,,,,,,,,,,,,0,27,27,25,420.8754711999791,,,,,,,,,,,,,,,,,,,,,,,,,,,,,,,,,,,,420.86338150000665,420.8754711999791,420.8754711999791,422.32701500004623,1.0,1.4479142000200227,,17,001,male,21,2024-11-22_19h15.01.555,solo project,2024.2.1post4,59.9540152412196,2024-11-22 19h27.36.386706 +0530,
,,28,28,0,,,,,,,neutral,death,,wine,old,1.0,1.1974763000616804,,,,,,,,,,,,,0,28,28,29,422.34199360001367,,,,,,,,,,,,,,,,,,,,,,,,,,,,,,,,,,,,422.3303641999373,422.34199360001367,422.34199360001367,423.54336220002733,1.0,1.1974763000616804,,17,001,male,21,2024-11-22_19h15.01.555,solo project,2024.2.1post4,59.9540152412196,2024-11-22 19h27.36.386706 +0530,
,,29,29,0,,,,,,,None,None,,whistle,new,2.0,2.230543600046076,,,,,,,,,,,,,0,29,29,59,423.5585862000007,,,,,,,,,,,,,,,,,,,,,,,,,,,,,,,,,,,,423.5472043999471,423.5585862000007,423.5585862000007,425.7934903999558,2.0,2.230543600046076,,17,001,male,21,2024-11-22_19h15.01.555,solo project,2024.2.1post4,59.9540152412196,2024-11-22 19h27.36.386706 +0530,
,,30,30,0,,,,,,,None,None,,medicine,new,2.0,2.247040000045672,,,,,,,,,,,,,0,30,30,42,425.80874569993466,,,,,,,,,,,,,,,,,,,,,,,,,,,,,,,,,,,,425.79734239995014,425.80874569993466,425.80874569993466,428.0600795999635,2.0,2.247040000045672,,17,001,male,21,2024-11-22_19h15.01.555,solo project,2024.2.1post4,59.9540152412196,2024-11-22 19h27.36.386706 +0530,
,,31,31,0,,,,,,,disgust,hygeine,,limber,old,1.0,2.348060099990107,,,,,,,,,,,,,0,31,31,10,428.07603650004603,,,,,,,,,,,,,,,,,,,,,,,,,,,,,,,,,,,,428.0636569999624,428.07603650004603,428.07603650004603,430.4266680999426,1.0,2.348060099990107,,17,001,male,21,2024-11-22_19h15.01.555,solo project,2024.2.1post4,59.9540152412196,2024-11-22 19h27.36.386706 +0530,
,,32,32,0,,,,,,,None,None,,contents,new,2.0,3.6643394000129774,,,,,,,,,,,,,0,32,32,32,430.4420838999795,,,,,,,,,,,,,,,,,,,,,,,,,,,,,,,,,,,,430.4303860999644,430.4420838999795,430.4420838999795,434.1108519999543,2.0,3.6643394000129774,,17,001,male,21,2024-11-22_19h15.01.555,solo project,2024.2.1post4,59.9540152412196,2024-11-22 19h27.36.386706 +0530,
,,33,33,0,,,,,,,None,None,,watch,new,2.0,1.5296830999432132,,,,,,,,,,,,,0,33,33,58,434.12562239996623,,,,,,,,,,,,,,,,,,,,,,,,,,,,,,,,,,,,434.11454340000637,434.12562239996623,434.12562239996623,435.6598605000181,2.0,1.5296830999432132,,17,001,male,21,2024-11-22_19h15.01.555,solo project,2024.2.1post4,59.9540152412196,2024-11-22 19h27.36.386706 +0530,
,,34,34,0,,,,,,,neutral,food,,privacy,old,1.0,2.030876799952239,,,,,,,,,,,,,0,34,34,17,435.67523930000607,,,,,,,,,,,,,,,,,,,,,,,,,,,,,,,,,,,,435.66406310000457,435.67523930000607,435.67523930000607,437.7101255999878,1.0,2.030876799952239,,17,001,male,21,2024-11-22_19h15.01.555,solo project,2024.2.1post4,59.9540152412196,2024-11-22 19h27.36.386706 +0530,
,,35,35,0,,,,,,,None,None,,skyscraper,new,2.0,2.113542400067672,,,,,,,,,,,,,0,35,35,51,437.72555199998897,,,,,,,,,,,,,,,,,,,,,,,,,,,,,,,,,,,,437.7139522000216,437.72555199998897,437.72555199998897,439.8438503999496,2.0,2.113542400067672,,17,001,male,21,2024-11-22_19h15.01.555,solo project,2024.2.1post4,59.9540152412196,2024-11-22 19h27.36.386706 +0530,
,,36,36,0,,,,,,,None,None,,hawk,new,2.0,1.863494399935007,,,,,,,,,,,,,0,36,36,36,439.8587265999522,,,,,,,,,,,,,,,,,,,,,,,,,,,,,,,,,,,,439.8474161999766,439.8587265999522,439.8587265999522,441.7265114999609,2.0,1.863494399935007,,17,001,male,21,2024-11-22_19h15.01.555,solo project,2024.2.1post4,59.9540152412196,2024-11-22 19h27.36.386706 +0530,
,,37,37,0,,,,,,,neutral,injury/infection,,stove,old,1.0,2.1977670999476686,,,,,,,,,,,,,0,37,37,26,441.74213739996776,,,,,,,,,,,,,,,,,,,,,,,,,,,,,,,,,,,,441.7296973000048,441.74213739996776,441.74213739996776,443.9435139000416,1.0,2.1977670999476686,,17,001,male,21,2024-11-22_19h15.01.555,solo project,2024.2.1post4,59.9540152412196,2024-11-22 19h27.36.386706 +0530,
,,38,38,0,,,,,,,None,None,,lawn,new,2.0,3.630477500031702,,,,,,,,,,,,,0,38,38,39,443.9584883999778,,,,,,,,,,,,,,,,,,,,,,,,,,,,,,,,,,,,443.9465763999615,443.9584883999778,443.9584883999778,447.5928799000103,2.0,3.630477500031702,,17,001,male,21,2024-11-22_19h15.01.555,solo project,2024.2.1post4,59.9540152412196,2024-11-22 19h27.36.386706 +0530,
,,39,39,0,,,,,,,neutral,body product,,reptile,old,1.0,1.9305908000096679,,,,,,,,,,,,,0,39,39,21,447.60835160000715,,,,,,,,,,,,,,,,,,,,,,,,,,,,,,,,,,,,447.59695209993515,447.60835160000715,447.60835160000715,449.5433096999768,1.0,1.9305908000096679,,17,001,male,21,2024-11-22_19h15.01.555,solo project,2024.2.1post4,59.9540152412196,2024-11-22 19h27.36.386706 +0530,
,,40,40,0,,,,,,,neutral,food,,trumpet,old,1.0,2.03119470004458,,,,,,,,,,,,,0,40,40,27,449.55820580001455,,,,,,,,,,,,,,,,,,,,,,,,,,,,,,,,,,,,449.5467176999664,449.55820580001455,449.55820580001455,451.59327589999884,1.0,2.03119470004458,,17,001,male,21,2024-11-22_19h15.01.555,solo project,2024.2.1post4,59.9540152412196,2024-11-22 19h27.36.386706 +0530,
,,41,41,0,,,,,,,None,None,,paint,new,2.0,2.580313600017689,,,,,,,,,,,,,0,41,41,43,451.6081083000172,,,,,,,,,,,,,,,,,,,,,,,,,,,,,,,,,,,,451.59682510001585,451.6081083000172,451.6081083000172,454.1934617999941,2.0,2.580313600017689,,17,001,male,21,2024-11-22_19h15.01.555,solo project,2024.2.1post4,59.9540152412196,2024-11-22 19h27.36.386706 +0530,
,,42,42,0,,,,,,,disgust,hygeine,,manner,old,1.0,2.8134237999329343,,,,,,,,,,,,,0,42,42,11,454.20849630003795,,,,,,,,,,,,,,,,,,,,,,,,,,,,,,,,,,,,454.1974523999961,454.20849630003795,454.20849630003795,457.02658219996374,1.0,2.8134237999329343,,17,001,male,21,2024-11-22_19h15.01.555,solo project,2024.2.1post4,59.9540152412196,2024-11-22 19h27.36.386706 +0530,
,,43,43,0,,,,,,,None,None,,theory,new,2.0,2.564018900040537,,,,,,,,,,,,,0,43,43,55,457.04142869997304,,,,,,,,,,,,,,,,,,,,,,,,,,,,,,,,,,,,457.030204199953,457.04142869997304,457.04142869997304,459.61017180001363,2.0,2.564018900040537,,17,001,male,21,2024-11-22_19h15.01.555,solo project,2024.2.1post4,59.9540152412196,2024-11-22 19h27.36.386706 +0530,
,,44,44,0,,,,,,,neutral,animal,,nursery,old,1.0,2.4140880999621004,,,,,,,,,,,,,0,44,44,15,459.62512800004333,,,,,,,,,,,,,,,,,,,,,,,,,,,,,,,,,,,,459.6134275000077,459.62512800004333,459.62512800004333,462.0431318000192,1.0,2.4140880999621004,,17,001,male,21,2024-11-22_19h15.01.555,solo project,2024.2.1post4,59.9540152412196,2024-11-22 19h27.36.386706 +0530,
,,45,45,0,,,,,,,None,None,,industry,new,2.0,2.780285600107163,,,,,,,,,,,,,0,45,45,38,462.05857859994285,,,,,,,,,,,,,,,,,,,,,,,,,,,,,,,,,,,,462.04696910001803,462.05857859994285,462.05857859994285,464.8431341999676,2.0,2.780285600107163,,17,001,male,21,2024-11-22_19h15.01.555,solo project,2024.2.1post4,59.9540152412196,2024-11-22 19h27.36.386706 +0530,
,,46,46,0,,,,,,,disgust,death,,lantern,old,1.0,2.597654200042598,,,,,,,,,,,,,0,46,46,8,464.8579496999737,,,,,,,,,,,,,,,,,,,,,,,,,,,,,,,,,,,,464.8465591999702,464.8579496999737,464.8579496999737,467.45968750002794,1.0,2.597654200042598,,17,001,male,21,2024-11-22_19h15.01.555,solo project,2024.2.1post4,59.9540152412196,2024-11-22 19h27.36.386706 +0530,
,,47,47,0,,,,,,,disgust,body product,,reverent,old,1.0,3.4329129999969155,,,,,,,,,,,,,0,47,47,22,467.47466049995273,,,,,,,,,,,,,,,,,,,,,,,,,,,,,,,,,,,,467.4635729000438,467.47466049995273,467.47466049995273,470.909497100045,1.0,3.4329129999969155,,17,001,male,21,2024-11-22_19h15.01.555,solo project,2024.2.1post4,59.9540152412196,2024-11-22 19h27.36.386706 +0530,
,,48,48,0,,,,,,,disgust,animal,,journal,old,2.0,2.8451824000803754,,,,,,,,,,,,,0,48,48,7,470.92831280000973,,,,,,,,,,,,,,,,,,,,,,,,,,,,,,,,,,,,470.91551950003486,470.92831280000973,470.92831280000973,473.7762108000461,2.0,2.8451824000803754,,17,001,male,21,2024-11-22_19h15.01.555,solo project,2024.2.1post4,59.9540152412196,2024-11-22 19h27.36.386706 +0530,
,,49,49,0,,,,,,,None,None,,highway,new,2.0,2.264231999986805,,,,,,,,,,,,,0,49,49,37,473.79139369993936,,,,,,,,,,,,,,,,,,,,,,,,,,,,,,,,,,,,473.77999499998987,473.79139369993936,473.79139369993936,476.0598574000178,2.0,2.264231999986805,,17,001,male,21,2024-11-22_19h15.01.555,solo project,2024.2.1post4,59.9540152412196,2024-11-22 19h27.36.386706 +0530,
,,50,50,0,,,,,,,neutral,body product,,skeptical,old,1.0,3.213825900107622,,,,,,,,,,,,,0,50,50,24,476.0750537000131,,,,,,,,,,,,,,,,,,,,,,,,,,,,,,,,,,,,476.06407920003403,476.0750537000131,476.0750537000131,479.2933918000199,1.0,3.213825900107622,,17,001,male,21,2024-11-22_19h15.01.555,solo project,2024.2.1post4,59.9540152412196,2024-11-22 19h27.36.386706 +0530,
,,51,51,0,,,,,,,None,None,,rough,new,2.0,2.979557399987243,,,,,,,,,,,,,0,51,51,46,479.30813160003163,,,,,,,,,,,,,,,,,,,,,,,,,,,,,,,,,,,,479.2973132999614,479.30813160003163,479.30813160003163,482.2925369000295,2.0,2.979557399987243,,17,001,male,21,2024-11-22_19h15.01.555,solo project,2024.2.1post4,59.9540152412196,2024-11-22 19h27.36.386706 +0530,
,,52,52,0,,,,,,,None,None,,repentant,new,2.0,3.1974675999954343,,,,,,,,,,,,,0,52,52,45,482.30780860001687,,,,,,,,,,,,,,,,,,,,,,,,,,,,,,,,,,,,482.2962402999401,482.30780860001687,482.30780860001687,485.50907060003374,2.0,3.1974675999954343,,17,001,male,21,2024-11-22_19h15.01.555,solo project,2024.2.1post4,59.9540152412196,2024-11-22 19h27.36.386706 +0530,
,,53,53,0,,,,,,,None,None,,detail,new,2.0,1.2655694000422955,,,,,,,,,,,,,0,53,53,33,485.5248163000215,,,,,,,,,,,,,,,,,,,,,,,,,,,,,,,,,,,,485.5123947999673,485.5248163000215,485.5248163000215,486.7926443000324,2.0,1.2655694000422955,,17,001,male,21,2024-11-22_19h15.01.555,solo project,2024.2.1post4,59.9540152412196,2024-11-22 19h27.36.386706 +0530,
,,54,54,0,,,,,,,None,None,,market,new,2.0,1.8793658999493346,,,,,,,,,,,,,0,54,54,41,486.8080243000295,,,,,,,,,,,,,,,,,,,,,,,,,,,,,,,,,,,,486.79760679998435,486.8080243000295,486.8080243000295,488.69244230003096,2.0,1.8793658999493346,,17,001,male,21,2024-11-22_19h15.01.555,solo project,2024.2.1post4,59.9540152412196,2024-11-22 19h27.36.386706 +0530,
,,55,55,0,,,,,,,disgust,food,,rattle,old,1.0,3.1312626000726596,,,,,,,,,,,,,0,55,55,20,488.70765130000655,,,,,,,,,,,,,,,,,,,,,,,,,,,,,,,,,,,,488.6958382000448,488.70765130000655,488.70765130000655,491.84231059998274,1.0,3.1312626000726596,,17,001,male,21,2024-11-22_19h15.01.555,solo project,2024.2.1post4,59.9540152412196,2024-11-22 19h27.36.386706 +0530,
,,56,56,0,,,,,,,disgust,body product,,passage,old,1.0,1.1640623999992386,,,,,,,,,,,,,0,56,56,16,491.8578287999844,,,,,,,,,,,,,,,,,,,,,,,,,,,,,,,,,,,,491.8462943000486,491.8578287999844,491.8578287999844,493.02632970002014,1.0,1.1640623999992386,,17,001,male,21,2024-11-22_19h15.01.555,solo project,2024.2.1post4,59.9540152412196,2024-11-22 19h27.36.386706 +0530,
,,57,57,0,,,,,,,disgust,animal,,serious,old,2.0,2.596946500008926,,,,,,,,,,,,,0,57,57,23,493.04152880003676,,,,,,,,,,,,,,,,,,,,,,,,,,,,,,,,,,,,493.029991999967,493.04152880003676,493.04152880003676,495.6424049999332,2.0,2.596946500008926,,17,001,male,21,2024-11-22_19h15.01.555,solo project,2024.2.1post4,59.9540152412196,2024-11-22 19h27.36.386706 +0530,
,,58,58,0,,,,,,,neutral,hygeine,,rancid,old,1.0,3.4475197000429034,,,,,,,,,,,,,0,58,58,19,495.6576690999791,,,,,,,,,,,,,,,,,,,,,,,,,,,,,,,,,,,,495.6462412000401,495.6576690999791,495.6576690999791,499.1091621000087,1.0,3.4475197000429034,,17,001,male,21,2024-11-22_19h15.01.555,solo project,2024.2.1post4,59.9540152412196,2024-11-22 19h27.36.386706 +0530,
,,59,59,0,,,,,,,neutral,injury/infection,,village,old,1.0,1.3310538000660017,,,,,,,,,,,,,0,59,59,28,499.1242910999572,,,,,,,,,,,,,,,,,,,,,,,,,,,,,,,,,,,,499.1126397999469,499.1242910999572,499.1242910999572,500.4588360999478,1.0,1.3310538000660017,,17,001,male,21,2024-11-22_19h15.01.555,solo project,2024.2.1post4,59.9540152412196,2024-11-22 19h27.36.386706 +0530,
,,,,,,,,,,,,,,,,,,,,,,,,,,,,,,,,,,,,,,,,,,,,,,,,,,,,,,,,,,,,,,,,,,,,,,,,,,,,500.4596281000413,,,,,,,,,,
