﻿no_per,dsr_per,thisN,thisTrialN,thisRepN,slider.response,slider.rt,no_exp,dsr_exp,slider_2.response,imagefile,type,subtype,study_word,test_word,old_new,slider_3.response,slider_3.rt,lsas_no,lsas_situation,slider_4.response,slider_5.response,trials.thisRepN,trials.thisTrialN,trials.thisN,trials.thisIndex,trials_2.thisRepN,trials_2.thisTrialN,trials_2.thisN,trials_2.thisIndex,trials_3.thisRepN,trials_3.thisTrialN,trials_3.thisN,trials_3.thisIndex,trials_4.thisRepN,trials_4.thisTrialN,trials_4.thisN,trials_4.thisIndex,trials_5.thisRepN,trials_5.thisTrialN,trials_5.thisN,trials_5.thisIndex,thisRow.t,notes,consent.started,consent.stopped,button.numClicks,button.timesOn,button.timesOff,dsr_personal.started,text.started,question.started,slider.started,dsr_personal.stopped,trials.slider.response,trials.slider.rt,dsr_experience.started,dsr_experience.stopped,trials_2.slider_2.response,instr.started,instr.stopped,key_resp.keys,key_resp.rt,key_resp.duration,encoding.started,fixation.started,study_image.started,studyword.started,fixation.stopped,study_image.stopped,studyword.stopped,encoding.stopped,test_instruction.started,key_resp_2.started,test_instruction.stopped,key_resp_2.keys,key_resp_2.rt,key_resp_2.duration,testing.started,t_word.started,slider_3.started,testing.stopped,trials_4.slider_3.response,trials_4.slider_3.rt,end.started,end.stopped,button_2.numClicks,button_2.timesOn,button_2.timesOff,brk.started,brk.stopped,key_resp_3.keys,key_resp_3.rt,key_resp_3.duration,lsas_instr.started,lsas_instr.stopped,key_resp_4.keys,key_resp_4.rt,key_resp_4.duration,lsas.started,text_2.started,text_3.started,lsas.stopped,trials_5.slider_4.response,trials_5.slider_5.response,participant,session,sex,age,date,expName,psychopyVersion,frameRate,expStart
,,,,,,,,,,,,,,,,,,,,,,,,,,,,,,,,,,,,,,,,,,,,0.0094835,1.1784494,1,[1.1521238000132143],[1.1521332999691367],,,,,,,,,,,,,,,,,,,,,,,,,,,,,,,,,,,,,,,,,,,,,,,,,,,,,,,,,18,1,female,49,2024-11-23_00h16.25.038,solo project,2024.2.1post4,59.94909125,2024-11-23 00h16.42.677037 +0530
1,"I might be willing to try eating monkey meat, under some circumstances.",0,0,0,0,28.8969183,,,,,,,,,,,,,,,,0,0,0,0,,,,,,,,,,,,,,,,,1.4965267,,,,,,,1.465235,1.4965267,1.4965267,1.4965267,30.3776913,0,28.8969183,,,,,,,,,,,,,,,,,,,,,,,,,,,,,,,,,,,,,,,,,,,,,,,,,,18,1,female,49,2024-11-23_00h16.25.038,solo project,2024.2.1post4,59.94909125,2024-11-23 00h16.42.677037 +0530
2,It would bother me to be in a science class and to see a human preserved in a jar.,1,1,0,2,51.8064151,,,,,,,,,,,,,,,,0,1,1,1,,,,,,,,,,,,,,,,,30.4114658,,,,,,,30.3939129,30.4114658,30.4114658,30.4114658,82.2166732,2,51.8064151,,,,,,,,,,,,,,,,,,,,,,,,,,,,,,,,,,,,,,,,,,,,,,,,,,18,1,female,49,2024-11-23_00h16.25.038,solo project,2024.2.1post4,59.94909125,2024-11-23 00h16.42.677037 +0530
3,It bothers me to hear someone clear a throat full of mucous.,2,2,0,1,22.1309116,,,,,,,,,,,,,,,,0,2,2,2,,,,,,,,,,,,,,,,,82.2392347,,,,,,,82.2234558,82.2392347,82.2392347,82.2392347,104.3706972,1,22.1309116,,,,,,,,,,,,,,,,,,,,,,,,,,,,,,,,,,,,,,,,,,,,,,,,,,18,1,female,49,2024-11-23_00h16.25.038,solo project,2024.2.1post4,59.94909125,2024-11-23 00h16.42.677037 +0530
4,I never let any part of my body touch the toilet seat in public restrooms.,3,3,0,2,21.9169779,,,,,,,,,,,,,,,,0,3,3,3,,,,,,,,,,,,,,,,,104.3904195,,,,,,,104.3760264,104.3904195,104.3904195,104.3904195,126.3084506,2,21.9169779,,,,,,,,,,,,,,,,,,,,,,,,,,,,,,,,,,,,,,,,,,,,,,,,,,18,1,female,49,2024-11-23_00h16.25.038,solo project,2024.2.1post4,59.94909125,2024-11-23 00h16.42.677037 +0530
5,I would go out of my way to avoid walking through a graveyard.,4,4,0,1,34.1012031,,,,,,,,,,,,,,,,0,4,4,4,,,,,,,,,,,,,,,,,126.3288503,,,,,,,126.3131923,126.3288503,126.3288503,126.3288503,160.431769,1,34.1012031,,,,,,,,,,,,,,,,,,,,,,,,,,,,,,,,,,,,,,,,,,,,,,,,,,18,1,female,49,2024-11-23_00h16.25.038,solo project,2024.2.1post4,59.94909125,2024-11-23 00h16.42.677037 +0530
6,Seeing a cockroach in someone else's house doesn't bother me.,5,5,0,0,27.8516817,,,,,,,,,,,,,,,,0,5,5,5,,,,,,,,,,,,,,,,,160.4550319,,,,,,,160.4400227,160.4550319,160.4550319,160.4550319,188.3099936,0,27.8516817,,,,,,,,,,,,,,,,,,,,,,,,,,,,,,,,,,,,,,,,,,,,,,,,,,18,1,female,49,2024-11-23_00h16.25.038,solo project,2024.2.1post4,59.94909125,2024-11-23 00h16.42.677037 +0530
7,It would bother me tremendously to touch a dead body.,6,6,0,2,13.585729,,,,,,,,,,,,,,,,0,6,6,6,,,,,,,,,,,,,,,,,188.3302772,,,,,,,188.3153759,188.3302772,188.3302772,188.3302772,201.916742,2,13.585729,,,,,,,,,,,,,,,,,,,,,,,,,,,,,,,,,,,,,,,,,,,,,,,,,,18,1,female,49,2024-11-23_00h16.25.038,solo project,2024.2.1post4,59.94909125,2024-11-23 00h16.42.677037 +0530
8,"If I see someone vomit, it makes me sick to my stomach.",7,7,0,0,57.3920226,,,,,,,,,,,,,,,,0,7,7,7,,,,,,,,,,,,,,,,,201.9367524,,,,,,,201.9215349,201.9367524,201.9367524,201.9367524,259.3287557,0,57.3920226,,,,,,,,,,,,,,,,,,,,,,,,,,,,,,,,,,,,,,,,,,,,,,,,,,18,1,female,49,2024-11-23_00h16.25.038,solo project,2024.2.1post4,59.94909125,2024-11-23 00h16.42.677037 +0530
9,I probably would not go to my favorite restaurant if I found out that the cook had a cold.,8,8,0,2,25.1495825,,,,,,,,,,,,,,,,0,8,8,8,,,,,,,,,,,,,,,,,259.3496744,,,,,,,259.3346708,259.3496744,259.3496744,259.3496744,284.4990591,2,25.1495825,,,,,,,,,,,,,,,,,,,,,,,,,,,,,,,,,,,,,,,,,,,,,,,,,,18,1,female,49,2024-11-23_00h16.25.038,solo project,2024.2.1post4,59.94909125,2024-11-23 00h16.42.677037 +0530
10,It would not upset me at all to watch a person with a glass eye take the eye out of the socket.,9,9,0,2,24.5892447,,,,,,,,,,,,,,,,0,9,9,9,,,,,,,,,,,,,,,,,284.5202299,,,,,,,284.5051924,284.5202299,284.5202299,284.5202299,309.107995,2,24.5892447,,,,,,,,,,,,,,,,,,,,,,,,,,,,,,,,,,,,,,,,,,,,,,,,,,18,1,female,49,2024-11-23_00h16.25.038,solo project,2024.2.1post4,59.94909125,2024-11-23 00h16.42.677037 +0530
11,It would bother me to see a rat run across my path in a park.,10,10,0,0,26.0475651,,,,,,,,,,,,,,,,0,10,10,10,,,,,,,,,,,,,,,,,309.1255438,,,,,,,309.1122644,309.1255438,309.1255438,309.1255438,335.1768194,0,26.0475651,,,,,,,,,,,,,,,,,,,,,,,,,,,,,,,,,,,,,,,,,,,,,,,,,,18,1,female,49,2024-11-23_00h16.25.038,solo project,2024.2.1post4,59.94909125,2024-11-23 00h16.42.677037 +0530
12,I would rather eat a piece of fruit than a piece of paper.,11,11,0,4,21.3435558,,,,,,,,,,,,,,,,0,11,11,11,,,,,,,,,,,,,,,,,335.1953402,,,,,,,335.1808602,335.1953402,335.1953402,335.1953402,356.5398593,4,21.3435558,,,,,,,,,,,,,,,,,,,,,,,,,,,,,,,,,,,,,,,,,,,,,,,,,,18,1,female,49,2024-11-23_00h16.25.038,solo project,2024.2.1post4,59.94909125,2024-11-23 00h16.42.677037 +0530
13,"Even if I was hungry, I would not drink a bowl of my favorite soup if It had been stirred by a used but thoroughly washed flyswatter.",12,12,0,0,35.2001388,,,,,,,,,,,,,,,,0,12,12,12,,,,,,,,,,,,,,,,,356.5656472,,,,,,,356.5500528,356.5656472,356.5656472,356.5656472,391.765247,0,35.2001388,,,,,,,,,,,,,,,,,,,,,,,,,,,,,,,,,,,,,,,,,,,,,,,,,,18,1,female,49,2024-11-23_00h16.25.038,solo project,2024.2.1post4,59.94909125,2024-11-23 00h16.42.677037 +0530
14,It would bother me to sleep in a nice hotel room if I knew that a man had died of a heart attack in that room the night before.,13,13,0,4,58.4672351,,,,,,,,,,,,,,,,0,13,13,13,,,,,,,,,,,,,,,,,391.7878651,,,,,,,391.7724763,391.7878651,391.7878651,391.7878651,450.254733,4,58.4672351,,,,,,,,,,,,,,,,,,,,,,,,,,,,,,,,,,,,,,,,,,,,,,,,,,18,1,female,49,2024-11-23_00h16.25.038,solo project,2024.2.1post4,59.94909125,2024-11-23 00h16.42.677037 +0530
,,0,0,0,,,15,You see maggots on a piece of meat in an outdoor or garbage pail.,4,,,,,,,,,,,,,,,,,0,0,0,0,,,,,,,,,,,,,450.2897779,,,,,,,,,,,,,,450.269437,489.9971625,4,,,,,,,,,,,,,,,,,,,,,,,,,,,,,,,,,,,,,,,,,,,,,,,18,1,female,49,2024-11-23_00h16.25.038,solo project,2024.2.1post4,59.94909125,2024-11-23 00h16.42.677037 +0530
,,1,1,0,,,16,You see person eating apple with a knife and fork.,0,,,,,,,,,,,,,,,,,0,1,1,1,,,,,,,,,,,,,490.0196475,,,,,,,,,,,,,,490.0025885,509.454039,0,,,,,,,,,,,,,,,,,,,,,,,,,,,,,,,,,,,,,,,,,,,,,,,18,1,female,49,2024-11-23_00h16.25.038,solo project,2024.2.1post4,59.94909125,2024-11-23 00h16.42.677037 +0530
,,2,2,0,,,17,"While you are walking through a tunner under a railroad track, you smell urine.",2,,,,,,,,,,,,,,,,,0,2,2,2,,,,,,,,,,,,,509.4773192,,,,,,,,,,,,,,509.4613527,631.1945838,2,,,,,,,,,,,,,,,,,,,,,,,,,,,,,,,,,,,,,,,,,,,,,,,18,1,female,49,2024-11-23_00h16.25.038,solo project,2024.2.1post4,59.94909125,2024-11-23 00h16.42.677037 +0530
,,3,3,0,,,18,"You take a sip of soda, an then realize that you drank from the glass that an acquaintance of yours had been drinking from.",2,,,,,,,,,,,,,,,,,0,3,3,3,,,,,,,,,,,,,631.2208834,,,,,,,,,,,,,,631.2060379,755.3761036,2,,,,,,,,,,,,,,,,,,,,,,,,,,,,,,,,,,,,,,,,,,,,,,,18,1,female,49,2024-11-23_00h16.25.038,solo project,2024.2.1post4,59.94909125,2024-11-23 00h16.42.677037 +0530
,,4,4,0,,,19,"Your friend's pet cat dies, and you have to pick up the dead body with your bare hands.",0,,,,,,,,,,,,,,,,,0,4,4,4,,,,,,,,,,,,,755.3961305,,,,,,,,,,,,,,755.3815925,795.6439995,0,,,,,,,,,,,,,,,,,,,,,,,,,,,,,,,,,,,,,,,,,,,,,,,18,1,female,49,2024-11-23_00h16.25.038,solo project,2024.2.1post4,59.94909125,2024-11-23 00h16.42.677037 +0530
,,5,5,0,,,20,You see someone put ketchup on vanilla ice cream and eat it.,0,,,,,,,,,,,,,,,,,0,5,5,5,,,,,,,,,,,,,795.6642188,,,,,,,,,,,,,,795.6492494,821.6539406,0,,,,,,,,,,,,,,,,,,,,,,,,,,,,,,,,,,,,,,,,,,,,,,,18,1,female,49,2024-11-23_00h16.25.038,solo project,2024.2.1post4,59.94909125,2024-11-23 00h16.42.677037 +0530
,,6,6,0,,,21,You see a man with his intestines exposed after an accident.,0,,,,,,,,,,,,,,,,,0,6,6,6,,,,,,,,,,,,,821.672397,,,,,,,,,,,,,,821.6590539,870.5968232,0,,,,,,,,,,,,,,,,,,,,,,,,,,,,,,,,,,,,,,,,,,,,,,,18,1,female,49,2024-11-23_00h16.25.038,solo project,2024.2.1post4,59.94909125,2024-11-23 00h16.42.677037 +0530
,,7,7,0,,,22,You discover that a friend of yours changes underwear only once a week.,1,,,,,,,,,,,,,,,,,0,7,7,7,,,,,,,,,,,,,870.6187119,,,,,,,,,,,,,,870.6023277,908.3640901,1,,,,,,,,,,,,,,,,,,,,,,,,,,,,,,,,,,,,,,,,,,,,,,,18,1,female,49,2024-11-23_00h16.25.038,solo project,2024.2.1post4,59.94909125,2024-11-23 00h16.42.677037 +0530
,,8,8,0,,,23,A friend offers you a piece of chocolate shaped like dog-doo.,0,,,,,,,,,,,,,,,,,0,8,8,8,,,,,,,,,,,,,908.3861513,,,,,,,,,,,,,,908.3711874,927.2717122,0,,,,,,,,,,,,,,,,,,,,,,,,,,,,,,,,,,,,,,,,,,,,,,,18,1,female,49,2024-11-23_00h16.25.038,solo project,2024.2.1post4,59.94909125,2024-11-23 00h16.42.677037 +0530
,,9,9,0,,,24,You accidentally touch the ashes of a person who has been cremated.,0,,,,,,,,,,,,,,,,,0,9,9,9,,,,,,,,,,,,,927.2915555,,,,,,,,,,,,,,927.2768011,939.8947994,0,,,,,,,,,,,,,,,,,,,,,,,,,,,,,,,,,,,,,,,,,,,,,,,18,1,female,49,2024-11-23_00h16.25.038,solo project,2024.2.1post4,59.94909125,2024-11-23 00h16.42.677037 +0530
,,10,10,0,,,25,You are about to drink a glass of milk when you smell that it is spoiled.,4,,,,,,,,,,,,,,,,,0,10,10,10,,,,,,,,,,,,,939.9163687,,,,,,,,,,,,,,939.9009179,955.541042,4,,,,,,,,,,,,,,,,,,,,,,,,,,,,,,,,,,,,,,,,,,,,,,,18,1,female,49,2024-11-23_00h16.25.038,solo project,2024.2.1post4,59.94909125,2024-11-23 00h16.42.677037 +0530
,,11,11,0,,,26,"As a part of a sex education class, you are required to inflate a new unlubricated condom using your mouth.",4,,,,,,,,,,,,,,,,,0,11,11,11,,,,,,,,,,,,,955.5646641,,,,,,,,,,,,,,955.5478925,976.1630492,4,,,,,,,,,,,,,,,,,,,,,,,,,,,,,,,,,,,,,,,,,,,,,,,18,1,female,49,2024-11-23_00h16.25.038,solo project,2024.2.1post4,59.94909125,2024-11-23 00h16.42.677037 +0530
,,12,12,0,,,27,"You are walking barefoot on concrete, and you step on an earthworm.",2,,,,,,,,,,,,,,,,,0,12,12,12,,,,,,,,,,,,,976.1843407,,,,,,,,,,,,,,976.1683762,996.0804591,2,,,,,,,,,,,,,,,,,,,,,,,,,,,,,,,,,,,,,,,,,,,,,,,18,1,female,49,2024-11-23_00h16.25.038,solo project,2024.2.1post4,59.94909125,2024-11-23 00h16.42.677037 +0530
,,,,,,,,,,,,,,,,,,,,,,,,,,,,,,,,,,,,,,,,,,,,,,,,,,,,,,,,,,,996.0805772,1032.532851,space,36.4432832,None,,,,,,,,,,,,,,,,,,,,,,,,,,,,,,,,,,,,,,,,,,18,1,female,49,2024-11-23_00h16.25.038,solo project,2024.2.1post4,59.94909125,2024-11-23 00h16.42.677037 +0530
,,0,0,0,,,,,,images/1299_hygiene neutral_lum.jpg,neutral,hygeine,rancid,,,,,,,,,,,,,,,,,0,0,0,19,,,,,,,,,1032.591312,,,,,,,,,,,,,,,,,,,,,,1032.580935,1032.591312,1033.535837,1033.535837,1033.602494,1035.548213,1035.548213,1035.520216,,,,,,,,,,,,,,,,,,,,,,,,,,,,,,,,,,18,1,female,49,2024-11-23_00h16.25.038,solo project,2024.2.1post4,59.94909125,2024-11-23 00h16.42.677037 +0530
,,1,1,0,,,,,,images/1062_animals_lum.jpg,disgust,animal,ennui,,,,,,,,,,,,,,,,,0,1,1,3,,,,,,,,,1035.548213,,,,,,,,,,,,,,,,,,,,,,1035.544466,1035.548213,1036.536078,1036.536078,1036.552904,1038.548962,1038.548962,1038.520096,,,,,,,,,,,,,,,,,,,,,,,,,,,,,,,,,,18,1,female,49,2024-11-23_00h16.25.038,solo project,2024.2.1post4,59.94909125,2024-11-23 00h16.42.677037 +0530
,,2,2,0,,,,,,images/1118_body products_lum.jpg,disgust,body product,reverent,,,,,,,,,,,,,,,,,0,2,2,22,,,,,,,,,1038.548962,,,,,,,,,,,,,,,,,,,,,,1038.545103,1038.548962,1039.535924,1039.535924,1039.552708,1041.543683,1041.543683,1041.520271,,,,,,,,,,,,,,,,,,,,,,,,,,,,,,,,,,18,1,female,49,2024-11-23_00h16.25.038,solo project,2024.2.1post4,59.94909125,2024-11-23 00h16.42.677037 +0530
,,3,3,0,,,,,,images/1099_animals_neutral_lum.jpg,neutral,animal,coast,,,,,,,,,,,,,,,,,0,3,3,0,,,,,,,,,1041.543683,,,,,,,,,,,,,,,,,,,,,,1041.540017,1041.543683,1042.53604,1042.53604,1042.552659,1044.550483,1044.550483,1044.520162,,,,,,,,,,,,,,,,,,,,,,,,,,,,,,,,,,18,1,female,49,2024-11-23_00h16.25.038,solo project,2024.2.1post4,59.94909125,2024-11-23 00h16.42.677037 +0530
,,4,4,0,,,,,,images/1165_injuries_infections_lum.jpg,disgust,injury/infection,glacier,,,,,,,,,,,,,,,,,0,4,4,4,,,,,,,,,1044.550483,,,,,,,,,,,,,,,,,,,,,,1044.546666,1044.550483,1045.536593,1045.536593,1045.553405,1047.550157,1047.550157,1047.520612,,,,,,,,,,,,,,,,,,,,,,,,,,,,,,,,,,18,1,female,49,2024-11-23_00h16.25.038,solo project,2024.2.1post4,59.94909125,2024-11-23 00h16.42.677037 +0530
,,5,5,0,,,,,,images/1013_food_lum.jpg,disgust,food,stiff,,,,,,,,,,,,,,,,,0,5,5,25,,,,,,,,,1047.550157,,,,,,,,,,,,,,,,,,,,,,1047.546286,1047.550157,1048.536525,1048.536525,1048.553089,1050.55041,1050.55041,1050.520648,,,,,,,,,,,,,,,,,,,,,,,,,,,,,,,,,,18,1,female,49,2024-11-23_00h16.25.038,solo project,2024.2.1post4,59.94909125,2024-11-23 00h16.42.677037 +0530
,,6,6,0,,,,,,images/1153_injuries_infections_lum.jpg,disgust,injury/infection,elevator,,,,,,,,,,,,,,,,,0,6,6,2,,,,,,,,,1050.55041,,,,,,,,,,,,,,,,,,,,,,1050.544637,1050.55041,1051.536228,1051.536228,1051.553,1053.548596,1053.548596,1053.520683,,,,,,,,,,,,,,,,,,,,,,,,,,,,,,,,,,18,1,female,49,2024-11-23_00h16.25.038,solo project,2024.2.1post4,59.94909125,2024-11-23 00h16.42.677037 +0530
,,7,7,0,,,,,,images/1107_body products_lum.jpg,disgust,body product,passage,,,,,,,,,,,,,,,,,0,7,7,16,,,,,,,,,1053.548596,,,,,,,,,,,,,,,,,,,,,,1053.544736,1053.548596,1054.536766,1054.536766,1054.553258,1056.543931,1056.543931,1056.520967,,,,,,,,,,,,,,,,,,,,,,,,,,,,,,,,,,18,1,female,49,2024-11-23_00h16.25.038,solo project,2024.2.1post4,59.94909125,2024-11-23 00h16.42.677037 +0530
,,8,8,0,,,,,,images/1200_injuries_infections neutral_lum.jpg,neutral,injury/infection,village,,,,,,,,,,,,,,,,,0,8,8,28,,,,,,,,,1056.543931,,,,,,,,,,,,,,,,,,,,,,1056.538412,1056.543931,1057.53648,1057.53648,1057.553142,1059.548642,1059.548642,1059.520372,,,,,,,,,,,,,,,,,,,,,,,,,,,,,,,,,,18,1,female,49,2024-11-23_00h16.25.038,solo project,2024.2.1post4,59.94909125,2024-11-23 00h16.42.677037 +0530
,,9,9,0,,,,,,images/1291_hygiene neutral_lum.jpg,neutral,hygeine,hard,,,,,,,,,,,,,,,,,0,9,9,5,,,,,,,,,1059.548642,,,,,,,,,,,,,,,,,,,,,,1059.544591,1059.548642,1060.536121,1060.536121,1060.552653,1062.548035,1062.548035,1062.520275,,,,,,,,,,,,,,,,,,,,,,,,,,,,,,,,,,18,1,female,49,2024-11-23_00h16.25.038,solo project,2024.2.1post4,59.94909125,2024-11-23 00h16.42.677037 +0530
,,10,10,0,,,,,,images/1146_body products neutral_lum.jpg,neutral,body product,reptile,,,,,,,,,,,,,,,,,0,10,10,21,,,,,,,,,1062.548035,,,,,,,,,,,,,,,,,,,,,,1062.542645,1062.548035,1063.536685,1063.536685,1063.553172,1065.548581,1065.548581,1065.520428,,,,,,,,,,,,,,,,,,,,,,,,,,,,,,,,,,18,1,female,49,2024-11-23_00h16.25.038,solo project,2024.2.1post4,59.94909125,2024-11-23 00h16.42.677037 +0530
,,11,11,0,,,,,,images/1100_animals_neutral_lum.jpg,neutral,animal,nursery,,,,,,,,,,,,,,,,,0,11,11,15,,,,,,,,,1065.548581,,,,,,,,,,,,,,,,,,,,,,1065.544552,1065.548581,1066.536682,1066.536682,1066.553014,1068.549171,1068.549171,1068.520245,,,,,,,,,,,,,,,,,,,,,,,,,,,,,,,,,,18,1,female,49,2024-11-23_00h16.25.038,solo project,2024.2.1post4,59.94909125,2024-11-23 00h16.42.677037 +0530
,,12,12,0,,,,,,images/1223_death_lum.jpg,disgust,death,mischief,,,,,,,,,,,,,,,,,0,12,12,13,,,,,,,,,1068.549171,,,,,,,,,,,,,,,,,,,,,,1068.545144,1068.549171,1069.536176,1069.536176,1069.553147,1071.548102,1071.548102,1071.520086,,,,,,,,,,,,,,,,,,,,,,,,,,,,,,,,,,18,1,female,49,2024-11-23_00h16.25.038,solo project,2024.2.1post4,59.94909125,2024-11-23 00h16.42.677037 +0530
,,13,13,0,,,,,,images/1143_body products neutral_lum.jpg,neutral,body product,invest,,,,,,,,,,,,,,,,,0,13,13,6,,,,,,,,,1071.548102,,,,,,,,,,,,,,,,,,,,,,1071.543124,1071.548102,1072.536748,1072.536748,1072.552762,1074.551264,1074.551264,1074.519992,,,,,,,,,,,,,,,,,,,,,,,,,,,,,,,,,,18,1,female,49,2024-11-23_00h16.25.038,solo project,2024.2.1post4,59.94909125,2024-11-23 00h16.42.677037 +0530
,,14,14,0,,,,,,images/1001_food_lum.jpg,disgust,food,radiator,,,,,,,,,,,,,,,,,0,14,14,18,,,,,,,,,1074.551264,,,,,,,,,,,,,,,,,,,,,,1074.545316,1074.551264,1075.536649,1075.536649,1075.553403,1077.550061,1077.550061,1077.520789,,,,,,,,,,,,,,,,,,,,,,,,,,,,,,,,,,18,1,female,49,2024-11-23_00h16.25.038,solo project,2024.2.1post4,59.94909125,2024-11-23 00h16.42.677037 +0530
,,15,15,0,,,,,,images/1093_animals_neutral_lum.jpg,neutral,animal,lighthouse,,,,,,,,,,,,,,,,,0,15,15,9,,,,,,,,,1077.550061,,,,,,,,,,,,,,,,,,,,,,1077.544036,1077.550061,1078.536355,1078.536355,1078.552953,1080.548079,1080.548079,1080.520546,,,,,,,,,,,,,,,,,,,,,,,,,,,,,,,,,,18,1,female,49,2024-11-23_00h16.25.038,solo project,2024.2.1post4,59.94909125,2024-11-23 00h16.42.677037 +0530
,,16,16,0,,,,,,images/1073_animals_lum.jpg,disgust,animal,journal,,,,,,,,,,,,,,,,,0,16,16,7,,,,,,,,,1080.548079,,,,,,,,,,,,,,,,,,,,,,1080.544151,1080.548079,1081.53669,1081.53669,1081.553352,1083.551082,1083.551082,1083.520486,,,,,,,,,,,,,,,,,,,,,,,,,,,,,,,,,,18,1,female,49,2024-11-23_00h16.25.038,solo project,2024.2.1post4,59.94909125,2024-11-23 00h16.42.677037 +0530
,,17,17,0,,,,,,images/1247_death neutral_lum.jpg,neutral,death,wine,,,,,,,,,,,,,,,,,0,17,17,29,,,,,,,,,1083.551082,,,,,,,,,,,,,,,,,,,,,,1083.546976,1083.551082,1084.537031,1084.537031,1084.553717,1086.545569,1086.545569,1086.521065,,,,,,,,,,,,,,,,,,,,,,,,,,,,,,,,,,18,1,female,49,2024-11-23_00h16.25.038,solo project,2024.2.1post4,59.94909125,2024-11-23 00h16.42.677037 +0530
,,18,18,0,,,,,,images/1041_food_neutral_lum.jpg,neutral,food,trumpet,,,,,,,,,,,,,,,,,0,18,18,27,,,,,,,,,1086.545569,,,,,,,,,,,,,,,,,,,,,,1086.540158,1086.545569,1087.53743,1087.53743,1087.553685,1089.550967,1089.550967,1089.521168,,,,,,,,,,,,,,,,,,,,,,,,,,,,,,,,,,18,1,female,49,2024-11-23_00h16.25.038,solo project,2024.2.1post4,59.94909125,2024-11-23 00h16.42.677037 +0530
,,19,19,0,,,,,,images/1049_food_neutral_lum.jpg,neutral,food,privacy,,,,,,,,,,,,,,,,,0,19,19,17,,,,,,,,,1089.550967,,,,,,,,,,,,,,,,,,,,,,1089.545297,1089.550967,1090.536934,1090.536934,1090.55396,1092.550247,1092.550247,1092.520872,,,,,,,,,,,,,,,,,,,,,,,,,,,,,,,,,,18,1,female,49,2024-11-23_00h16.25.038,solo project,2024.2.1post4,59.94909125,2024-11-23 00h16.42.677037 +0530
,,20,20,0,,,,,,images/1044_food_neutral_lum.jpg,neutral,food,custom,,,,,,,,,,,,,,,,,0,20,20,1,,,,,,,,,1092.550247,,,,,,,,,,,,,,,,,,,,,,1092.545105,1092.550247,1093.537247,1093.537247,1093.553612,1095.552266,1095.552266,1095.521145,,,,,,,,,,,,,,,,,,,,,,,,,,,,,,,,,,18,1,female,49,2024-11-23_00h16.25.038,solo project,2024.2.1post4,59.94909125,2024-11-23 00h16.42.677037 +0530
,,21,21,0,,,,,,images/1104_body products_lum.jpg,disgust,body product,material,,,,,,,,,,,,,,,,,0,21,21,12,,,,,,,,,1095.552266,,,,,,,,,,,,,,,,,,,,,,1095.547262,1095.552266,1096.538465,1096.538465,1096.554585,1098.55123,1098.55123,1098.522616,,,,,,,,,,,,,,,,,,,,,,,,,,,,,,,,,,18,1,female,49,2024-11-23_00h16.25.038,solo project,2024.2.1post4,59.94909125,2024-11-23 00h16.42.677037 +0530
,,22,22,0,,,,,,images/1149_body products neutral_lum.jpg,neutral,body product,skeptical,,,,,,,,,,,,,,,,,0,22,22,24,,,,,,,,,1098.55123,,,,,,,,,,,,,,,,,,,,,,1098.547432,1098.55123,1099.538634,1099.538634,1099.554684,1101.546484,1101.546484,1101.522329,,,,,,,,,,,,,,,,,,,,,,,,,,,,,,,,,,18,1,female,49,2024-11-23_00h16.25.038,solo project,2024.2.1post4,59.94909125,2024-11-23 00h16.42.677037 +0530
,,23,23,0,,,,,,images/1054_animals_lum.jpg,disgust,animal,serious,,,,,,,,,,,,,,,,,0,23,23,23,,,,,,,,,1101.546484,,,,,,,,,,,,,,,,,,,,,,1101.541147,1101.546484,1102.538313,1102.538313,1102.554827,1104.551257,1104.551257,1104.522417,,,,,,,,,,,,,,,,,,,,,,,,,,,,,,,,,,18,1,female,49,2024-11-23_00h16.25.038,solo project,2024.2.1post4,59.94909125,2024-11-23 00h16.42.677037 +0530
,,24,24,0,,,,,,images/1253_hygiene_lum.jpg,disgust,hygeine,manner,,,,,,,,,,,,,,,,,0,24,24,11,,,,,,,,,1104.551257,,,,,,,,,,,,,,,,,,,,,,1104.545927,1104.551257,1105.538277,1105.538277,1105.554996,1107.549854,1107.549854,1107.522164,,,,,,,,,,,,,,,,,,,,,,,,,,,,,,,,,,18,1,female,49,2024-11-23_00h16.25.038,solo project,2024.2.1post4,59.94909125,2024-11-23 00h16.42.677037 +0530
,,25,25,0,,,,,,images/1192_injuries_infections neutral_lum.jpg,neutral,injury/infection,stove,,,,,,,,,,,,,,,,,0,25,25,26,,,,,,,,,1107.549854,,,,,,,,,,,,,,,,,,,,,,1107.544342,1107.549854,1108.538151,1108.538151,1108.554659,1110.551116,1110.551116,1110.522459,,,,,,,,,,,,,,,,,,,,,,,,,,,,,,,,,,18,1,female,49,2024-11-23_00h16.25.038,solo project,2024.2.1post4,59.94909125,2024-11-23 00h16.42.677037 +0530
,,26,26,0,,,,,,images/1032_food_lum.jpg,disgust,food,rattle,,,,,,,,,,,,,,,,,0,26,26,20,,,,,,,,,1110.551116,,,,,,,,,,,,,,,,,,,,,,1110.545504,1110.551116,1111.538218,1111.538218,1111.554475,1113.551875,1113.551875,1113.522225,,,,,,,,,,,,,,,,,,,,,,,,,,,,,,,,,,18,1,female,49,2024-11-23_00h16.25.038,solo project,2024.2.1post4,59.94909125,2024-11-23 00h16.42.677037 +0530
,,27,27,0,,,,,,images/1250_death neutral_lum.jpg,neutral,death,neurotic,,,,,,,,,,,,,,,,,0,27,27,14,,,,,,,,,1113.551875,,,,,,,,,,,,,,,,,,,,,,1113.546375,1113.551875,1114.538263,1114.538263,1114.55477,1116.551081,1116.551081,1116.522738,,,,,,,,,,,,,,,,,,,,,,,,,,,,,,,,,,18,1,female,49,2024-11-23_00h16.25.038,solo project,2024.2.1post4,59.94909125,2024-11-23 00h16.42.677037 +0530
,,28,28,0,,,,,,images/1271_hygiene_lum.jpg,disgust,hygeine,limber,,,,,,,,,,,,,,,,,0,28,28,10,,,,,,,,,1116.551081,,,,,,,,,,,,,,,,,,,,,,1116.547298,1116.551081,1117.537928,1117.537928,1117.554748,1119.552464,1119.552464,1119.521633,,,,,,,,,,,,,,,,,,,,,,,,,,,,,,,,,,18,1,female,49,2024-11-23_00h16.25.038,solo project,2024.2.1post4,59.94909125,2024-11-23 00h16.42.677037 +0530
,,29,29,0,,,,,,images/1202_death_lum.jpg,disgust,death,lantern,,,,,,,,,,,,,,,,,0,29,29,8,,,,,,,,,1119.552464,,,,,,,,,,,,,,,,,,,,,,1119.547048,1119.552464,1120.538506,1120.538506,1120.555232,1122.537662,1122.537662,1122.522696,,,,,,,,,,,,,,,,,,,,,,,,,,,,,,,,,,18,1,female,49,2024-11-23_00h16.25.038,solo project,2024.2.1post4,59.94909125,2024-11-23 00h16.42.677037 +0530
,,,,,,,,,,,,,,,,,,,,,,,,,,,,,,,,,,,,,,,,,,,,,,,,,,,,,,,,,,,,,,,,,,,,,,,,1122.522804,2.0051148,1130.105984,space,5.5615744,None,,,,,,,,,,,,,,,,,,,,,,,,,,,,18,1,female,49,2024-11-23_00h16.25.038,solo project,2024.2.1post4,59.94909125,2024-11-23 00h16.42.677037 +0530
,,0,0,0,,,,,,,neutral,body product,,reptile,old,1,8.8928286,,,,,,,,,,,,,,,,,0,0,0,21,,,,,1130.149666,,,,,,,,,,,,,,,,,,,,,,,,,,,,,,,,,,,,1130.135581,1130.149666,1130.149666,1139.043129,1,8.8928286,,,,,,,,,,,,,,,,,,,,,,18,1,female,49,2024-11-23_00h16.25.038,solo project,2024.2.1post4,59.94909125,2024-11-23 00h16.42.677037 +0530
,,1,1,0,,,,,,,None,None,,contents,new,2,9.3244535,,,,,,,,,,,,,,,,,0,1,1,32,,,,,1139.062749,,,,,,,,,,,,,,,,,,,,,,,,,,,,,,,,,,,,1139.052541,1139.062749,1139.062749,1148.393081,2,9.3244535,,,,,,,,,,,,,,,,,,,,,,18,1,female,49,2024-11-23_00h16.25.038,solo project,2024.2.1post4,59.94909125,2024-11-23 00h16.42.677037 +0530
,,2,2,0,,,,,,,None,None,,teacher,new,2,2.2943939,,,,,,,,,,,,,,,,,0,2,2,53,,,,,1148.409761,,,,,,,,,,,,,,,,,,,,,,,,,,,,,,,,,,,,1148.400115,1148.409761,1148.409761,1150.709504,2,2.2943939,,,,,,,,,,,,,,,,,,,,,,18,1,female,49,2024-11-23_00h16.25.038,solo project,2024.2.1post4,59.94909125,2024-11-23 00h16.42.677037 +0530
,,3,3,0,,,,,,,None,None,,concentrate,new,2,2.730213,,,,,,,,,,,,,,,,,0,3,3,31,,,,,1150.72511,,,,,,,,,,,,,,,,,,,,,,,,,,,,,,,,,,,,1150.713503,1150.72511,1150.72511,1153.459531,2,2.730213,,,,,,,,,,,,,,,,,,,,,,18,1,female,49,2024-11-23_00h16.25.038,solo project,2024.2.1post4,59.94909125,2024-11-23 00h16.42.677037 +0530
,,4,4,0,,,,,,,disgust,food,,rattle,old,1,3.6638103,,,,,,,,,,,,,,,,,0,4,4,20,,,,,1153.474605,,,,,,,,,,,,,,,,,,,,,,,,,,,,,,,,,,,,1153.463566,1153.474605,1153.474605,1157.142861,1,3.6638103,,,,,,,,,,,,,,,,,,,,,,18,1,female,49,2024-11-23_00h16.25.038,solo project,2024.2.1post4,59.94909125,2024-11-23 00h16.42.677037 +0530
,,5,5,0,,,,,,,neutral,animal,,lighthouse,old,2,3.827351,,,,,,,,,,,,,,,,,0,5,5,9,,,,,1157.161649,,,,,,,,,,,,,,,,,,,,,,,,,,,,,,,,,,,,1157.15062,1157.161649,1157.161649,1160.992527,2,3.827351,,,,,,,,,,,,,,,,,,,,,,18,1,female,49,2024-11-23_00h16.25.038,solo project,2024.2.1post4,59.94909125,2024-11-23 00h16.42.677037 +0530
,,6,6,0,,,,,,,None,None,,tease,new,2,2.6144627,,,,,,,,,,,,,,,,,0,6,6,54,,,,,1161.008279,,,,,,,,,,,,,,,,,,,,,,,,,,,,,,,,,,,,1160.996292,1161.008279,1161.008279,1163.626137,2,2.6144627,,,,,,,,,,,,,,,,,,,,,,18,1,female,49,2024-11-23_00h16.25.038,solo project,2024.2.1post4,59.94909125,2024-11-23 00h16.42.677037 +0530
,,7,7,0,,,,,,,disgust,animal,,serious,old,2,1.6474687,,,,,,,,,,,,,,,,,0,7,7,23,,,,,1163.641387,,,,,,,,,,,,,,,,,,,,,,,,,,,,,,,,,,,,1163.629546,1163.641387,1163.641387,1165.292292,2,1.6474687,,,,,,,,,,,,,,,,,,,,,,18,1,female,49,2024-11-23_00h16.25.038,solo project,2024.2.1post4,59.94909125,2024-11-23 00h16.42.677037 +0530
,,8,8,0,,,,,,,disgust,animal,,journal,old,1,4.1131905,,,,,,,,,,,,,,,,,0,8,8,7,,,,,1165.308048,,,,,,,,,,,,,,,,,,,,,,,,,,,,,,,,,,,,1165.297994,1165.308048,1165.308048,1169.425694,1,4.1131905,,,,,,,,,,,,,,,,,,,,,,18,1,female,49,2024-11-23_00h16.25.038,solo project,2024.2.1post4,59.94909125,2024-11-23 00h16.42.677037 +0530
,,9,9,0,,,,,,,None,None,,market,new,2,3.354478,,,,,,,,,,,,,,,,,0,9,9,41,,,,,1169.450242,,,,,,,,,,,,,,,,,,,,,,,,,,,,,,,,,,,,1169.43943,1169.450242,1169.450242,1172.809004,2,3.354478,,,,,,,,,,,,,,,,,,,,,,18,1,female,49,2024-11-23_00h16.25.038,solo project,2024.2.1post4,59.94909125,2024-11-23 00h16.42.677037 +0530
,,10,10,0,,,,,,,None,None,,watch,new,2,1.4783996,,,,,,,,,,,,,,,,,0,10,10,58,,,,,1172.826694,,,,,,,,,,,,,,,,,,,,,,,,,,,,,,,,,,,,1172.815397,1172.826694,1172.826694,1174.308976,2,1.4783996,,,,,,,,,,,,,,,,,,,,,,18,1,female,49,2024-11-23_00h16.25.038,solo project,2024.2.1post4,59.94909125,2024-11-23 00h16.42.677037 +0530
,,11,11,0,,,,,,,neutral,death,,wine,old,2,1.4814151,,,,,,,,,,,,,,,,,0,11,11,29,,,,,1174.324228,,,,,,,,,,,,,,,,,,,,,,,,,,,,,,,,,,,,1174.312235,1174.324228,1174.324228,1175.80924,2,1.4814151,,,,,,,,,,,,,,,,,,,,,,18,1,female,49,2024-11-23_00h16.25.038,solo project,2024.2.1post4,59.94909125,2024-11-23 00h16.42.677037 +0530
,,12,12,0,,,,,,,None,None,,lightbulb,new,2,8.2452971,,,,,,,,,,,,,,,,,0,12,12,40,,,,,1175.826104,,,,,,,,,,,,,,,,,,,,,,,,,,,,,,,,,,,,1175.815005,1175.826104,1175.826104,1184.075898,2,8.2452971,,,,,,,,,,,,,,,,,,,,,,18,1,female,49,2024-11-23_00h16.25.038,solo project,2024.2.1post4,59.94909125,2024-11-23 00h16.42.677037 +0530
,,13,13,0,,,,,,,None,None,,truck,new,2,1.4303557,,,,,,,,,,,,,,,,,0,13,13,56,,,,,1184.091141,,,,,,,,,,,,,,,,,,,,,,,,,,,,,,,,,,,,1184.079746,1184.091141,1184.091141,1185.525839,2,1.4303557,,,,,,,,,,,,,,,,,,,,,,18,1,female,49,2024-11-23_00h16.25.038,solo project,2024.2.1post4,59.94909125,2024-11-23 00h16.42.677037 +0530
,,14,14,0,,,,,,,None,None,,storm,new,2,1.2808788,,,,,,,,,,,,,,,,,0,14,14,52,,,,,1185.54083,,,,,,,,,,,,,,,,,,,,,,,,,,,,,,,,,,,,1185.529388,1185.54083,1185.54083,1186.825554,2,1.2808788,,,,,,,,,,,,,,,,,,,,,,18,1,female,49,2024-11-23_00h16.25.038,solo project,2024.2.1post4,59.94909125,2024-11-23 00h16.42.677037 +0530
,,15,15,0,,,,,,,disgust,death,,mischief,old,2,7.3609294,,,,,,,,,,,,,,,,,0,15,15,13,,,,,1186.842328,,,,,,,,,,,,,,,,,,,,,,,,,,,,,,,,,,,,1186.831769,1186.842328,1186.842328,1194.208846,2,7.3609294,,,,,,,,,,,,,,,,,,,,,,18,1,female,49,2024-11-23_00h16.25.038,solo project,2024.2.1post4,59.94909125,2024-11-23 00h16.42.677037 +0530
,,16,16,0,,,,,,,disgust,food,,stiff,old,2,1.9482272,,,,,,,,,,,,,,,,,0,16,16,25,,,,,1194.224429,,,,,,,,,,,,,,,,,,,,,,,,,,,,,,,,,,,,1194.21197,1194.224429,1194.224429,1196.175646,2,1.9482272,,,,,,,,,,,,,,,,,,,,,,18,1,female,49,2024-11-23_00h16.25.038,solo project,2024.2.1post4,59.94909125,2024-11-23 00h16.42.677037 +0530
,,17,17,0,,,,,,,None,None,,scissors,new,2,1.5145965,,,,,,,,,,,,,,,,,0,17,17,48,,,,,1196.191104,,,,,,,,,,,,,,,,,,,,,,,,,,,,,,,,,,,,1196.179065,1196.191104,1196.191104,1197.70865,2,1.5145965,,,,,,,,,,,,,,,,,,,,,,18,1,female,49,2024-11-23_00h16.25.038,solo project,2024.2.1post4,59.94909125,2024-11-23 00h16.42.677037 +0530
,,18,18,0,,,,,,,None,None,,clock,new,2,1.1976606,,,,,,,,,,,,,,,,,0,18,18,30,,,,,1197.724204,,,,,,,,,,,,,,,,,,,,,,,,,,,,,,,,,,,,1197.712444,1197.724204,1197.724204,1198.925802,2,1.1976606,,,,,,,,,,,,,,,,,,,,,,18,1,female,49,2024-11-23_00h16.25.038,solo project,2024.2.1post4,59.94909125,2024-11-23 00h16.42.677037 +0530
,,19,19,0,,,,,,,neutral,body product,,skeptical,old,1,3.8124061,,,,,,,,,,,,,,,,,0,19,19,24,,,,,1198.942573,,,,,,,,,,,,,,,,,,,,,,,,,,,,,,,,,,,,1198.931354,1198.942573,1198.942573,1202.758888,1,3.8124061,,,,,,,,,,,,,,,,,,,,,,18,1,female,49,2024-11-23_00h16.25.038,solo project,2024.2.1post4,59.94909125,2024-11-23 00h16.42.677037 +0530
,,20,20,0,,,,,,,disgust,hygeine,,limber,old,2,6.2467939,,,,,,,,,,,,,,,,,0,20,20,10,,,,,1202.774019,,,,,,,,,,,,,,,,,,,,,,,,,,,,,,,,,,,,1202.762388,1202.774019,1202.774019,1209.025137,2,6.2467939,,,,,,,,,,,,,,,,,,,,,,18,1,female,49,2024-11-23_00h16.25.038,solo project,2024.2.1post4,59.94909125,2024-11-23 00h16.42.677037 +0530
,,21,21,0,,,,,,,neutral,injury/infection,,village,old,1,3.4285781,,,,,,,,,,,,,,,,,0,21,21,28,,,,,1209.040568,,,,,,,,,,,,,,,,,,,,,,,,,,,,,,,,,,,,1209.031024,1209.040568,1209.040568,1212.474977,1,3.4285781,,,,,,,,,,,,,,,,,,,,,,18,1,female,49,2024-11-23_00h16.25.038,solo project,2024.2.1post4,59.94909125,2024-11-23 00h16.42.677037 +0530
,,22,22,0,,,,,,,None,None,,salute,new,2,3.9315223,,,,,,,,,,,,,,,,,0,22,22,47,,,,,1212.490806,,,,,,,,,,,,,,,,,,,,,,,,,,,,,,,,,,,,1212.478371,1212.490806,1212.490806,1216.425321,2,3.9315223,,,,,,,,,,,,,,,,,,,,,,18,1,female,49,2024-11-23_00h16.25.038,solo project,2024.2.1post4,59.94909125,2024-11-23 00h16.42.677037 +0530
,,23,23,0,,,,,,,None,None,,detail,new,2,1.8289537,,,,,,,,,,,,,,,,,0,23,23,33,,,,,1216.440701,,,,,,,,,,,,,,,,,,,,,,,,,,,,,,,,,,,,1216.43066,1216.440701,1216.440701,1218.274898,2,1.8289537,,,,,,,,,,,,,,,,,,,,,,18,1,female,49,2024-11-23_00h16.25.038,solo project,2024.2.1post4,59.94909125,2024-11-23 00h16.42.677037 +0530
,,24,24,0,,,,,,,None,None,,hawk,new,2,1.4644618,,,,,,,,,,,,,,,,,0,24,24,36,,,,,1218.290366,,,,,,,,,,,,,,,,,,,,,,,,,,,,,,,,,,,,1218.278371,1218.290366,1218.290366,1219.758327,2,1.4644618,,,,,,,,,,,,,,,,,,,,,,18,1,female,49,2024-11-23_00h16.25.038,solo project,2024.2.1post4,59.94909125,2024-11-23 00h16.42.677037 +0530
,,25,25,0,,,,,,,neutral,body product,,invest,old,2,4.3645385,,,,,,,,,,,,,,,,,0,25,25,6,,,,,1219.773781,,,,,,,,,,,,,,,,,,,,,,,,,,,,,,,,,,,,1219.762244,1219.773781,1219.773781,1224.141479,2,4.3645385,,,,,,,,,,,,,,,,,,,,,,18,1,female,49,2024-11-23_00h16.25.038,solo project,2024.2.1post4,59.94909125,2024-11-23 00h16.42.677037 +0530
,,26,26,0,,,,,,,disgust,food,,radiator,old,2,2.7310062,,,,,,,,,,,,,,,,,0,26,26,18,,,,,1224.15688,,,,,,,,,,,,,,,,,,,,,,,,,,,,,,,,,,,,1224.145222,1224.15688,1224.15688,1226.891939,2,2.7310062,,,,,,,,,,,,,,,,,,,,,,18,1,female,49,2024-11-23_00h16.25.038,solo project,2024.2.1post4,59.94909125,2024-11-23 00h16.42.677037 +0530
,,27,27,0,,,,,,,None,None,,fabric,new,2,1.3814274,,,,,,,,,,,,,,,,,0,27,27,34,,,,,1226.907809,,,,,,,,,,,,,,,,,,,,,,,,,,,,,,,,,,,,1226.895284,1226.907809,1226.907809,1228.291516,2,1.3814274,,,,,,,,,,,,,,,,,,,,,,18,1,female,49,2024-11-23_00h16.25.038,solo project,2024.2.1post4,59.94909125,2024-11-23 00h16.42.677037 +0530
,,28,28,0,,,,,,,neutral,injury/infection,,stove,old,2,1.8656373,,,,,,,,,,,,,,,,,0,28,28,26,,,,,1228.307204,,,,,,,,,,,,,,,,,,,,,,,,,,,,,,,,,,,,1228.294817,1228.307204,1228.307204,1230.175058,2,1.8656373,,,,,,,,,,,,,,,,,,,,,,18,1,female,49,2024-11-23_00h16.25.038,solo project,2024.2.1post4,59.94909125,2024-11-23 00h16.42.677037 +0530
,,29,29,0,,,,,,,None,None,,highway,new,2,1.4296595,,,,,,,,,,,,,,,,,0,29,29,37,,,,,1230.191783,,,,,,,,,,,,,,,,,,,,,,,,,,,,,,,,,,,,1230.180567,1230.191783,1230.191783,1231.624645,2,1.4296595,,,,,,,,,,,,,,,,,,,,,,18,1,female,49,2024-11-23_00h16.25.038,solo project,2024.2.1post4,59.94909125,2024-11-23 00h16.42.677037 +0530
,,30,30,0,,,,,,,neutral,food,,privacy,old,2,1.281212,,,,,,,,,,,,,,,,,0,30,30,17,,,,,1231.639986,,,,,,,,,,,,,,,,,,,,,,,,,,,,,,,,,,,,1231.628455,1231.639986,1231.639986,1232.924682,2,1.281212,,,,,,,,,,,,,,,,,,,,,,18,1,female,49,2024-11-23_00h16.25.038,solo project,2024.2.1post4,59.94909125,2024-11-23 00h16.42.677037 +0530
,,31,31,0,,,,,,,None,None,,repentant,new,1,4.7314281,,,,,,,,,,,,,,,,,0,31,31,45,,,,,1232.940256,,,,,,,,,,,,,,,,,,,,,,,,,,,,,,,,,,,,1232.92844,1232.940256,1232.940256,1237.674755,1,4.7314281,,,,,,,,,,,,,,,,,,,,,,18,1,female,49,2024-11-23_00h16.25.038,solo project,2024.2.1post4,59.94909125,2024-11-23 00h16.42.677037 +0530
,,32,32,0,,,,,,,neutral,food,,trumpet,old,2,4.5639434,,,,,,,,,,,,,,,,,0,32,32,27,,,,,1237.690382,,,,,,,,,,,,,,,,,,,,,,,,,,,,,,,,,,,,1237.678352,1237.690382,1237.690382,1242.257912,2,4.5639434,,,,,,,,,,,,,,,,,,,,,,18,1,female,49,2024-11-23_00h16.25.038,solo project,2024.2.1post4,59.94909125,2024-11-23 00h16.42.677037 +0530
,,33,33,0,,,,,,,neutral,food,,custom,old,2,1.6815077,,,,,,,,,,,,,,,,,0,33,33,1,,,,,1242.273572,,,,,,,,,,,,,,,,,,,,,,,,,,,,,,,,,,,,1242.261664,1242.273572,1242.273572,1243.959303,2,1.6815077,,,,,,,,,,,,,,,,,,,,,,18,1,female,49,2024-11-23_00h16.25.038,solo project,2024.2.1post4,59.94909125,2024-11-23 00h16.42.677037 +0530
,,34,34,0,,,,,,,disgust,body product,,reverent,old,2,3.1964895,,,,,,,,,,,,,,,,,0,34,34,22,,,,,1243.973834,,,,,,,,,,,,,,,,,,,,,,,,,,,,,,,,,,,,1243.963014,1243.973834,1243.973834,1247.174969,2,3.1964895,,,,,,,,,,,,,,,,,,,,,,18,1,female,49,2024-11-23_00h16.25.038,solo project,2024.2.1post4,59.94909125,2024-11-23 00h16.42.677037 +0530
,,35,35,0,,,,,,,None,None,,rough,new,2,1.6310381,,,,,,,,,,,,,,,,,0,35,35,46,,,,,1247.19006,,,,,,,,,,,,,,,,,,,,,,,,,,,,,,,,,,,,1247.178456,1247.19006,1247.19006,1248.824861,2,1.6310381,,,,,,,,,,,,,,,,,,,,,,18,1,female,49,2024-11-23_00h16.25.038,solo project,2024.2.1post4,59.94909125,2024-11-23 00h16.42.677037 +0530
,,36,36,0,,,,,,,disgust,body product,,material,old,1,3.0645548,,,,,,,,,,,,,,,,,0,36,36,12,,,,,1248.840273,,,,,,,,,,,,,,,,,,,,,,,,,,,,,,,,,,,,1248.82829,1248.840273,1248.840273,1251.907876,1,3.0645548,,,,,,,,,,,,,,,,,,,,,,18,1,female,49,2024-11-23_00h16.25.038,solo project,2024.2.1post4,59.94909125,2024-11-23 00h16.42.677037 +0530
,,37,37,0,,,,,,,disgust,death,,lantern,old,1,16.0980306,,,,,,,,,,,,,,,,,0,37,37,8,,,,,1251.923524,,,,,,,,,,,,,,,,,,,,,,,,,,,,,,,,,,,,1251.911156,1251.923524,1251.923524,1268.024678,1,16.0980306,,,,,,,,,,,,,,,,,,,,,,18,1,female,49,2024-11-23_00h16.25.038,solo project,2024.2.1post4,59.94909125,2024-11-23 00h16.42.677037 +0530
,,38,38,0,,,,,,,None,None,,poetry,new,2,4.0804719,,,,,,,,,,,,,,,,,0,38,38,44,,,,,1268.039496,,,,,,,,,,,,,,,,,,,,,,,,,,,,,,,,,,,,1268.027864,1268.039496,1268.039496,1272.124322,2,4.0804719,,,,,,,,,,,,,,,,,,,,,,18,1,female,49,2024-11-23_00h16.25.038,solo project,2024.2.1post4,59.94909125,2024-11-23 00h16.42.677037 +0530
,,39,39,0,,,,,,,disgust,body product,,passage,old,1,4.6810388,,,,,,,,,,,,,,,,,0,39,39,16,,,,,1272.139838,,,,,,,,,,,,,,,,,,,,,,,,,,,,,,,,,,,,1272.127831,1272.139838,1272.139838,1276.824246,1,4.6810388,,,,,,,,,,,,,,,,,,,,,,18,1,female,49,2024-11-23_00h16.25.038,solo project,2024.2.1post4,59.94909125,2024-11-23 00h16.42.677037 +0530
,,40,40,0,,,,,,,None,None,,lawn,new,2,2.731381,,,,,,,,,,,,,,,,,0,40,40,39,,,,,1276.840228,,,,,,,,,,,,,,,,,,,,,,,,,,,,,,,,,,,,1276.827961,1276.840228,1276.840228,1279.574102,2,2.731381,,,,,,,,,,,,,,,,,,,,,,18,1,female,49,2024-11-23_00h16.25.038,solo project,2024.2.1post4,59.94909125,2024-11-23 00h16.42.677037 +0530
,,41,41,0,,,,,,,neutral,hygeine,,hard,old,2,1.7814938,,,,,,,,,,,,,,,,,0,41,41,5,,,,,1279.589636,,,,,,,,,,,,,,,,,,,,,,,,,,,,,,,,,,,,1279.577385,1279.589636,1279.589636,1281.374388,2,1.7814938,,,,,,,,,,,,,,,,,,,,,,18,1,female,49,2024-11-23_00h16.25.038,solo project,2024.2.1post4,59.94909125,2024-11-23 00h16.42.677037 +0530
,,42,42,0,,,,,,,None,None,,whistle,new,2,3.3475786,,,,,,,,,,,,,,,,,0,42,42,59,,,,,1281.390033,,,,,,,,,,,,,,,,,,,,,,,,,,,,,,,,,,,,1281.378078,1281.390033,1281.390033,1284.741007,2,3.3475786,,,,,,,,,,,,,,,,,,,,,,18,1,female,49,2024-11-23_00h16.25.038,solo project,2024.2.1post4,59.94909125,2024-11-23 00h16.42.677037 +0530
,,43,43,0,,,,,,,None,None,,theory,new,2,5.2981665,,,,,,,,,,,,,,,,,0,43,43,55,,,,,1284.756518,,,,,,,,,,,,,,,,,,,,,,,,,,,,,,,,,,,,1284.74441,1284.756518,1284.756518,1290.057213,2,5.2981665,,,,,,,,,,,,,,,,,,,,,,18,1,female,49,2024-11-23_00h16.25.038,solo project,2024.2.1post4,59.94909125,2024-11-23 00h16.42.677037 +0530
,,44,44,0,,,,,,,None,None,,industry,new,2,3.6142219,,,,,,,,,,,,,,,,,0,44,44,38,,,,,1290.072881,,,,,,,,,,,,,,,,,,,,,,,,,,,,,,,,,,,,1290.061278,1290.072881,1290.072881,1293.690522,2,3.6142219,,,,,,,,,,,,,,,,,,,,,,18,1,female,49,2024-11-23_00h16.25.038,solo project,2024.2.1post4,59.94909125,2024-11-23 00h16.42.677037 +0530
,,45,45,0,,,,,,,neutral,death,,neurotic,old,2,5.3313675,,,,,,,,,,,,,,,,,0,45,45,14,,,,,1293.706263,,,,,,,,,,,,,,,,,,,,,,,,,,,,,,,,,,,,1293.693907,1293.706263,1293.706263,1299.040753,2,5.3313675,,,,,,,,,,,,,,,,,,,,,,18,1,female,49,2024-11-23_00h16.25.038,solo project,2024.2.1post4,59.94909125,2024-11-23 00h16.42.677037 +0530
,,46,46,0,,,,,,,disgust,animal,,ennui,old,1,3.8149595,,,,,,,,,,,,,,,,,0,46,46,3,,,,,1299.056043,,,,,,,,,,,,,,,,,,,,,,,,,,,,,,,,,,,,1299.043899,1299.056043,1299.056043,1302.873676,1,3.8149595,,,,,,,,,,,,,,,,,,,,,,18,1,female,49,2024-11-23_00h16.25.038,solo project,2024.2.1post4,59.94909125,2024-11-23 00h16.42.677037 +0530
,,47,47,0,,,,,,,disgust,hygeine,,manner,old,1,1.3815484,,,,,,,,,,,,,,,,,0,47,47,11,,,,,1302.889525,,,,,,,,,,,,,,,,,,,,,,,,,,,,,,,,,,,,1302.877173,1302.889525,1302.889525,1304.273864,1,1.3815484,,,,,,,,,,,,,,,,,,,,,,18,1,female,49,2024-11-23_00h16.25.038,solo project,2024.2.1post4,59.94909125,2024-11-23 00h16.42.677037 +0530
,,48,48,0,,,,,,,neutral,hygeine,,rancid,old,1,5.6648917,,,,,,,,,,,,,,,,,0,48,48,19,,,,,1304.289389,,,,,,,,,,,,,,,,,,,,,,,,,,,,,,,,,,,,1304.277227,1304.289389,1304.289389,1309.957271,1,5.6648917,,,,,,,,,,,,,,,,,,,,,,18,1,female,49,2024-11-23_00h16.25.038,solo project,2024.2.1post4,59.94909125,2024-11-23 00h16.42.677037 +0530
,,49,49,0,,,,,,,None,None,,hand,new,2,11.964411,,,,,,,,,,,,,,,,,0,49,49,35,,,,,1309.972641,,,,,,,,,,,,,,,,,,,,,,,,,,,,,,,,,,,,1309.960329,1309.972641,1309.972641,1321.940798,2,11.964411,,,,,,,,,,,,,,,,,,,,,,18,1,female,49,2024-11-23_00h16.25.038,solo project,2024.2.1post4,59.94909125,2024-11-23 00h16.42.677037 +0530
,,50,50,0,,,,,,,disgust,injury/infection,,glacier,old,2,8.8636284,,,,,,,,,,,,,,,,,0,50,50,4,,,,,1321.955489,,,,,,,,,,,,,,,,,,,,,,,,,,,,,,,,,,,,1321.944377,1321.955489,1321.955489,1330.824163,2,8.8636284,,,,,,,,,,,,,,,,,,,,,,18,1,female,49,2024-11-23_00h16.25.038,solo project,2024.2.1post4,59.94909125,2024-11-23 00h16.42.677037 +0530
,,51,51,0,,,,,,,None,None,,sentiment,new,2,6.4471527,,,,,,,,,,,,,,,,,0,51,51,49,,,,,1330.838841,,,,,,,,,,,,,,,,,,,,,,,,,,,,,,,,,,,,1330.827865,1330.838841,1330.838841,1337.289884,2,6.4471527,,,,,,,,,,,,,,,,,,,,,,18,1,female,49,2024-11-23_00h16.25.038,solo project,2024.2.1post4,59.94909125,2024-11-23 00h16.42.677037 +0530
,,52,52,0,,,,,,,None,None,,paint,new,2,2.7146608,,,,,,,,,,,,,,,,,0,52,52,43,,,,,1337.305667,,,,,,,,,,,,,,,,,,,,,,,,,,,,,,,,,,,,1337.293269,1337.305667,1337.305667,1340.023153,2,2.7146608,,,,,,,,,,,,,,,,,,,,,,18,1,female,49,2024-11-23_00h16.25.038,solo project,2024.2.1post4,59.94909125,2024-11-23 00h16.42.677037 +0530
,,53,53,0,,,,,,,None,None,,trunk,new,1,7.7307094,,,,,,,,,,,,,,,,,0,53,53,57,,,,,1340.038542,,,,,,,,,,,,,,,,,,,,,,,,,,,,,,,,,,,,1340.026658,1340.038542,1340.038542,1347.77348,1,7.7307094,,,,,,,,,,,,,,,,,,,,,,18,1,female,49,2024-11-23_00h16.25.038,solo project,2024.2.1post4,59.94909125,2024-11-23 00h16.42.677037 +0530
,,54,54,0,,,,,,,disgust,injury/infection,,elevator,old,1,4.0478268,,,,,,,,,,,,,,,,,0,54,54,2,,,,,1347.789071,,,,,,,,,,,,,,,,,,,,,,,,,,,,,,,,,,,,1347.777387,1347.789071,1347.789071,1351.840208,1,4.0478268,,,,,,,,,,,,,,,,,,,,,,18,1,female,49,2024-11-23_00h16.25.038,solo project,2024.2.1post4,59.94909125,2024-11-23 00h16.42.677037 +0530
,,55,55,0,,,,,,,None,None,,medicine,new,1,3.2965835,,,,,,,,,,,,,,,,,0,55,55,42,,,,,1351.855193,,,,,,,,,,,,,,,,,,,,,,,,,,,,,,,,,,,,1351.843978,1351.855193,1351.855193,1355.156794,1,3.2965835,,,,,,,,,,,,,,,,,,,,,,18,1,female,49,2024-11-23_00h16.25.038,solo project,2024.2.1post4,59.94909125,2024-11-23 00h16.42.677037 +0530
,,56,56,0,,,,,,,None,None,,shadow,new,1,11.2803727,,,,,,,,,,,,,,,,,0,56,56,50,,,,,1355.171844,,,,,,,,,,,,,,,,,,,,,,,,,,,,,,,,,,,,1355.160552,1355.171844,1355.171844,1366.456492,1,11.2803727,,,,,,,,,,,,,,,,,,,,,,18,1,female,49,2024-11-23_00h16.25.038,solo project,2024.2.1post4,59.94909125,2024-11-23 00h16.42.677037 +0530
,,57,57,0,,,,,,,neutral,animal,,coast,old,2,5.1478104,,,,,,,,,,,,,,,,,0,57,57,0,,,,,1366.472344,,,,,,,,,,,,,,,,,,,,,,,,,,,,,,,,,,,,1366.459917,1366.472344,1366.472344,1371.623184,2,5.1478104,,,,,,,,,,,,,,,,,,,,,,18,1,female,49,2024-11-23_00h16.25.038,solo project,2024.2.1post4,59.94909125,2024-11-23 00h16.42.677037 +0530
,,58,58,0,,,,,,,None,None,,skyscraper,new,1,11.2469254,,,,,,,,,,,,,,,,,0,58,58,51,,,,,1371.638344,,,,,,,,,,,,,,,,,,,,,,,,,,,,,,,,,,,,1371.627169,1371.638344,1371.638344,1382.889563,1,11.2469254,,,,,,,,,,,,,,,,,,,,,,18,1,female,49,2024-11-23_00h16.25.038,solo project,2024.2.1post4,59.94909125,2024-11-23 00h16.42.677037 +0530
,,59,59,0,,,,,,,neutral,animal,,nursery,old,2,4.5142974,,,,,,,,,,,,,,,,,0,59,59,15,,,,,1382.904626,,,,,,,,,,,,,,,,,,,,,,,,,,,,,,,,,,,,1382.893276,1382.904626,1382.904626,1387.422836,2,4.5142974,,,,,,,,,,,,,,,,,,,,,,18,1,female,49,2024-11-23_00h16.25.038,solo project,2024.2.1post4,59.94909125,2024-11-23 00h16.42.677037 +0530
,,,,,,,,,,,,,,,,,,,,,,,,,,,,,,,,,,,,,,,,,,,,,,,,,,,,,,,,,,,,,,,,,,,,,,,,,,,,,,,,,,,,1387.423775,1395.67388,1,[8.23408309998922],[8.23409130005166],,,,,,,,,,,,,,,,,18,1,female,49,2024-11-23_00h16.25.038,solo project,2024.2.1post4,59.94909125,2024-11-23 00h16.42.677037 +0530
,,,,,,,,,,,,,,,,,,,,,,,,,,,,,,,,,,,,,,,,,,,,,,,,,,,,,,,,,,,,,,,,,,,,,,,,,,,,,,,,,,,,,,,,,1395.674009,1398.189291,space,2.4995687,None,,,,,,,,,,,,18,1,female,49,2024-11-23_00h16.25.038,solo project,2024.2.1post4,59.94909125,2024-11-23 00h16.42.677037 +0530
,,,,,,,,,,,,,,,,,,,,,,,,,,,,,,,,,,,,,,,,,,,,,,,,,,,,,,,,,,,,,,,,,,,,,,,,,,,,,,,,,,,,,,,,,,,,,,1398.189359,1400.022802,space,1.8166292,None,,,,,,,18,1,female,49,2024-11-23_00h16.25.038,solo project,2024.2.1post4,59.94909125,2024-11-23 00h16.42.677037 +0530
,,0,0,0,,,,,,,,,,,,,,1,Telephoning in public,1,3,,,,,,,,,,,,,,,,,0,0,0,0,1400.071655,,,,,,,,,,,,,,,,,,,,,,,,,,,,,,,,,,,,,,,,,,,,,,,,,,,,,,,,,1400.037549,1400.071655,1400.071655,1465.059882,1,3,18,1,female,49,2024-11-23_00h16.25.038,solo project,2024.2.1post4,59.94909125,2024-11-23 00h16.42.677037 +0530
,,1,1,0,,,,,,,,,,,,,,2,Participating in small groups,2,3,,,,,,,,,,,,,,,,,0,1,1,1,1465.08229,,,,,,,,,,,,,,,,,,,,,,,,,,,,,,,,,,,,,,,,,,,,,,,,,,,,,,,,,1465.065036,1465.08229,1465.08229,1522.865607,2,3,18,1,female,49,2024-11-23_00h16.25.038,solo project,2024.2.1post4,59.94909125,2024-11-23 00h16.42.677037 +0530
,,2,2,0,,,,,,,,,,,,,,3,Eating in public places,0,0,,,,,,,,,,,,,,,,,0,2,2,2,1522.887642,,,,,,,,,,,,,,,,,,,,,,,,,,,,,,,,,,,,,,,,,,,,,,,,,,,,,,,,,1522.870034,1522.887642,1522.887642,1540.941129,0,0,18,1,female,49,2024-11-23_00h16.25.038,solo project,2024.2.1post4,59.94909125,2024-11-23 00h16.42.677037 +0530
,,3,3,0,,,,,,,,,,,,,,4,Drinking with others in public places,1,3,,,,,,,,,,,,,,,,,0,3,3,3,1540.968105,,,,,,,,,,,,,,,,,,,,,,,,,,,,,,,,,,,,,,,,,,,,,,,,,,,,,,,,,1540.947534,1540.968105,1540.968105,1581.519556,1,3,18,1,female,49,2024-11-23_00h16.25.038,solo project,2024.2.1post4,59.94909125,2024-11-23 00h16.42.677037 +0530
,,4,4,0,,,,,,,,,,,,,,5,Talking to people in authority,1,2,,,,,,,,,,,,,,,,,0,4,4,4,1581.541288,,,,,,,,,,,,,,,,,,,,,,,,,,,,,,,,,,,,,,,,,,,,,,,,,,,,,,,,,1581.52301,1581.541288,1581.541288,1622.959316,1,2,18,1,female,49,2024-11-23_00h16.25.038,solo project,2024.2.1post4,59.94909125,2024-11-23 00h16.42.677037 +0530
,,5,5,0,,,,,,,,,,,,,,6,"Acting, performing, or giving a talk in front of an audience",1,3,,,,,,,,,,,,,,,,,0,5,5,5,1622.980632,,,,,,,,,,,,,,,,,,,,,,,,,,,,,,,,,,,,,,,,,,,,,,,,,,,,,,,,,1622.964156,1622.980632,1622.980632,1643.816966,1,3,18,1,female,49,2024-11-23_00h16.25.038,solo project,2024.2.1post4,59.94909125,2024-11-23 00h16.42.677037 +0530
,,6,6,0,,,,,,,,,,,,,,7,Going to a party,2,1,,,,,,,,,,,,,,,,,0,6,6,6,1643.840436,,,,,,,,,,,,,,,,,,,,,,,,,,,,,,,,,,,,,,,,,,,,,,,,,,,,,,,,,1643.822252,1643.840436,1643.840436,1657.047849,2,1,18,1,female,49,2024-11-23_00h16.25.038,solo project,2024.2.1post4,59.94909125,2024-11-23 00h16.42.677037 +0530
,,7,7,0,,,,,,,,,,,,,,8,Working while being observed,1,1,,,,,,,,,,,,,,,,,0,7,7,7,1657.07129,,,,,,,,,,,,,,,,,,,,,,,,,,,,,,,,,,,,,,,,,,,,,,,,,,,,,,,,,1657.051996,1657.07129,1657.07129,1661.765465,None,1,18,1,female,49,2024-11-23_00h16.25.038,solo project,2024.2.1post4,59.94909125,2024-11-23 00h16.42.677037 +0530
,,8,8,0,,,,,,,,,,,,,,9,Writing while being observed,1,1,,,,,,,,,,,,,,,,,0,8,8,8,1661.787237,,,,,,,,,,,,,,,,,,,,,,,,,,,,,,,,,,,,,,,,,,,,,,,,,,,,,,,,,1661.770192,1661.787237,1661.787237,1679.577588,1,1,18,1,female,49,2024-11-23_00h16.25.038,solo project,2024.2.1post4,59.94909125,2024-11-23 00h16.42.677037 +0530
,,9,9,0,,,,,,,,,,,,,,10,Calling someone you don't know very well,3,2,,,,,,,,,,,,,,,,,0,9,9,9,1679.600953,,,,,,,,,,,,,,,,,,,,,,,,,,,,,,,,,,,,,,,,,,,,,,,,,,,,,,,,,1679.583182,1679.600953,1679.600953,1687.101292,None,2,18,1,female,49,2024-11-23_00h16.25.038,solo project,2024.2.1post4,59.94909125,2024-11-23 00h16.42.677037 +0530
,,10,10,0,,,,,,,,,,,,,,11,Talking with people you don't know very well,1,2,,,,,,,,,,,,,,,,,0,10,10,10,1687.122411,,,,,,,,,,,,,,,,,,,,,,,,,,,,,,,,,,,,,,,,,,,,,,,,,,,,,,,,,1687.1051,1687.122411,1687.122411,1710.608755,1,2,18,1,female,49,2024-11-23_00h16.25.038,solo project,2024.2.1post4,59.94909125,2024-11-23 00h16.42.677037 +0530
,,11,11,0,,,,,,,,,,,,,,12,Meeting strangers,0,3,,,,,,,,,,,,,,,,,0,11,11,11,1710.632985,,,,,,,,,,,,,,,,,,,,,,,,,,,,,,,,,,,,,,,,,,,,,,,,,,,,,,,,,1710.613329,1710.632985,1710.632985,1733.483196,0,3,18,1,female,49,2024-11-23_00h16.25.038,solo project,2024.2.1post4,59.94909125,2024-11-23 00h16.42.677037 +0530
,,12,12,0,,,,,,,,,,,,,,13,Urinating in a public bathroom,1,1,,,,,,,,,,,,,,,,,0,12,12,12,1733.504983,,,,,,,,,,,,,,,,,,,,,,,,,,,,,,,,,,,,,,,,,,,,,,,,,,,,,,,,,1733.488276,1733.504983,1733.504983,1757.795469,1,1,18,1,female,49,2024-11-23_00h16.25.038,solo project,2024.2.1post4,59.94909125,2024-11-23 00h16.42.677037 +0530
,,13,13,0,,,,,,,,,,,,,,14,Entering a room when others are already seated,0,0,,,,,,,,,,,,,,,,,0,13,13,13,1757.815993,,,,,,,,,,,,,,,,,,,,,,,,,,,,,,,,,,,,,,,,,,,,,,,,,,,,,,,,,1757.799395,1757.815993,1757.815993,1796.330553,0,0,18,1,female,49,2024-11-23_00h16.25.038,solo project,2024.2.1post4,59.94909125,2024-11-23 00h16.42.677037 +0530
,,14,14,0,,,,,,,,,,,,,,15,Being the center of attention,2,3,,,,,,,,,,,,,,,,,0,14,14,14,1796.352985,,,,,,,,,,,,,,,,,,,,,,,,,,,,,,,,,,,,,,,,,,,,,,,,,,,,,,,,,1796.335399,1796.352985,1796.352985,1824.035853,2,3,18,1,female,49,2024-11-23_00h16.25.038,solo project,2024.2.1post4,59.94909125,2024-11-23 00h16.42.677037 +0530
,,15,15,0,,,,,,,,,,,,,,16,Speaking up at a meeting,1,2,,,,,,,,,,,,,,,,,0,15,15,15,1824.057489,,,,,,,,,,,,,,,,,,,,,,,,,,,,,,,,,,,,,,,,,,,,,,,,,,,,,,,,,1824.039913,1824.057489,1824.057489,1850.07074,1,2,18,1,female,49,2024-11-23_00h16.25.038,solo project,2024.2.1post4,59.94909125,2024-11-23 00h16.42.677037 +0530
,,16,16,0,,,,,,,,,,,,,,17,Taking a test,1,1,,,,,,,,,,,,,,,,,0,16,16,16,1850.092615,,,,,,,,,,,,,,,,,,,,,,,,,,,,,,,,,,,,,,,,,,,,,,,,,,,,,,,,,1850.07405,1850.092615,1850.092615,1854.655417,1,1,18,1,female,49,2024-11-23_00h16.25.038,solo project,2024.2.1post4,59.94909125,2024-11-23 00h16.42.677037 +0530
,,17,17,0,,,,,,,,,,,,,,18,Expressing a disagreement or disapproval to people you don’t know very well,2,2,,,,,,,,,,,,,,,,,0,17,17,17,1854.687102,,,,,,,,,,,,,,,,,,,,,,,,,,,,,,,,,,,,,,,,,,,,,,,,,,,,,,,,,1854.669532,1854.687102,1854.687102,1860.392179,2,2,18,1,female,49,2024-11-23_00h16.25.038,solo project,2024.2.1post4,59.94909125,2024-11-23 00h16.42.677037 +0530
,,18,18,0,,,,,,,,,,,,,,19,Looking at people you don't know very well in the eyes,1,1,,,,,,,,,,,,,,,,,0,18,18,18,1860.416627,,,,,,,,,,,,,,,,,,,,,,,,,,,,,,,,,,,,,,,,,,,,,,,,,,,,,,,,,1860.398158,1860.416627,1860.416627,1864.583211,1,1,18,1,female,49,2024-11-23_00h16.25.038,solo project,2024.2.1post4,59.94909125,2024-11-23 00h16.42.677037 +0530
,,19,19,0,,,,,,,,,,,,,,20,Giving a report to a group,0,1,,,,,,,,,,,,,,,,,0,19,19,19,1864.605412,,,,,,,,,,,,,,,,,,,,,,,,,,,,,,,,,,,,,,,,,,,,,,,,,,,,,,,,,1864.586486,1864.605412,1864.605412,1868.394573,0,1,18,1,female,49,2024-11-23_00h16.25.038,solo project,2024.2.1post4,59.94909125,2024-11-23 00h16.42.677037 +0530
,,20,20,0,,,,,,,,,,,,,,21,Trying to pick up someone,1,0,,,,,,,,,,,,,,,,,0,20,20,20,1868.416444,,,,,,,,,,,,,,,,,,,,,,,,,,,,,,,,,,,,,,,,,,,,,,,,,,,,,,,,,1868.398651,1868.416444,1868.416444,1874.329759,1,0,18,1,female,49,2024-11-23_00h16.25.038,solo project,2024.2.1post4,59.94909125,2024-11-23 00h16.42.677037 +0530
,,21,21,0,,,,,,,,,,,,,,22,Returning goods to a store,0,0,,,,,,,,,,,,,,,,,0,21,21,21,1874.350742,,,,,,,,,,,,,,,,,,,,,,,,,,,,,,,,,,,,,,,,,,,,,,,,,,,,,,,,,1874.334258,1874.350742,1874.350742,1877.739114,0,0,18,1,female,49,2024-11-23_00h16.25.038,solo project,2024.2.1post4,59.94909125,2024-11-23 00h16.42.677037 +0530
,,22,22,0,,,,,,,,,,,,,,23,Giving a party,1,0,,,,,,,,,,,,,,,,,0,22,22,22,1877.758514,,,,,,,,,,,,,,,,,,,,,,,,,,,,,,,,,,,,,,,,,,,,,,,,,,,,,,,,,1877.742194,1877.758514,1877.758514,1883.853433,1,0,18,1,female,49,2024-11-23_00h16.25.038,solo project,2024.2.1post4,59.94909125,2024-11-23 00h16.42.677037 +0530
,,23,23,0,,,,,,,,,,,,,,24,Resisting a high pressure salesperson,0,1,,,,,,,,,,,,,,,,,0,23,23,23,1883.874991,,,,,,,,,,,,,,,,,,,,,,,,,,,,,,,,,,,,,,,,,,,,,,,,,,,,,,,,,1883.857252,1883.874991,1883.874991,1888.132442,0,1,18,1,female,49,2024-11-23_00h16.25.038,solo project,2024.2.1post4,59.94909125,2024-11-23 00h16.42.677037 +0530
